Index,demand
0,0.050017156
1,0.045914326
2,0.021138169
3,0.06343929
4,0.12303007
5,0.0104277
6,0.019493096
7,0.3529368
8,0.013510242
9,0.07701932
10,0.049175818
11,0.24369495
12,0.1249185
13,0.057350982
14,0.18418288
15,0.11990993
16,0.18970494
17,0.025821129
18,0.08534491
19,0.062338192
20,0.010864648
21,0.042167526
22,0.13966651
23,0.04375615
24,0.38997024
25,0.23885334
26,0.031811755
27,0.06371901
28,0.08665512
29,0.009903406
30,0.006489621
31,0.042182624
32,0.0064573996
33,0.12549894
34,0.15210411
35,0.44877204
36,0.09934139
37,0.0073640486
38,0.10628345
39,0.12973504
40,0.009052306
41,0.03821609
42,0.001349373
43,0.029215822
44,0.012127402
45,0.06308027
46,0.08980055
47,0.2731797
48,0.10130491
49,0.1689612
50,0.25821903
51,0.06531153
52,0.01886886
53,0.26595443
54,0.0012805907
55,0.05749177
56,0.12671538
57,0.011166992
58,0.04743352
59,0.021258255
60,0.0034023982
61,0.061449986
62,0.07941999
63,0.047908943
64,0.041515987
65,0.2980285
66,0.039903242
67,0.020684455
68,0.050597876
69,0.057491668
70,0.0047740154
71,0.0374574
72,0.005313948
73,0.011158762
74,0.094803646
75,0.027338233
76,0.047032658
77,0.104955174
78,0.22122853
79,0.1422718
80,0.021686077
81,0.004991458
82,0.013101434
83,0.044006545
84,0.031145215
85,0.07797299
86,0.1857547
87,0.27351198
88,0.07687193
89,0.007028962
90,0.03529819
91,0.106670395
92,0.083928846
93,0.14310218
94,0.24023446
95,0.012369333
96,0.0016693098
97,0.011970276
98,0.008198021
99,0.0065087765
100,0.0651613
101,0.04951014
102,0.03369596
103,0.15538757
104,0.06939516
105,0.07659462
106,0.009048673
107,0.09132674
108,0.41754502
109,0.045120794
110,0.017802645
111,0.0029142622
112,0.040089697
113,0.012366996
114,0.0022265145
115,0.13997026
116,0.18060942
117,0.1856072
118,0.15750077
119,0.06038747
120,0.0016436325
121,0.0258838
122,0.039495844
123,0.051366366
124,0.007884314
125,0.022991873
126,0.014229718
127,0.12885734
128,0.011405824
129,0.03543351
130,0.031115785
131,0.004760925
132,0.024722716
133,0.016328953
134,0.06089305
135,0.034366433
136,0.07057553
137,0.1081268
138,0.17976508
139,0.03965779
140,0.044454023
141,0.092043415
142,0.108078495
143,0.004990003
144,0.1630936
145,0.042184837
146,0.001123614
147,0.02982824
148,0.081588365
149,0.009454206
150,0.006369802
151,0.028747046
152,0.03758937
153,0.06670822
154,0.09972019
155,0.047291815
156,0.12044082
157,0.06810952
158,0.033578396
159,0.0016694277
160,0.028217196
161,0.05528624
162,0.054384865
163,0.012998762
164,0.43665272
165,0.18697383
166,0.050849896
167,0.16467825
168,0.08787504
169,0.08524875
170,0.0032847307
171,0.050386257
172,0.006520608
173,0.022366945
174,0.014168285
175,0.025284063
176,0.041197076
177,0.044117518
178,0.049865887
179,0.05460004
180,0.07654443
181,0.10249289
182,0.21088798
183,0.022426592
184,0.00558773
185,0.07092718
186,0.01527332
187,0.07252386
188,0.0070248074
189,0.009460784
190,0.024495479
191,0.1889449
192,0.04027293
193,0.14307575
194,0.05710129
195,0.09087749
196,0.009480728
197,0.012151203
198,0.118502185
199,0.056424074
200,0.08047266
201,0.04478993
202,0.007917423
203,0.054284774
204,0.0023634848
205,0.0388145
206,0.05961308
207,0.11645435
208,0.11684936
209,0.13578835
210,0.06794683
211,0.05124868
212,0.010772711
213,0.08489553
214,0.055995446
215,0.008981532
216,0.013846921
217,0.11288893
218,0.09770338
219,0.03125668
220,0.04846769
221,0.015928403
222,0.00749124
223,0.07390601
224,0.13599513
225,0.05232498
226,0.08786827
227,0.006008369
228,0.025273258
229,0.007062563
230,0.032890383
231,0.034462724
232,0.05611501
233,0.11185142
234,0.21350053
235,0.080353536
236,0.0905427
237,0.05129084
238,0.02486964
239,0.07956465
240,0.090839125
241,0.068872556
242,0.02282592
243,0.24140462
244,0.05560673
245,0.13810003
246,0.050073087
247,0.14892757
248,0.014702687
249,0.059983104
250,0.007926569
251,0.016620422
252,0.04249041
253,0.0042937486
254,0.06939174
255,0.0492756
256,0.03772995
257,0.08370392
258,0.34062812
259,0.0447466
260,0.0016397113
261,0.16303505
262,0.05414465
263,0.25550824
264,0.14606248
265,0.08040009
266,0.013913693
267,0.054856747
268,0.0057626935
269,0.08076477
270,0.19031653
271,0.07163124
272,0.24258503
273,0.1672266
274,0.08581592
275,0.0033060308
276,0.022729278
277,0.041214243
278,0.06876247
279,0.0038134027
280,0.11351822
281,0.14787886
282,0.06631509
283,0.028499957
284,0.006341677
285,0.1134581
286,0.16623175
287,0.17878574
288,0.07912283
289,0.07641171
290,0.018753044
291,0.0063683316
292,0.39916825
293,0.036461595
294,0.0314809
295,0.19236104
296,0.23969197
297,0.01652394
298,0.0032093455
299,0.034699023
300,0.04155143
301,0.0965088
302,0.13394722
303,0.07274117
304,0.073275566
305,0.15625319
306,0.15964319
307,0.13603231
308,0.20222087
309,0.24676433
310,0.071466856
311,0.010945396
312,0.05856192
313,0.098149434
314,0.018379854
315,0.2716964
316,0.7516986
317,0.06934182
318,0.053548507
319,0.30009642
320,0.0034712255
321,0.03331874
322,0.2322795
323,0.028560916
324,0.044741265
325,0.055440433
326,0.012056197
327,0.009580905
328,0.08320111
329,0.023657281
330,0.049950838
331,0.12838078
332,0.137073
333,0.22520313
334,0.1812827
335,0.14954667
336,0.031478386
337,0.19817229
338,0.12311554
339,0.13488401
340,0.59981287
341,0.28228396
342,0.33671594
343,0.016140968
344,0.19134623
345,0.060310103
346,0.047566455
347,0.01055299
348,0.010867396
349,0.066810414
350,0.0098226415
351,0.008642398
352,0.041260794
353,0.04106494
354,0.07735648
355,0.10830647
356,0.068553455
357,0.08774996
358,0.13465673
359,0.078120686
360,0.050111365
361,0.1335161
362,0.17328042
363,0.007701994
364,0.03184948
365,0.5833211
366,0.7728078
367,0.2937498
368,0.006996994
369,0.034549594
370,0.009972545
371,0.016821325
372,0.26820102
373,0.024372663
374,0.044012528
375,0.11701004
376,0.023593727
377,0.03758008
378,0.056931328
379,0.020848647
380,0.0013512549
381,0.11462911
382,0.010894259
383,0.008219168
384,0.06955014
385,0.14444503
386,0.083914824
387,0.052082468
388,0.06260582
389,0.019762611
390,0.005092498
391,0.1256437
392,0.078624986
393,0.07060625
394,0.5497914
395,0.897748
396,0.3252465
397,0.056814093
398,0.04600298
399,0.04900573
400,0.13961115
401,0.23549731
402,0.0029443693
403,0.095731586
404,0.013912301
405,0.009702336
406,0.07409633
407,0.14086923
408,0.06062333
409,0.2714755
410,0.12733218
411,0.109686196
412,0.117302164
413,0.11243013
414,0.058354348
415,0.1110235
416,0.010499078
417,0.0060543036
418,0.051192176
419,0.13739556
420,0.12452936
421,0.060156357
422,0.052813523
423,0.036553968
424,0.8783414
425,0.990664
426,0.99430764
427,0.09953448
428,0.039133698
429,0.16823085
430,0.1322113
431,0.055599373
432,0.0072048316
433,0.008061676
434,0.006405366
435,0.037045773
436,0.07731529
437,0.021496538
438,0.17123012
439,0.30616254
440,0.07085736
441,0.110046685
442,0.13167197
443,0.20645168
444,0.08585216
445,0.10899812
446,0.0723957
447,0.042437978
448,0.09663575
449,0.12277327
450,0.12196571
451,0.05093155
452,0.009364119
453,0.33661747
454,0.39565873
455,0.13327317
456,0.048507046
457,0.018300315
458,0.11291997
459,0.03952101
460,0.26896605
461,0.006011203
462,0.025609594
463,0.025140157
464,0.030830264
465,0.015088687
466,0.04200197
467,0.03919815
468,0.13796426
469,0.4050366
470,0.17901006
471,0.19109009
472,0.11773908
473,0.1828235
474,0.18194312
475,0.2738157
476,0.057591308
477,0.015162486
478,0.026048774
479,0.012151338
480,0.1530211
481,0.18017444
482,0.06479749
483,0.22171104
484,0.25762147
485,0.19989339
486,0.9924548
487,0.119833305
488,0.055517685
489,0.13071664
490,0.15551706
491,0.0060415403
492,0.05088088
493,0.17398784
494,0.0060389014
495,0.051620305
496,0.06480879
497,0.03538797
498,0.036319364
499,0.15105575
500,0.23740768
501,0.21620211
502,0.35544267
503,0.24498387
504,0.12864281
505,0.13273568
506,0.20473985
507,0.0070570125
508,0.0046995073
509,0.19017835
510,0.11286614
511,0.024683762
512,0.19639027
513,0.1538862
514,0.36451748
515,0.18198916
516,0.0021403017
517,0.039242208
518,0.07833463
519,0.12547594
520,0.105979815
521,0.013222952
522,0.0062192036
523,0.010235551
524,0.01436674
525,0.06759969
526,0.08942929
527,0.07171854
528,0.15010671
529,0.25980982
530,0.57177067
531,0.2504864
532,0.2418007
533,0.42333102
534,0.07491108
535,0.011806573
536,0.0506679
537,0.07145809
538,0.12494465
539,0.20999846
540,0.06331436
541,0.0016506531
542,0.03412694
543,0.15591486
544,0.01997306
545,0.005064331
546,0.06722343
547,0.14841825
548,0.023841353
549,0.009940973
550,0.061603654
551,0.00436766
552,0.005849004
553,0.046599694
554,0.04190629
555,0.032917798
556,0.11979735
557,0.21612127
558,0.23335114
559,0.0726228
560,0.35328865
561,0.36089468
562,0.25584012
563,0.078419484
564,0.02447482
565,0.06539364
566,0.054581214
567,0.10670773
568,0.0016780723
569,0.005793827
570,0.36346063
571,0.012887123
572,0.014312863
573,0.064520024
574,0.068098076
575,0.069091365
576,0.008230945
577,0.043316554
578,0.011129292
579,0.0817845
580,0.0018395763
581,0.01750257
582,0.0059417807
583,0.074619435
584,0.12567668
585,0.2121845
586,0.23848319
587,0.100449815
588,0.42085323
589,0.2260302
590,0.33475882
591,0.24563996
592,0.07827358
593,0.046399705
594,0.0800276
595,0.04301069
596,0.06330123
597,0.09059529
598,0.011328014
599,0.32304436
600,0.08733119
601,0.16153562
602,0.01129129
603,0.03852726
604,0.096378684
605,0.16747636
606,0.24291661
607,0.014466563
608,0.02041837
609,0.051280968
610,0.15996268
611,0.33632335
612,0.18283689
613,0.1402266
614,0.07382467
615,0.23409405
616,0.18838544
617,0.035530787
618,0.012052577
619,0.043842144
620,0.05157315
621,0.11990379
622,0.13248989
623,0.059485108
624,0.24581718
625,0.09030883
626,0.049322087
627,0.17344642
628,0.045996897
629,0.032180786
630,0.13271526
631,0.0917333
632,0.017636575
633,0.092600025
634,0.23160644
635,0.06988312
636,0.078891955
637,0.023081508
638,0.06543262
639,0.09116989
640,0.0035670623
641,0.103304446
642,0.11188094
643,0.07337117
644,0.0076150335
645,0.008245222
646,0.13143879
647,0.0065803663
648,0.03656643
649,0.015686512
650,0.010345312
651,0.0050612534
652,0.12572101
653,0.04686402
654,0.017508347
655,0.0031346865
656,0.015544322
657,0.165434
658,0.26302916
659,0.18602328
660,0.013707958
661,0.04845096
662,0.035542842
663,0.018853033
664,0.047882795
665,0.00356763
666,0.030619953
667,0.16491063
668,0.016395725
669,0.032688674
670,0.0047823996
671,0.03585534
672,0.051463164
673,0.07353397
674,0.14251713
675,0.005457965
676,0.006172993
677,0.039026402
678,0.032974534
679,0.085781716
680,0.1533684
681,0.023892317
682,0.03261865
683,0.0018892573
684,0.080994025
685,0.020932112
686,0.0013046894
687,0.06700902
688,0.13015601
689,0.053547136
690,0.016333705
691,0.0029904456
692,0.26408255
693,0.050002206
694,0.025000218
695,0.14999573
696,0.07069939
697,0.04052976
698,0.014973688
699,0.03870722
700,0.06940396
701,0.31845123
702,0.036526136
703,0.00748135
704,0.010010561
705,0.074030414
706,0.05762241
707,0.11903386
708,0.022617927
709,0.16020864
710,0.05048398
711,0.033382226
712,0.052165784
713,0.06120523
714,0.023198932
715,0.15998684
716,0.06969721
717,0.010379094
718,0.07205073
719,0.01314156
720,0.11439167
721,0.052513838
722,0.030045325
723,0.21694568
724,0.320948
725,0.1317704
726,0.024412226
727,0.0956728
728,0.0113490345
729,0.07964491
730,0.079972096
731,0.08850686
732,0.45117489
733,0.025770525
734,0.006110045
735,0.13084653
736,0.06587319
737,0.091904
738,0.1664433
739,0.40776452
740,0.07109385
741,0.124287605
742,0.0023025011
743,0.018558864
744,0.02375493
745,0.08268989
746,0.034330748
747,0.005723813
748,0.008191528
749,0.04561033
750,0.004985614
751,0.08064558
752,0.006856527
753,0.019997912
754,0.0701103
755,0.01942516
756,0.011189263
757,0.008872041
758,0.05074771
759,0.06747512
760,0.16785386
761,0.0022207913
762,0.059857797
763,0.43292904
764,0.08044594
765,0.1121794
766,0.010017892
767,0.051918555
768,0.050860465
769,0.14605722
770,0.017700795
771,0.011603447
772,0.010393245
773,0.03631679
774,0.092221394
775,0.012498011
776,0.20660111
777,0.04598172
778,0.021026414
779,0.062422812
780,0.19600621
781,0.0173165
782,0.008522516
783,0.012287253
784,0.06279577
785,0.012599115
786,0.20258494
787,0.043240868
788,0.0043480294
789,0.0039042428
790,0.052983742
791,0.12695405
792,0.1062309
793,0.063642
794,0.00531223
795,0.008472365
796,0.008337985
797,0.06910278
798,0.17054537
799,0.083508015
800,0.005275109
801,0.026847035
802,0.006463155
803,0.0040439107
804,0.014828026
805,0.0051648202
806,0.006413075
807,0.0009531183
808,0.005983717
809,0.01022056
810,0.04286281
811,0.015231776
812,0.01117024
813,0.045780476
814,0.11920315
815,0.0052617085
816,0.008606161
817,0.06793292
818,0.19268517
819,0.06519133
820,0.018202117
821,0.008664461
822,0.015572662
823,0.011845203
824,0.014477858
825,0.001336471
826,0.004705692
827,0.0087447325
828,0.006912732
829,0.008095747
830,0.028444562
831,0.0382035
832,0.016508918
833,0.003123616
834,0.0062499093
835,0.0077259853
836,0.005385072
837,0.0254484
838,0.036642354
839,0.061448418
840,0.0058164494
841,0.024587026
842,0.0009782094
843,0.051556747
844,0.0017842299
845,0.008760914
846,0.0074686734
847,0.06340041
848,0.029771063
849,0.021496316
850,0.07412044
851,0.00365998
852,0.11994354
853,0.007928825
854,0.018789742
855,0.0074483403
856,0.027999353
857,0.111222245
858,0.025202733
859,0.0037787035
860,0.04289701
861,0.0012924622
862,0.02052569
863,0.0031829719
864,0.007046598
865,0.014773728
866,0.0020528766
867,0.032230955
868,0.0039993795
869,0.024094623
870,0.017045613
871,0.09406276
872,0.009622922
873,0.040858187
874,0.019843217
875,0.011245605
876,0.0075169234
877,0.04639318
878,0.030702412
879,0.004749921
880,0.030021692
881,0.0062506585
882,0.0059761317
883,0.15458357
884,0.046525486
885,0.008397838
886,0.06913239
887,0.0088470895
888,0.09914084
889,0.0048258766
890,0.060355354
891,0.01847637
892,0.061914623
893,0.010847161
894,0.03283889
895,0.04438203
896,0.04080274
897,0.18939845
898,0.04271634
899,0.039300676
900,0.13834515
901,0.11985129
902,0.108086154
903,0.026633779
904,0.0448309
905,0.25200048
906,0.079578705
907,0.28494802
908,0.04740761
909,0.14050326
910,0.039078802
911,0.0073047304
912,0.009790691
913,0.0909515
914,0.046609677
915,0.3763432
916,0.11487728
917,0.037755374
918,0.16691588
919,0.061029304
920,0.030061658
921,0.0037821096
922,0.027697867
923,0.03974274
924,0.13046144
925,0.11186866
926,0.061284583
927,0.38779572
928,0.052253388
929,0.031079113
930,0.06180952
931,0.01813996
932,0.19523041
933,0.0029732413
934,0.055492915
935,0.014160292
936,0.07545203
937,0.04316775
938,0.29634348
939,0.117590524
940,0.032773126
941,0.4629019
942,0.011571428
943,0.2481157
944,0.0013538531
945,0.0096633425
946,0.14464295
947,0.02135945
948,0.0040938924
949,0.041848745
950,0.005449147
951,0.1009834
952,0.09797444
953,0.046632998
954,0.008812752
955,0.010182612
956,0.3265731
957,0.009397453
958,0.0026505303
959,0.051680587
960,0.04307675
961,0.09020588
962,0.044505857
963,0.059866924
964,0.063550964
965,0.016563002
966,0.027596232
967,0.029689688
968,0.15074813
969,0.17851219
970,0.001226422
971,0.005517156
972,0.01188236
973,0.089653194
974,0.14937258
975,0.010838066
976,0.032872383
977,0.19703779
978,0.272331
979,0.0661426
980,0.054652818
981,0.008592255
982,0.020394262
983,0.007089672
984,0.078003645
985,0.013977724
986,0.029089838
987,0.20187922
988,0.25721315
989,0.042319633
990,0.005313354
991,0.008009683
992,0.0064188703
993,0.034230124
994,0.052326776
995,0.14050478
996,0.0154015375
997,0.10011818
998,0.0038677168
999,0.008540253
1000,0.11227801
1001,0.4263691
1002,0.0073738843
1003,0.0332163
1004,0.0020665224
1005,0.002380684
1006,0.0018631356
1007,0.0654253
1008,0.001963086
1009,0.07510884
1010,0.17278378
1011,0.1390969
1012,0.11278625
1013,0.049434073
1014,0.010235069
1015,0.014564049
1016,0.04238379
1017,0.024257625
1018,0.0075000576
1019,0.012745863
1020,0.032294575
1021,0.11613445
1022,0.009252195
1023,0.037810393
1024,0.009680023
1025,0.012792416
1026,0.030215347
1027,0.030346945
1028,0.016608255
1029,0.0025823917
1030,0.10403917
1031,0.12305979
1032,0.091517136
1033,0.053478517
1034,0.09263708
1035,0.11095701
1036,0.09662853
1037,0.03004918
1038,0.022265714
1039,0.12552795
1040,0.0024621538
1041,0.030335467
1042,0.08597653
1043,0.031449962
1044,0.019514736
1045,0.045930173
1046,0.08319351
1047,0.094487354
1048,0.12216767
1049,0.076542124
1050,0.11077724
1051,0.036406487
1052,0.058231466
1053,0.024149809
1054,0.060177017
1055,0.0654579
1056,0.052506544
1057,0.03508577
1058,0.4738775
1059,0.14914122
1060,0.011543888
1061,0.13380656
1062,0.10621612
1063,0.07774318
1064,0.062429022
1065,0.04000949
1066,0.008917018
1067,0.061222397
1068,0.021863181
1069,0.008070141
1070,0.019377094
1071,0.033322193
1072,0.059851944
1073,0.039738722
1074,0.055945672
1075,0.04190327
1076,0.08584397
1077,0.07669987
1078,0.21973214
1079,0.056450177
1080,0.02886824
1081,0.060162555
1082,0.021122715
1083,0.07025484
1084,0.048922602
1085,0.045412473
1086,0.0041560703
1087,0.19328094
1088,0.1078347
1089,0.058686376
1090,0.04653353
1091,0.10432464
1092,0.06513027
1093,0.009078572
1094,0.0019944825
1095,0.11501868
1096,0.007254538
1097,0.061381422
1098,0.10192382
1099,0.05516695
1100,0.008675287
1101,0.0068902657
1102,0.02453712
1103,0.049197625
1104,0.03485924
1105,0.07803931
1106,0.10983883
1107,0.10738213
1108,0.12515047
1109,0.055051643
1110,0.1145304
1111,0.014571279
1112,0.08091815
1113,0.010886608
1114,0.06833325
1115,0.008825412
1116,0.022787768
1117,0.09946545
1118,0.07393487
1119,0.020505285
1120,0.051243573
1121,0.039808605
1122,0.007647636
1123,0.07628234
1124,0.16629156
1125,0.05655665
1126,0.07032683
1127,0.015428862
1128,0.055695426
1129,0.027398238
1130,0.008700705
1131,0.028339934
1132,0.04209738
1133,0.063612245
1134,0.10990687
1135,0.23756155
1136,0.08110812
1137,0.114647485
1138,0.054529935
1139,0.08636655
1140,0.08524261
1141,0.104001835
1142,0.053014956
1143,0.040529985
1144,0.041461818
1145,0.20162591
1146,0.033722658
1147,0.11292269
1148,0.06672926
1149,0.09922381
1150,0.013967885
1151,0.02081074
1152,0.0075731776
1153,0.03693798
1154,0.003326999
1155,0.091251925
1156,0.04575274
1157,0.058206666
1158,0.12368902
1159,0.3389547
1160,0.08386675
1161,0.0097020315
1162,0.17384557
1163,0.06340693
1164,0.25901493
1165,0.20019725
1166,0.08179687
1167,0.03009515
1168,0.04297795
1169,0.047695264
1170,0.21039498
1171,0.06785387
1172,0.2512766
1173,0.120233595
1174,0.083923474
1175,0.011821534
1176,0.0067682825
1177,0.010179231
1178,0.011977464
1179,0.07227421
1180,0.049748838
1181,0.033074066
1182,0.118731424
1183,0.14805222
1184,0.07078691
1185,0.049904577
1186,0.03581756
1187,0.12204532
1188,0.18220799
1189,0.22459193
1190,0.062726125
1191,0.0015498517
1192,0.047084905
1193,0.019745046
1194,0.03852368
1195,0.44120058
1196,0.051175058
1197,0.048309274
1198,0.23510185
1199,0.2473199
1200,0.013639147
1201,0.0019451741
1202,0.038184937
1203,0.060212366
1204,0.17528644
1205,0.13164818
1206,0.061881214
1207,0.07210096
1208,0.17571017
1209,0.16638306
1210,0.15153721
1211,0.25100955
1212,0.30410773
1213,0.07961648
1214,0.011219647
1215,0.02483226
1216,0.0597843
1217,0.059370328
1218,0.27977595
1219,0.8216659
1220,0.07365916
1221,0.07036458
1222,0.29819614
1223,0.0028282446
1224,0.0033035786
1225,0.25539193
1226,0.040974043
1227,0.014271259
1228,0.008469572
1229,0.08652659
1230,0.019790564
1231,0.02803666
1232,0.008517559
1233,0.07063657
1234,0.011093866
1235,0.041935556
1236,0.13961145
1237,0.19785416
1238,0.23808236
1239,0.20968409
1240,0.2153951
1241,0.053363424
1242,0.22092965
1243,0.16520344
1244,0.17420682
1245,0.6285844
1246,0.21432808
1247,0.34462187
1248,0.0066956715
1249,0.005162324
1250,0.09133965
1251,0.058164757
1252,0.050297666
1253,0.0044718958
1254,0.0053373966
1255,0.08951888
1256,0.0035647745
1257,0.042823605
1258,0.029657532
1259,0.10291
1260,0.08475882
1261,0.088370584
1262,0.1174226
1263,0.14102915
1264,0.11579163
1265,0.04850731
1266,0.2292624
1267,0.23511557
1268,0.0015408056
1269,0.054184087
1270,0.6636548
1271,0.8681618
1272,0.3492376
1273,0.007084702
1274,0.04134769
1275,0.011390651
1276,0.03487983
1277,0.23304312
1278,0.0821628
1279,0.03658722
1280,0.12122557
1281,0.0025446527
1282,0.064940155
1283,0.06231638
1284,0.016952734
1285,0.008872789
1286,0.14350799
1287,0.010991401
1288,0.015982613
1289,0.08039022
1290,0.110211335
1291,0.06931774
1292,0.041443754
1293,0.08729693
1294,0.04447599
1295,0.054392852
1296,0.13399851
1297,0.07867883
1298,0.16852628
1299,0.6407982
1300,0.9365746
1301,0.40476912
1302,0.0070898943
1303,0.0431805
1304,0.06493452
1305,0.103389636
1306,0.0765075
1307,0.17403316
1308,0.05041796
1309,0.06615402
1310,0.007071793
1311,0.011537415
1312,0.09482558
1313,0.18880664
1314,0.10553831
1315,0.22226731
1316,0.14301972
1317,0.13235979
1318,0.17742082
1319,0.06915541
1320,0.09812936
1321,0.13437568
1322,0.00633614
1323,0.009056036
1324,0.04237262
1325,0.13726209
1326,0.12490891
1327,0.041969083
1328,0.03789238
1329,0.020231063
1330,0.7512806
1331,0.9902816
1332,0.9938592
1333,0.047811735
1334,0.20368794
1335,0.1394757
1336,0.08257656
1337,0.009265212
1338,0.006730409
1339,0.05223272
1340,0.09445391
1341,0.02215873
1342,0.18461736
1343,0.3388525
1344,0.0637599
1345,0.077565454
1346,0.123161614
1347,0.19437508
1348,0.11161618
1349,0.10216786
1350,0.054020118
1351,0.041273307
1352,0.09201377
1353,0.13153179
1354,0.11833773
1355,0.035248645
1356,0.3584554
1357,0.36629862
1358,0.11311345
1359,0.06266016
1360,0.02367034
1361,0.17273036
1362,0.0077621164
1363,0.047633387
1364,0.24092896
1365,0.021211829
1366,0.055904575
1367,0.008969219
1368,0.018593036
1369,0.0036238967
1370,0.042193398
1371,0.009735134
1372,0.17059405
1373,0.37695435
1374,0.2242327
1375,0.18233678
1376,0.11170133
1377,0.21143866
1378,0.1751138
1379,0.26237163
1380,0.063119695
1381,0.06417704
1382,0.029180855
1383,0.035342656
1384,0.18518707
1385,0.21521595
1386,0.014099112
1387,0.25463867
1388,0.2649179
1389,0.20666239
1390,0.9922956
1391,0.105994046
1392,0.04448925
1393,0.094538584
1394,0.17951733
1395,0.018091034
1396,0.050992638
1397,0.15047252
1398,0.064496465
1399,0.06133465
1400,0.0053319866
1401,0.04551858
1402,0.13047393
1403,0.21951139
1404,0.19573103
1405,0.3486943
1406,0.26865298
1407,0.16505642
1408,0.21368119
1409,0.20492843
1410,0.043361932
1411,0.14660874
1412,0.06312271
1413,0.024730977
1414,0.18977854
1415,0.218117
1416,0.08661663
1417,0.41115442
1418,0.17739652
1419,0.00671928
1420,0.027706752
1421,0.061871957
1422,0.06269261
1423,0.06432668
1424,0.010950329
1425,0.009906469
1426,0.002993977
1427,0.011721468
1428,0.0803072
1429,0.07294251
1430,0.0662792
1431,0.13782512
1432,0.25941378
1433,0.54432416
1434,0.32619715
1435,0.19860573
1436,0.3888014
1437,0.07699257
1438,0.008753088
1439,0.013013722
1440,0.09589206
1441,0.10682112
1442,0.23630472
1443,0.11318137
1444,0.003990801
1445,0.0584624
1446,0.10427572
1447,0.0035662972
1448,0.04196347
1449,0.089934945
1450,0.010206081
1451,0.011327392
1452,0.0023449217
1453,0.007439302
1454,0.0358719
1455,0.052896984
1456,0.07732198
1457,0.060792357
1458,0.11606078
1459,0.22613482
1460,0.20890746
1461,0.106283285
1462,0.38750944
1463,0.37262636
1464,0.253424
1465,0.10646701
1466,0.011379469
1467,0.0624472
1468,0.054738075
1469,0.08053695
1470,0.025490899
1471,0.020192077
1472,0.4449187
1473,0.04289912
1474,0.006508924
1475,0.048842747
1476,0.029622426
1477,0.04451331
1478,0.016837772
1479,0.059522163
1480,0.013979469
1481,0.039703704
1482,0.023313142
1483,0.10421679
1484,0.11244384
1485,0.20964241
1486,0.22543712
1487,0.13090804
1488,0.43537432
1489,0.24000354
1490,0.26188284
1491,0.13182308
1492,0.067641914
1493,0.043004513
1494,0.08198486
1495,0.07023491
1496,0.06612842
1497,0.01777454
1498,0.01592649
1499,0.35118398
1500,0.061931234
1501,0.22889543
1502,0.013603823
1503,0.059545897
1504,0.05678265
1505,0.10340396
1506,0.17043021
1507,0.04171949
1508,0.045202214
1509,0.20417115
1510,0.3509437
1511,0.20446424
1512,0.18522522
1513,0.05209394
1514,0.26810592
1515,0.19588369
1516,0.007917131
1517,0.014277267
1518,0.03232326
1519,0.019013323
1520,0.09821384
1521,0.142876
1522,0.031039387
1523,0.2369266
1524,0.028541008
1525,0.051199354
1526,0.15763414
1527,0.038659398
1528,0.030838434
1529,0.11595769
1530,0.0976788
1531,0.04907465
1532,0.11197412
1533,0.20651765
1534,0.06818756
1535,0.08773072
1536,0.0046784966
1537,0.067279354
1538,0.051326774
1539,0.0025216858
1540,0.039263833
1541,0.09518729
1542,0.045208253
1543,0.040424693
1544,0.122285284
1545,0.0032581687
1546,0.00298018
1547,0.05170784
1548,0.017856989
1549,0.03288927
1550,0.1418272
1551,0.006002912
1552,0.023745809
1553,0.0013175097
1554,0.011428604
1555,0.1804309
1556,0.27942872
1557,0.21549864
1558,0.016045453
1559,0.018346239
1560,0.018147755
1561,0.02037017
1562,0.08350887
1563,0.08325107
1564,0.008811389
1565,0.0032241356
1566,0.005731571
1567,0.058762096
1568,0.011105552
1569,0.09993842
1570,0.07285024
1571,0.15739924
1572,0.02440003
1573,0.009192542
1574,0.01755227
1575,0.025091335
1576,0.10997442
1577,0.1815486
1578,0.027656117
1579,0.04677959
1580,0.009808316
1581,0.0833911
1582,0.02163912
1583,0.0034359214
1584,0.066294536
1585,0.14780211
1586,0.06931575
1587,0.039957993
1588,0.010893683
1589,0.21177526
1590,0.01149377
1591,0.033447694
1592,0.03804446
1593,0.13100792
1594,0.061210833
1595,0.050000746
1596,0.00786419
1597,0.035113495
1598,0.106684305
1599,0.23857296
1600,0.004185204
1601,0.043498095
1602,0.06971648
1603,0.015739094
1604,0.05049317
1605,0.12371538
1606,0.036318563
1607,0.13379665
1608,0.06296544
1609,0.03830614
1610,0.0110219065
1611,0.06252663
1612,0.05089127
1613,0.17380694
1614,0.07175689
1615,0.010436544
1616,0.054780226
1617,0.011755775
1618,0.1257385
1619,0.055248074
1620,0.009457381
1621,0.008220316
1622,0.21624526
1623,0.40746832
1624,0.120338164
1625,0.037272546
1626,0.07278314
1627,0.056106932
1628,0.01775247
1629,0.08473317
1630,0.08790608
1631,0.08204671
1632,0.4418529
1633,0.04259078
1634,0.0043271733
1635,0.082736626
1636,0.096154764
1637,0.040499035
1638,0.13448021
1639,0.41328946
1640,0.06390112
1641,0.09168028
1642,0.019132916
1643,0.0017370444
1644,0.006083469
1645,0.05626298
1646,0.08249216
1647,0.04116472
1648,0.0037154008
1649,0.05657829
1650,0.009939289
1651,0.01609791
1652,0.013987722
1653,0.0067387773
1654,0.002464521
1655,0.05650062
1656,0.007498422
1657,0.010802939
1658,0.057690464
1659,0.06633389
1660,0.14511314
1661,0.015084073
1662,0.02411072
1663,0.3711363
1664,0.0254715
1665,0.084452234
1666,0.047016207
1667,0.06515679
1668,0.05277151
1669,0.013984057
1670,0.020959768
1671,0.1817513
1672,0.045153003
1673,0.011739845
1674,0.08697949
1675,0.10347976
1676,0.034575716
1677,0.0027072337
1678,0.1632401
1679,0.048288386
1680,0.008729038
1681,0.03204166
1682,0.23472151
1683,0.012539139
1684,0.007083656
1685,0.00464752
1686,0.006118597
1687,0.060418762
1688,0.0040541952
1689,0.02479265
1690,0.16786543
1691,0.03271353
1692,0.004348268
1693,0.006154054
1694,0.015971621
1695,0.07120069
1696,0.13749681
1697,0.08049099
1698,0.058077507
1699,0.042922802
1700,0.018785745
1701,0.08668811
1702,0.0064034984
1703,0.056787837
1704,0.18517491
1705,0.09206395
1706,0.0061052693
1707,0.0195706
1708,0.0044527347
1709,0.013951441
1710,0.008420763
1711,0.011120796
1712,0.0029542374
1713,0.0054895477
1714,0.006618987
1715,0.001694407
1716,0.0026714487
1717,0.031559374
1718,0.12496473
1719,0.0050726375
1720,0.009015081
1721,0.13491392
1722,0.0059958007
1723,0.11259844
1724,0.013695222
1725,0.012766105
1726,0.0045431163
1727,0.04413511
1728,0.001197263
1729,0.008285898
1730,0.00721158
1731,0.007209859
1732,0.0084442925
1733,0.03671581
1734,0.014026707
1735,0.026051637
1736,0.0032439649
1737,0.0081578735
1738,0.005901349
1739,0.007905705
1740,0.011284202
1741,0.08105968
1742,0.023598826
1743,0.072834395
1744,0.006238747
1745,0.005351713
1746,0.039230987
1747,0.0058427653
1748,0.036817785
1749,0.0054333718
1750,0.03115946
1751,0.0040642805
1752,0.009274398
1753,0.0064674867
1754,0.04467324
1755,0.057973128
1756,0.022164993
1757,0.019408932
1758,0.0039777895
1759,0.137163
1760,0.005282021
1761,0.0017467327
1762,0.0040753186
1763,0.0009287442
1764,0.051930528
1765,0.1439391
1766,0.039597236
1767,0.052551817
1768,0.018237654
1769,0.01298774
1770,0.027772937
1771,0.0053477334
1772,0.002533772
1773,0.00768054
1774,0.011459531
1775,0.007698932
1776,0.0039781705
1777,0.005290282
1778,0.0071979538
1779,0.0056079784
1780,0.010181172
1781,0.026463002
1782,0.00705531
1783,0.1876924
1784,0.023292923
1785,0.020971518
1786,0.050180055
1787,0.0036295068
1788,0.0038267435
1789,0.02939498
1790,0.043978605
1791,0.007834819
1792,0.0075374143
1793,0.01626336
1794,0.0060977293
1795,0.043546356
1796,0.15282379
1797,0.095038936
1798,0.00796397
1799,0.012723742
1800,0.079187624
1801,0.0130479485
1802,0.04871626
1803,0.04707993
1804,0.019415632
1805,0.02604298
1806,0.06622038
1807,0.010150763
1808,0.058853645
1809,0.0051787747
1810,0.040091988
1811,0.17081717
1812,0.10087137
1813,0.014570418
1814,0.086850725
1815,0.003877778
1816,0.20903607
1817,0.098478094
1818,0.24928732
1819,0.10819676
1820,0.16931619
1821,0.0358456
1822,0.096489534
1823,0.06199053
1824,0.008621646
1825,0.008060399
1826,0.07926546
1827,0.11714264
1828,0.3527742
1829,0.19087295
1830,0.03360946
1831,0.09858213
1832,0.011173601
1833,0.0065944614
1834,0.0069599734
1835,0.04476034
1836,0.006389345
1837,0.08208068
1838,0.013929525
1839,0.0049181674
1840,0.15845153
1841,0.48961973
1842,0.15546314
1843,0.35766834
1844,0.038251124
1845,0.12606952
1846,0.22768727
1847,0.0084292395
1848,0.008096235
1849,0.051381487
1850,0.1088442
1851,0.07735137
1852,0.3366167
1853,0.082752
1854,0.12178217
1855,0.4441731
1856,0.07280455
1857,0.3625972
1858,0.0015915118
1859,0.056908987
1860,0.2232498
1861,0.020773461
1862,0.019362634
1863,0.056800116
1864,0.005068599
1865,0.021868397
1866,0.09626142
1867,0.14726667
1868,0.08905363
1869,0.18208365
1870,0.24622801
1871,0.03204117
1872,0.021293078
1873,0.04089477
1874,0.13661748
1875,0.0476013
1876,0.020653551
1877,0.11773045
1878,0.014271419
1879,0.1211082
1880,0.03355529
1881,0.21824709
1882,0.07697976
1883,0.042117875
1884,0.0067532
1885,0.15706682
1886,0.17672506
1887,0.046867054
1888,0.13349536
1889,0.24061565
1890,0.006196432
1891,0.09017418
1892,0.0057042306
1893,0.0019387711
1894,0.0070921453
1895,0.051921807
1896,0.005988038
1897,0.089410834
1898,0.11314578
1899,0.18182926
1900,0.2469947
1901,0.03840976
1902,0.008036738
1903,0.042568054
1904,0.0018890717
1905,0.030620888
1906,0.17734751
1907,0.002176809
1908,0.0732445
1909,0.028810805
1910,0.048478376
1911,0.079842344
1912,0.34093127
1913,0.08371903
1914,0.020044042
1915,0.002133841
1916,0.036854405
1917,0.053654604
1918,0.018512623
1919,0.12889507
1920,0.18816385
1921,0.12455885
1922,0.12140914
1923,0.06265864
1924,0.0064761937
1925,0.013879026
1926,0.04764003
1927,0.04504003
1928,0.006473087
1929,0.055538245
1930,0.08351699
1931,0.009728147
1932,0.0250749
1933,0.015166199
1934,0.015007719
1935,0.017489355
1936,0.013562998
1937,0.03305723
1938,0.005635351
1939,0.105936706
1940,0.07506205
1941,0.18842372
1942,0.06492384
1943,0.07625357
1944,0.09500542
1945,0.11127062
1946,0.0631621
1947,0.0031229095
1948,0.1178069
1949,0.005133412
1950,0.00874683
1951,0.13688621
1952,0.04133854
1953,0.012716733
1954,0.030350035
1955,0.049670268
1956,0.08428315
1957,0.14835772
1958,0.053153653
1959,0.08789679
1960,0.06816869
1961,0.05697182
1962,0.001648749
1963,0.07040006
1964,0.099257596
1965,0.028252244
1966,0.020369675
1967,0.42197675
1968,0.12589811
1969,0.040944938
1970,0.12152405
1971,0.060645856
1972,0.043153536
1973,0.037136875
1974,0.004566882
1975,0.006423241
1976,0.054936886
1977,0.022023736
1978,0.04060929
1979,0.0058800043
1980,0.049985282
1981,0.068262115
1982,0.031278405
1983,0.04135696
1984,0.082374796
1985,0.091958284
1986,0.20903412
1987,0.01386887
1988,0.0030659619
1989,0.030481363
1990,0.047772404
1991,0.0017361712
1992,0.014079226
1993,0.05744456
1994,0.0045660622
1995,0.11674367
1996,0.026055932
1997,0.07859876
1998,0.02637362
1999,0.07618453
2000,0.079275295
2001,0.03793157
2002,0.034649894
2003,0.14897957
2004,0.007777142
2005,0.089515544
2006,0.08976576
2007,0.008577982
2008,0.043070085
2009,0.030327465
2010,0.0643223
2011,0.09377985
2012,0.15781477
2013,0.08959997
2014,0.16372833
2015,0.07321026
2016,0.10602598
2017,0.021631658
2018,0.06111919
2019,0.010770333
2020,0.052954607
2021,0.024727542
2022,0.067889124
2023,0.053851265
2024,0.05430281
2025,0.059754215
2026,0.0040401677
2027,0.028187806
2028,0.057499688
2029,0.18666258
2030,0.019340271
2031,0.05453406
2032,0.015869943
2033,0.08201497
2034,0.035911843
2035,0.033373542
2036,0.026787331
2037,0.016322885
2038,0.08899401
2039,0.083541416
2040,0.20989278
2041,0.101546094
2042,0.10752001
2043,0.059412498
2044,0.090329245
2045,0.06199186
2046,0.1105814
2047,0.062268496
2048,0.009327973
2049,0.017220138
2050,0.22967775
2051,0.023856793
2052,0.12608884
2053,0.071330115
2054,0.08344512
2055,0.00969624
2056,0.05712418
2057,0.044324197
2058,0.010131667
2059,0.11899197
2060,0.046012647
2061,0.068022355
2062,0.11361863
2063,0.31290177
2064,0.056247056
2065,0.008109171
2066,0.15944734
2067,0.040415086
2068,0.254956
2069,0.16908066
2070,0.10412426
2071,0.059445906
2072,0.052781593
2073,0.08083043
2074,0.15910795
2075,0.09856002
2076,0.23084597
2077,0.13561489
2078,0.12257974
2079,0.011457085
2080,0.009874471
2081,0.018376103
2082,0.039452516
2083,0.05971197
2084,0.0029802723
2085,0.11059183
2086,0.18007532
2087,0.07293105
2088,0.10092239
2089,0.036153905
2090,0.15460895
2091,0.17441206
2092,0.2323936
2093,0.09264712
2094,0.0010752216
2095,0.038278565
2096,0.012030299
2097,0.006088859
2098,0.40603137
2099,0.0189488
2100,0.039524764
2101,0.2244682
2102,0.21311215
2103,0.017596912
2104,0.010240901
2105,0.024862977
2106,0.0497232
2107,0.0437592
2108,0.14413199
2109,0.10858357
2110,0.051848017
2111,0.109813526
2112,0.17928462
2113,0.13503519
2114,0.1671268
2115,0.21831605
2116,0.29327664
2117,0.09875153
2118,0.043977153
2119,0.06454562
2120,0.061805643
2121,0.2294412
2122,0.86016303
2123,0.0073142275
2124,0.07615362
2125,0.04391221
2126,0.29051223
2127,0.0035291947
2128,0.21576563
2129,0.010785748
2130,0.010050847
2131,0.07500077
2132,0.0043449355
2133,0.019492004
2134,0.108693674
2135,0.011708928
2136,0.060084473
2137,0.18604311
2138,0.18213168
2139,0.2148455
2140,0.22917366
2141,0.20076783
2142,0.021347202
2143,0.17140236
2144,0.121000946
2145,0.14804372
2146,0.6210198
2147,0.28825423
2148,0.3020931
2149,0.0067113205
2150,0.005106688
2151,0.10219332
2152,0.0115148425
2153,0.0034429475
2154,0.0023820933
2155,0.0017036938
2156,0.012900993
2157,0.09133487
2158,0.011499206
2159,0.0088946875
2160,0.04227827
2161,0.022133145
2162,0.09262327
2163,0.10604359
2164,0.10164641
2165,0.09848146
2166,0.16479565
2167,0.14716469
2168,0.041495666
2169,0.23605137
2170,0.22004414
2171,0.002135312
2172,0.05375756
2173,0.6627012
2174,0.86694705
2175,0.32897624
2176,0.006722822
2177,0.0060723545
2178,0.0039154873
2179,0.049871832
2180,0.22964354
2181,0.08404364
2182,0.0017165393
2183,0.0021980782
2184,0.084389955
2185,0.05440598
2186,0.06050127
2187,0.0015722172
2188,0.13261795
2189,0.010093356
2190,0.0034023467
2191,0.098627254
2192,0.12670954
2193,0.08903211
2194,0.020152984
2195,0.09138531
2196,0.0696844
2197,0.043039724
2198,0.09398917
2199,0.07686484
2200,0.1322247
2201,0.6612862
2202,0.82735443
2203,0.42576241
2204,0.040113606
2205,0.018522386
2206,0.048293836
2207,0.008127582
2208,0.096380286
2209,0.09351146
2210,0.21015188
2211,0.05662746
2212,0.036443472
2213,0.005178542
2214,0.009037159
2215,0.11586742
2216,0.18494208
2217,0.33888555
2218,0.2922019
2219,0.14909859
2220,0.11644701
2221,0.1503286
2222,0.048141122
2223,0.08672089
2224,0.1234862
2225,0.00915893
2226,0.0180959
2227,0.014350273
2228,0.1113248
2229,0.1176358
2230,0.08364012
2231,0.08894467
2232,0.0024379916
2233,0.79445773
2234,0.9905017
2235,0.99419546
2236,0.07954037
2237,0.004224685
2238,0.1323449
2239,0.17139933
2240,0.0044764676
2241,0.0075118123
2242,0.0496627
2243,0.02949138
2244,0.02871727
2245,0.08247075
2246,0.016346615
2247,0.22480758
2248,0.39972216
2249,0.03352011
2250,0.15458058
2251,0.09219192
2252,0.15962501
2253,0.13761993
2254,0.13428012
2255,0.09581308
2256,0.046258382
2257,0.121280886
2258,0.11910127
2259,0.07772002
2260,0.03223999
2261,0.0029681637
2262,0.3541976
2263,0.35015765
2264,0.1943614
2265,0.07405272
2266,0.023023512
2267,0.15070674
2268,0.0075516864
2269,0.0675456
2270,0.17879638
2271,0.019850591
2272,0.045635603
2273,0.04476898
2274,0.03452591
2275,0.028609896
2276,0.04450126
2277,0.01075994
2278,0.17993148
2279,0.37240392
2280,0.17980628
2281,0.18806128
2282,0.09893675
2283,0.19357373
2284,0.16695514
2285,0.3161462
2286,0.05151879
2287,0.09334232
2288,0.02740382
2289,0.07287328
2290,0.1552929
2291,0.18475772
2292,0.068975374
2293,0.29854947
2294,0.33620593
2295,0.19420579
2296,0.9923278
2297,0.092023134
2298,0.01847348
2299,0.087412775
2300,0.14420146
2301,0.0069346586
2302,0.25798965
2303,0.089190856
2304,0.027047535
2305,0.018186655
2306,0.05939324
2307,0.12395559
2308,0.24239032
2309,0.27961996
2310,0.34813458
2311,0.27312392
2312,0.16708218
2313,0.14197387
2314,0.2106945
2315,0.018516248
2316,0.12796265
2317,0.054063868
2318,0.030948808
2319,0.185267
2320,0.20236242
2321,0.10700967
2322,0.41206232
2323,0.18486345
2324,0.028148359
2325,0.08409578
2326,0.0790147
2327,0.070023134
2328,0.010584451
2329,0.010841401
2330,0.0041821417
2331,0.009354505
2332,0.07308371
2333,0.06451169
2334,0.06746676
2335,0.17312798
2336,0.24227348
2337,0.5120567
2338,0.33396077
2339,0.22029147
2340,0.38447648
2341,0.07539172
2342,0.07761294
2343,0.14075693
2344,0.0915768
2345,0.26985377
2346,0.12847194
2347,0.025981229
2348,0.006630238
2349,0.017325405
2350,0.14019413
2351,0.05156117
2352,0.11932689
2353,0.009789175
2354,0.012587624
2355,0.029392248
2356,0.051915776
2357,0.0035003454
2358,0.027295629
2359,0.064895794
2360,0.06541516
2361,0.08820921
2362,0.24149232
2363,0.23756512
2364,0.06641482
2365,0.37903982
2366,0.4188153
2367,0.23601475
2368,0.081702694
2369,0.061380483
2370,0.03454311
2371,0.064866506
2372,0.100315966
2373,0.014184845
2374,0.008097587
2375,0.054650404
2376,0.44978046
2377,0.005861561
2378,0.00271639
2379,0.02972348
2380,0.006641881
2381,0.04614758
2382,0.011593796
2383,0.04004969
2384,0.018590022
2385,0.008952239
2386,0.01707859
2387,0.047345042
2388,0.08676292
2389,0.15344182
2390,0.23566103
2391,0.25177175
2392,0.08377809
2393,0.4823627
2394,0.26798597
2395,0.25768334
2396,0.13755614
2397,0.05632835
2398,0.021326486
2399,0.044875532
2400,0.008137563
2401,0.037063707
2402,0.3856868
2403,0.077943094
2404,0.19963607
2405,0.053940617
2406,0.102557346
2407,0.04662419
2408,0.07172696
2409,0.16294698
2410,0.018656135
2411,0.04265337
2412,0.10017995
2413,0.17849593
2414,0.3938436
2415,0.20204404
2416,0.20534852
2417,0.10410605
2418,0.25121135
2419,0.18071762
2420,0.006434819
2421,0.045954935
2422,0.00916736
2423,0.0031823008
2424,0.012729381
2425,0.03498704
2426,0.017776856
2427,0.17226225
2428,0.13142624
2429,0.05403899
2430,0.20646214
2431,0.014199923
2432,0.030669624
2433,0.22821978
2434,0.00513697
2435,0.0041479287
2436,0.0076332935
2437,0.11346708
2438,0.10843496
2439,0.027901506
2440,0.12310399
2441,0.20524812
2442,0.059016556
2443,0.052075326
2444,0.028833458
2445,0.07925985
2446,0.0024200133
2447,0.120786846
2448,0.11912348
2449,0.03480246
2450,0.005218496
2451,0.007285796
2452,0.07723021
2453,0.0020926155
2454,0.008123194
2455,0.023699015
2456,0.007904911
2457,0.012278113
2458,0.013219878
2459,0.16019738
2460,0.039573316
2461,0.017323775
2462,0.0014273885
2463,0.038553648
2464,0.20937908
2465,0.29113808
2466,0.25518233
2467,0.1023206
2468,0.053237557
2469,0.011597359
2470,0.04072272
2471,0.115425326
2472,0.009526278
2473,0.0069750855
2474,0.010332301
2475,0.016363062
2476,0.046599843
2477,0.007800816
2478,0.00170083
2479,0.07802618
2480,0.07053818
2481,0.16041572
2482,0.022632306
2483,0.026403565
2484,0.04899903
2485,0.12633696
2486,0.17764866
2487,0.027613971
2488,0.0021715232
2489,0.072621755
2490,0.03307324
2491,0.060283303
2492,0.14041379
2493,0.10705793
2494,0.02310747
2495,0.015895765
2496,0.00951379
2497,0.31405783
2498,0.0041965335
2499,0.038011435
2500,0.033571642
2501,0.1165645
2502,0.046147667
2503,0.0414791
2504,0.027863383
2505,0.0056172833
2506,0.090207994
2507,0.15823251
2508,0.015269117
2509,0.007122164
2510,0.021095328
2511,0.05226981
2512,0.015111697
2513,0.1676985
2514,0.08024286
2515,0.24942973
2516,0.07227137
2517,0.04722255
2518,0.06086471
2519,0.044843946
2520,0.0422147
2521,0.13849846
2522,0.074051894
2523,0.009366696
2524,0.03474084
2525,0.032811917
2526,0.106243275
2527,0.07738944
2528,0.008247716
2529,0.22114381
2530,0.3954079
2531,0.08274239
2532,0.028850516
2533,0.0016961053
2534,0.09516138
2535,0.062683545
2536,0.026548352
2537,0.059328713
2538,0.08509259
2539,0.010079825
2540,0.63035
2541,0.07028234
2542,0.015315698
2543,0.0720956
2544,0.06896098
2545,0.0018219441
2546,0.03913918
2547,0.18064868
2548,0.40731177
2549,0.110919416
2550,0.16532835
2551,0.018019909
2552,0.0071869055
2553,0.05759381
2554,0.059895508
2555,0.02837956
2556,0.018736906
2557,0.07461002
2558,0.043667257
2559,0.0051757423
2560,0.015799887
2561,0.037292518
2562,0.061768245
2563,0.022333935
2564,0.014737013
2565,0.009345413
2566,0.012849459
2567,0.07588072
2568,0.14568274
2569,0.017222304
2570,0.04695681
2571,0.4078086
2572,0.05920866
2573,0.055891424
2574,0.003968279
2575,0.0059092613
2576,0.073947914
2577,0.0454457
2578,0.005933226
2579,0.027253333
2580,0.13567932
2581,0.04918408
2582,0.012111185
2583,0.037706837
2584,0.07586144
2585,0.013188399
2586,0.011215793
2587,0.11511715
2588,0.017279599
2589,0.020369139
2590,0.06939016
2591,0.21038716
2592,0.002203181
2593,0.0069846944
2594,0.016796108
2595,0.008711963
2596,0.028089803
2597,0.00334964
2598,0.0126194265
2599,0.08892641
2600,0.030438844
2601,0.010458799
2602,0.093922734
2603,0.14178634
2604,0.06686723
2605,0.06538009
2606,0.032798346
2607,0.07488003
2608,0.02578201
2609,0.010189063
2610,0.24588642
2611,0.10536492
2612,0.0056997896
2613,0.03061537
2614,0.00219903
2615,0.007261454
2616,0.006008229
2617,0.011957567
2618,0.029231524
2619,0.005162823
2620,0.0075802105
2621,0.0036889806
2622,0.014654587
2623,0.014905554
2624,0.042339448
2625,0.08198124
2626,0.0735708
2627,0.00893343
2628,0.091433056
2629,0.0057600895
2630,0.16069463
2631,0.0121871345
2632,0.01841305
2633,0.015420807
2634,0.008412758
2635,0.019944303
2636,0.0068808855
2637,0.016594486
2638,0.012601107
2639,0.00812921
2640,0.008296233
2641,0.07445009
2642,0.0040803263
2643,0.020570528
2644,0.010853602
2645,0.015961444
2646,0.0086994665
2647,0.0018563628
2648,0.0040731607
2649,0.090179056
2650,0.02645939
2651,0.044702068
2652,0.0017364115
2653,0.0050940104
2654,0.018731158
2655,0.04296325
2656,0.008137656
2657,0.008100978
2658,0.03201686
2659,0.032209713
2660,0.011833397
2661,0.007691638
2662,0.004126445
2663,0.103288695
2664,0.01763024
2665,0.0007324071
2666,0.024709461
2667,0.0031828452
2668,0.06834406
2669,0.093923464
2670,0.04877472
2671,0.02445965
2672,0.03113673
2673,0.027746474
2674,0.004681807
2675,0.012284202
2676,0.005294463
2677,0.012817142
2678,0.005435846
2679,0.015134811
2680,0.007212691
2681,0.011647244
2682,0.006792997
2683,0.00825722
2684,0.05209917
2685,0.11933845
2686,0.009127749
2687,0.020689001
2688,0.012780929
2689,0.009297604
2690,0.0037801154
2691,0.0012210712
2692,0.008038545
2693,0.0046482375
2694,0.025454586
2695,0.050048374
2696,0.034506448
2697,0.045629576
2698,0.091718055
2699,0.023028439
2700,0.040074635
2701,0.009823935
2702,0.10554318
2703,0.012232503
2704,0.18117046
2705,0.061881263
2706,0.12962075
2707,0.040373433
2708,0.03093331
2709,0.21061845
2710,0.09935938
2711,0.01290057
2712,0.006881602
2713,0.047297325
2714,0.20649716
2715,0.23959139
2716,0.0132438345
2717,0.08019705
2718,0.067106634
2719,0.05195715
2720,0.099699214
2721,0.026111364
2722,0.008867997
2723,0.07717685
2724,0.13499843
2725,0.49983376
2726,0.19886097
2727,0.005664441
2728,0.14657968
2729,0.04938996
2730,0.0065696435
2731,0.04353018
2732,0.01324149
2733,0.035703275
2734,0.02044473
2735,0.01209458
2736,0.19048126
2737,0.31461817
2738,0.3064496
2739,0.427028
2740,0.053417873
2741,0.029033478
2742,0.1209149
2743,0.11613468
2744,0.008869301
2745,0.030391037
2746,0.03493818
2747,0.08777263
2748,0.024415765
2749,0.30776554
2750,0.059901
2751,0.15948814
2752,0.3998878
2753,0.060194373
2754,0.26034206
2755,0.00732932
2756,0.0016213147
2757,0.051011007
2758,0.14614944
2759,0.040542595
2760,0.006072583
2761,0.027905244
2762,0.004580824
2763,0.009430098
2764,0.11981611
2765,0.08340699
2766,0.08669088
2767,0.03590756
2768,0.07281459
2769,0.3019076
2770,0.0024083718
2771,0.0014549063
2772,0.01739228
2773,0.12133174
2774,0.0051825913
2775,0.037489705
2776,0.006134009
2777,0.28867814
2778,0.05991621
2779,0.207328
2780,0.039612688
2781,0.047143348
2782,0.008763513
2783,0.34086987
2784,0.103481114
2785,0.081215106
2786,0.32170752
2787,0.25349575
2788,0.09434901
2789,0.05173667
2790,0.010424322
2791,0.012363061
2792,0.014455885
2793,0.008770359
2794,0.008066451
2795,0.049843594
2796,0.006555586
2797,0.07128595
2798,0.098723695
2799,0.08017009
2800,0.1887551
2801,0.4510286
2802,0.011168303
2803,0.0075371265
2804,0.022915287
2805,0.002164615
2806,0.172654
2807,0.08361367
2808,0.042014536
2809,0.04922789
2810,0.123939015
2811,0.3607567
2812,0.08573222
2813,0.0026522737
2814,0.01284239
2815,0.03351497
2816,0.049538564
2817,0.0019803816
2818,0.0021699248
2819,0.091702946
2820,0.12444004
2821,0.0914856
2822,0.16553238
2823,0.058653094
2824,0.015733318
2825,0.03599358
2826,0.047279753
2827,0.035626005
2828,0.047101505
2829,0.07074009
2830,0.0055799214
2831,0.043034136
2832,0.011515962
2833,0.015258275
2834,0.049212955
2835,0.0286237
2836,0.056742948
2837,0.014064716
2838,0.116441414
2839,0.12586161
2840,0.15724626
2841,0.10528016
2842,0.041207585
2843,0.05762457
2844,0.15654853
2845,0.07990648
2846,0.04825068
2847,0.109166026
2848,0.006376193
2849,0.01730115
2850,0.118061185
2851,0.047484733
2852,0.031034838
2853,0.015744872
2854,0.0072547225
2855,0.041950125
2856,0.07087692
2857,0.12989244
2858,0.04368592
2859,0.12084739
2860,0.059212394
2861,0.040094744
2862,0.004175422
2863,0.058479328
2864,0.06593058
2865,0.06532854
2866,0.0038308345
2867,0.4250044
2868,0.12264959
2869,0.009954023
2870,0.16577487
2871,0.08802219
2872,0.07135062
2873,0.012064403
2874,0.0867885
2875,0.024044815
2876,0.004530207
2877,0.009307065
2878,0.006860882
2879,0.03395679
2880,0.07701929
2881,0.02405021
2882,0.070442654
2883,0.07703954
2884,0.13522232
2885,0.22911859
2886,0.048918247
2887,0.0057099015
2888,0.049525686
2889,0.018905904
2890,0.069255486
2891,0.006773385
2892,0.046086792
2893,0.006993136
2894,0.023488503
2895,0.12956193
2896,0.098582394
2897,0.1442473
2898,0.016817857
2899,0.027147066
2900,0.09933512
2901,0.04546378
2902,0.0047559785
2903,0.16120327
2904,0.009477961
2905,0.05065887
2906,0.076385275
2907,0.08286063
2908,0.031993404
2909,0.04437341
2910,0.019339338
2911,0.051261712
2912,0.088742405
2913,0.14580527
2914,0.1072316
2915,0.1841794
2916,0.09236203
2917,0.06853624
2918,0.0027029316
2919,0.104161486
2920,0.049285762
2921,0.035542697
2922,0.06516989
2923,0.022404298
2924,0.08095262
2925,0.039131302
2926,0.049745865
2927,0.12537935
2928,0.034936756
2929,0.008338163
2930,0.035207603
2931,0.044760387
2932,0.015357435
2933,0.049026005
2934,0.022439394
2935,0.040349636
2936,0.031960256
2937,0.06963447
2938,0.09056161
2939,0.24738345
2940,0.082690455
2941,0.13318536
2942,0.062397707
2943,0.09273483
2944,0.06513286
2945,0.11423254
2946,0.050270516
2947,0.0051735193
2948,0.0030831746
2949,0.04966353
2950,0.23517413
2951,0.071418874
2952,0.1124088
2953,0.075673066
2954,0.08550348
2955,0.014578576
2956,0.066018425
2957,0.0075436733
2958,0.02532192
2959,0.03075941
2960,0.11501847
2961,0.0546316
2962,0.06839974
2963,0.12091973
2964,0.31580764
2965,0.06638102
2966,0.0029614402
2967,0.12309937
2968,0.06113254
2969,0.25544798
2970,0.20439282
2971,0.09395862
2972,0.01677359
2973,0.034076333
2974,0.11872061
2975,0.1640206
2976,0.075097635
2977,0.18921736
2978,0.14290991
2979,0.11366665
2980,0.010978761
2981,0.007451807
2982,0.0052540293
2983,0.013997138
2984,0.009178316
2985,0.07629962
2986,0.031738512
2987,0.09511248
2988,0.19879274
2989,0.08404657
2990,0.06614233
2991,0.036804836
2992,0.09972353
2993,0.13666463
2994,0.1958265
2995,0.06889113
2996,0.027420482
2997,0.07455225
2998,0.0020901128
2999,0.009809437
3000,0.38266063
3001,0.035854686
3002,0.15103757
3003,0.24881999
3004,0.22460337
3005,0.020248318
3006,0.0111388825
3007,0.010542045
3008,0.030235738
3009,0.04540922
3010,0.11896245
3011,0.14146842
3012,0.049658924
3013,0.08324158
3014,0.15035181
3015,0.15722364
3016,0.1909925
3017,0.22164783
3018,0.30222258
3019,0.09646648
3020,0.0051481426
3021,0.01585035
3022,0.057586145
3023,0.084213026
3024,0.06034257
3025,0.28415436
3026,0.9056269
3027,0.077676885
3028,0.048433278
3029,0.2510192
3030,0.017258544
3031,0.010809514
3032,0.20293276
3033,0.024019076
3034,0.011346492
3035,0.10199927
3036,0.0065670116
3037,0.032214724
3038,0.07690017
3039,0.03528591
3040,0.061972193
3041,0.17645825
3042,0.13412741
3043,0.23123448
3044,0.22137144
3045,0.22538534
3046,0.020461654
3047,0.13855377
3048,0.16659711
3049,0.14703837
3050,0.5626175
3051,0.30884254
3052,0.28411764
3053,0.0066431863
3054,0.02977344
3055,0.089751385
3056,0.013329687
3057,0.055806745
3058,0.004996675
3059,0.002313048
3060,0.099257745
3061,0.008858649
3062,0.0083876215
3063,0.030687904
3064,0.05755657
3065,0.06944932
3066,0.10030012
3067,0.07316714
3068,0.11422694
3069,0.18444583
3070,0.080481865
3071,0.004472592
3072,0.13927749
3073,0.14549103
3074,0.006151141
3075,0.05752165
3076,0.556091
3077,0.8817415
3078,0.33353645
3079,0.0027126775
3080,0.056529425
3081,0.023463782
3082,0.23404548
3083,0.056522977
3084,0.07106453
3085,0.009792182
3086,0.086013004
3087,0.049496703
3088,0.055589538
3089,0.0071049943
3090,0.13795409
3091,0.010481802
3092,0.015407458
3093,0.103567526
3094,0.08897017
3095,0.05794366
3096,0.05044375
3097,0.08556744
3098,0.09055712
3099,0.04661331
3100,0.10344805
3101,0.07641631
3102,0.092484795
3103,0.6016028
3104,0.8501755
3105,0.41742477
3106,0.008272613
3107,0.010818506
3108,0.008224201
3109,0.037810154
3110,0.09357294
3111,0.24829571
3112,0.010652723
3113,0.058405705
3114,0.034821726
3115,0.05343036
3116,0.14388536
3117,0.18309435
3118,0.313728
3119,0.26553637
3120,0.1594744
3121,0.090038024
3122,0.13869753
3123,0.0748852
3124,0.074097216
3125,0.13224694
3126,0.024107773
3127,0.007218187
3128,0.12115443
3129,0.107522786
3130,0.081585154
3131,0.034297
3132,0.8425018
3133,0.9896906
3134,0.99387246
3135,0.020006219
3136,0.042688422
3137,0.12576087
3138,0.007885607
3139,0.15190355
3140,0.069436125
3141,0.047677997
3142,0.023230782
3143,0.007639342
3144,0.08787636
3145,0.01267718
3146,0.2263458
3147,0.44125572
3148,0.0682926
3149,0.12251717
3150,0.09702001
3151,0.17076461
3152,0.09423961
3153,0.116684355
3154,0.09368514
3155,0.007219518
3156,0.11698134
3157,0.104244806
3158,0.08445373
3159,0.060313396
3160,0.39373806
3161,0.42607355
3162,0.19327986
3163,0.056819957
3164,0.0042910613
3165,0.14106885
3166,0.0071939873
3167,0.04970319
3168,0.1947737
3169,0.0050216704
3170,0.0301891
3171,0.045549713
3172,0.030604284
3173,0.012924363
3174,0.049698085
3175,0.052158706
3176,0.17233011
3177,0.3938079
3178,0.17589566
3179,0.21394244
3180,0.12067784
3181,0.18250415
3182,0.14894995
3183,0.32394442
3184,0.08460586
3185,0.04545477
3186,0.005482848
3187,0.022492455
3188,0.14677982
3189,0.18709484
3190,0.07737717
3191,0.26778764
3192,0.36052704
3193,0.19083662
3194,0.9920474
3195,0.13431723
3196,0.032821603
3197,0.043578595
3198,0.17140254
3199,0.051297434
3200,0.03703583
3201,0.15355226
3202,0.12348984
3203,0.021996636
3204,0.026977688
3205,0.06900821
3206,0.19608763
3207,0.20122822
3208,0.23538387
3209,0.3191304
3210,0.25424185
3211,0.16711979
3212,0.13818362
3213,0.18948558
3214,0.0042605884
3215,0.0114665795
3216,0.11619868
3217,0.05211892
3218,0.03819739
3219,0.16485511
3220,0.27207524
3221,0.07740323
3222,0.4289414
3223,0.18307844
3224,0.0057968213
3225,0.13211595
3226,0.06989844
3227,0.08738243
3228,0.023429405
3229,0.032795988
3230,0.06837311
3231,0.07821245
3232,0.08797578
3233,0.17970543
3234,0.23470886
3235,0.5921446
3236,0.33756247
3237,0.24938393
3238,0.41577393
3239,0.062481366
3240,0.09370808
3241,0.09906332
3242,0.10933367
3243,0.22796352
3244,0.17945774
3245,0.018081771
3246,0.038639925
3247,0.13346057
3248,0.118358836
3249,0.0434278
3250,0.0028945387
3251,0.018368965
3252,0.03182584
3253,0.0046257055
3254,0.023334105
3255,0.013284003
3256,0.05516075
3257,0.06746477
3258,0.077773795
3259,0.22864275
3260,0.21862832
3261,0.051919688
3262,0.4141907
3263,0.39021537
3264,0.26053518
3265,0.11331985
3266,0.050043844
3267,0.047389798
3268,0.08815015
3269,0.11327459
3270,0.0223097
3271,0.0084121
3272,0.010914086
3273,0.39336592
3274,0.0385596
3275,0.004576484
3276,0.021614473
3277,0.050233174
3278,0.064863436
3279,0.032422874
3280,0.03716242
3281,0.07554483
3282,0.058709048
3283,0.003977796
3284,0.008899084
3285,0.023374865
3286,0.121125236
3287,0.12275169
3288,0.2138093
3289,0.23991005
3290,0.11233933
3291,0.5095415
3292,0.29241252
3293,0.25842664
3294,0.08961241
3295,0.08211903
3296,0.06619873
3297,0.025487533
3298,0.04439326
3299,0.036832295
3300,0.03486891
3301,0.33752567
3302,0.08068865
3303,0.22928283
3304,0.0414244
3305,0.07711547
3306,0.07427697
3307,0.079005025
3308,0.15964918
3309,0.04808528
3310,0.03363555
3311,0.001852355
3312,0.07555453
3313,0.17595807
3314,0.37611264
3315,0.2152162
3316,0.19442263
3317,0.08733557
3318,0.30936474
3319,0.190203
3320,0.0121181505
3321,0.0063848803
3322,0.009603326
3323,0.011568206
3324,0.010052519
3325,0.036702372
3326,0.13587657
3327,0.097588755
3328,0.055645823
3329,0.20503435
3330,0.0087346425
3331,0.094745934
3332,0.17878024
3333,0.0022999968
3334,0.009025965
3335,0.008586767
3336,0.13545124
3337,0.10372709
3338,0.0048827874
3339,0.08758455
3340,0.22563455
3341,0.05773542
3342,0.06113003
3343,0.04978221
3344,0.038255446
3345,0.10685299
3346,0.014333552
3347,0.080827005
3348,0.08062426
3349,0.038211115
3350,0.014613581
3351,0.008830495
3352,0.1088652
3353,0.0052942703
3354,0.016585715
3355,0.013537538
3356,0.042191427
3357,0.17166224
3358,0.004184192
3359,0.0066254586
3360,0.032400783
3361,0.17911437
3362,0.25200003
3363,0.24449348
3364,0.015557082
3365,0.0012663739
3366,0.017220952
3367,0.017037686
3368,0.057737608
3369,0.076532885
3370,0.10170212
3371,0.011025131
3372,0.030710202
3373,0.012395146
3374,0.042243183
3375,0.013617779
3376,0.010413753
3377,0.095685795
3378,0.09814576
3379,0.15893641
3380,0.0041993693
3381,0.024741955
3382,0.0062290384
3383,0.042378537
3384,0.10506155
3385,0.18777868
3386,0.029476147
3387,0.0114462115
3388,0.0085683605
3389,0.11666658
3390,0.032880012
3391,0.0093692625
3392,0.09040284
3393,0.10918633
3394,0.07197015
3395,0.014448796
3396,0.0049313894
3397,0.24097183
3398,0.050680935
3399,0.025743205
3400,0.14970478
3401,0.05053704
3402,0.008269471
3403,0.011463916
3404,0.032298204
3405,0.13295677
3406,0.25873208
3407,0.03433328
3408,0.012025202
3409,0.0058960817
3410,0.044728585
3411,0.031726144
3412,0.12986147
3413,0.098121054
3414,0.22481284
3415,0.09263325
3416,0.008727494
3417,0.0023876138
3418,0.07731374
3419,0.0747722
3420,0.0025926444
3421,0.104839325
3422,0.08070109
3423,0.06511051
3424,0.028421681
3425,0.12175473
3426,0.07396974
3427,0.011320254
3428,0.0076198676
3429,0.19660892
3430,0.34122115
3431,0.11018024
3432,0.015744679
3433,0.056730617
3434,0.059781887
3435,0.00392479
3436,0.047203705
3437,0.082358874
3438,0.070088424
3439,0.54900885
3440,0.033248384
3441,0.08539907
3442,0.120365344
3443,0.02743141
3444,0.11467783
3445,0.397294
3446,0.049955618
3447,0.108084954
3448,0.013925481
3449,0.052691955
3450,0.11391097
3451,0.048521344
3452,0.0040443144
3453,0.07867844
3454,0.05264022
3455,0.046066128
3456,0.008316934
3457,0.008877914
3458,0.0046296376
3459,0.041684132
3460,0.0043456904
3461,0.044455104
3462,0.010419702
3463,0.10670247
3464,0.07920891
3465,0.004532662
3466,0.047082026
3467,0.41316834
3468,0.05080943
3469,0.077763975
3470,0.008174953
3471,0.0066051134
3472,0.046518773
3473,0.05605926
3474,0.0021230287
3475,0.18183023
3476,0.05063521
3477,0.0053867185
3478,0.0061051454
3479,0.02901429
3480,0.07213162
3481,0.062118627
3482,0.030596217
3483,0.11982423
3484,0.06315802
3485,0.060955457
3486,0.20565495
3487,0.024785955
3488,0.036978334
3489,0.02996858
3490,0.004987383
3491,0.027650196
3492,0.10162173
3493,0.027895715
3494,0.0042957407
3495,0.007648508
3496,0.008563898
3497,0.0061484585
3498,0.07073772
3499,0.11771061
3500,0.0566125
3501,0.08644946
3502,0.054662157
3503,0.0043898546
3504,0.05471027
3505,0.037949182
3506,0.0070976005
3507,0.19664216
3508,0.11907323
3509,0.0061696796
3510,0.03629362
3511,0.00081131497
3512,0.0014403977
3513,0.0076791137
3514,0.004996034
3515,0.00080589496
3516,0.00469837
3517,0.0049123554
3518,0.0020126253
3519,0.013913852
3520,0.019355033
3521,0.04088272
3522,0.10435997
3523,0.12012304
3524,0.14945337
3525,0.006038497
3526,0.03666737
3527,0.0021597543
3528,0.0034167275
3529,0.012077318
3530,0.005720136
3531,0.0067644073
3532,0.0042682765
3533,0.009552961
3534,0.00729482
3535,0.14883615
3536,0.0050113164
3537,0.02309171
3538,0.03547
3539,0.015248967
3540,0.010161221
3541,0.030279642
3542,0.008918987
3543,0.024697179
3544,0.0054065683
3545,0.004764854
3546,0.037331335
3547,0.021295294
3548,0.096796565
3549,0.00439111
3550,0.0057625463
3551,0.00821762
3552,0.07010513
3553,0.00885771
3554,0.029016953
3555,0.04571361
3556,0.0076828063
3557,0.13757591
3558,0.009218263
3559,0.012265177
3560,0.03653735
3561,0.030255962
3562,0.008078777
3563,0.08142884
3564,0.0072357007
3565,0.10578867
3566,0.008190788
3567,0.016096633
3568,0.014122263
3569,0.008616133
3570,0.0076638497
3571,0.004937373
3572,0.006406938
3573,0.011375068
3574,0.00730742
3575,0.019173577
3576,0.01922753
3577,0.003675002
3578,0.007992309
3579,0.125715
3580,0.008413586
3581,0.016305115
3582,0.0011941476
3583,0.0019224022
3584,0.022055257
3585,0.016294245
3586,0.0076274746
3587,0.004784658
3588,0.0032831714
3589,0.017433891
3590,0.022928204
3591,0.05082891
3592,0.011564397
3593,0.057007115
3594,0.008587495
3595,0.0098037915
3596,0.04022933
3597,0.04668193
3598,0.062208008
3599,0.028545469
3600,0.04847168
3601,0.053677134
3602,0.11003872
3603,0.07222088
3604,0.007695604
3605,0.0042668176
3606,0.021011263
3607,0.04297789
3608,0.14301218
3609,0.17274486
3610,0.06341137
3611,0.012732424
3612,0.056423284
3613,0.20289406
3614,0.06465222
3615,0.23357277
3616,0.10204168
3617,0.21480915
3618,0.09354083
3619,0.021199252
3620,0.041471012
3621,0.008611956
3622,0.00880334
3623,0.17649451
3624,0.07272092
3625,0.44610104
3626,0.16234423
3627,0.08121091
3628,0.0082966145
3629,0.00494779
3630,0.059678547
3631,0.028407935
3632,0.009922321
3633,0.005612792
3634,0.12880366
3635,0.30100435
3636,0.43613774
3637,0.37042952
3638,0.0071109696
3639,0.00573073
3640,0.11944014
3641,0.2640118
3642,0.008188425
3643,0.10904227
3644,0.010603366
3645,0.014037529
3646,0.10384017
3647,0.3102159
3648,0.05343901
3649,0.19688162
3650,0.36245623
3651,0.050002165
3652,0.31224898
3653,0.007434669
3654,0.053863894
3655,0.2136511
3656,0.024554089
3657,0.042496253
3658,0.009903509
3659,0.07210513
3660,0.016837146
3661,0.038272206
3662,0.071395785
3663,0.05423587
3664,0.0085293595
3665,0.06344717
3666,0.31353492
3667,0.017213857
3668,0.034018546
3669,0.017555958
3670,0.08607424
3671,0.010359325
3672,0.02682375
3673,0.06037699
3674,0.07257478
3675,0.062482722
3676,0.026791692
3677,0.008626239
3678,0.18610248
3679,0.009796545
3680,0.24821205
3681,0.003991405
3682,0.00911679
3683,0.010433241
3684,0.009813539
3685,0.4463234
3686,0.15240104
3687,0.08096533
3688,0.40017667
3689,0.37280098
3690,0.0063086934
3691,0.06432444
3692,0.0096506225
3693,0.010218978
3694,0.03793117
3695,0.015380655
3696,0.009061999
3697,0.007193917
3698,0.06305696
3699,0.0060193455
3700,0.02937609
3701,0.066307016
3702,0.07832802
3703,0.2276938
3704,0.35850555
3705,0.023244357
3706,0.0036293739
3707,0.037145536
3708,0.03601405
3709,0.03424629
3710,0.19920118
3711,0.008471295
3712,0.028870339
3713,0.014958237
3714,0.18682134
3715,0.41296488
3716,0.021876425
3717,0.005827258
3718,0.046864226
3719,0.03801789
3720,0.024239862
3721,0.11387916
3722,0.20480423
3723,0.098227635
3724,0.14832923
3725,0.10989346
3726,0.022134265
3727,0.026752263
3728,0.0076826564
3729,0.0868019
3730,0.017036049
3731,0.06400956
3732,0.10978283
3733,0.00249947
3734,0.016867684
3735,0.015233725
3736,0.0042400956
3737,0.042187475
3738,0.017597396
3739,0.06750962
3740,0.013815975
3741,0.06304841
3742,0.14861408
3743,0.119837224
3744,0.064589635
3745,0.03639987
3746,0.06823771
3747,0.10205649
3748,0.0533634
3749,0.0125014335
3750,0.09472768
3751,0.05379513
3752,0.030910676
3753,0.10146992
3754,0.023307312
3755,0.042422656
3756,0.013205278
3757,0.04616683
3758,0.08872185
3759,0.09342075
3760,0.04773002
3761,0.07146221
3762,0.07398691
3763,0.011537996
3764,0.0041449917
3765,0.050101448
3766,0.07364229
3767,0.051551305
3768,0.0026352615
3769,0.38510066
3770,0.037633143
3771,0.027525112
3772,0.023977524
3773,0.15933962
3774,0.09307507
3775,0.043664318
3776,0.0133226905
3777,0.0014897719
3778,0.10306311
3779,0.00922323
3780,0.03032818
3781,0.013937148
3782,0.051115822
3783,0.07022065
3784,0.04179672
3785,0.06271772
3786,0.08443231
3787,0.12341776
3788,0.25957412
3789,0.054402124
3790,0.016988467
3791,0.051016904
3792,0.011792954
3793,0.10150971
3794,0.06104811
3795,0.017712083
3796,0.14986493
3797,0.071259275
3798,0.10892703
3799,0.06740547
3800,0.017986858
3801,0.03228807
3802,0.014423149
3803,0.124647066
3804,0.008944031
3805,0.049731877
3806,0.09428862
3807,0.010299797
3808,0.05011096
3809,0.042341936
3810,0.036117267
3811,0.07829791
3812,0.12468948
3813,0.10085348
3814,0.15676704
3815,0.0555753
3816,0.08940388
3817,0.01731709
3818,0.11224879
3819,0.045697156
3820,0.07012968
3821,0.08449316
3822,0.052649952
3823,0.039690025
3824,0.0675879
3825,0.007484933
3826,0.009779734
3827,0.01751044
3828,0.114954636
3829,0.038078003
3830,0.04997752
3831,0.013708657
3832,0.064949475
3833,0.04487548
3834,0.038198374
3835,0.044716887
3836,0.01964935
3837,0.0484061
3838,0.10022513
3839,0.24266443
3840,0.11766144
3841,0.13173535
3842,0.059026282
3843,0.06486212
3844,0.11557983
3845,0.09733186
3846,0.06793737
3847,0.008363347
3848,0.0019210068
3849,0.0022881194
3850,0.24016578
3851,0.03715703
3852,0.10035592
3853,0.086641476
3854,0.12129756
3855,0.023286894
3856,0.01755606
3857,0.007556929
3858,0.0021568122
3859,0.008016465
3860,0.1476163
3861,0.046634443
3862,0.016404478
3863,0.13007855
3864,0.36395198
3865,0.058345962
3866,0.005125129
3867,0.10709091
3868,0.04423533
3869,0.21410927
3870,0.24105993
3871,0.08749194
3872,0.011359803
3873,0.039679177
3874,0.05039239
3875,0.10827446
3876,0.13688517
3877,0.022058817
3878,0.19749162
3879,0.11234777
3880,0.07255661
3881,0.012300795
3882,0.0074854093
3883,0.024237724
3884,0.03274568
3885,0.062283028
3886,0.016579151
3887,0.10098499
3888,0.14071602
3889,0.09392565
3890,0.055220485
3891,0.007615889
3892,0.095998175
3893,0.16245317
3894,0.2229013
3895,0.07589919
3896,0.06902784
3897,0.036900576
3898,0.45103082
3899,0.02065191
3900,0.14703362
3901,0.23003557
3902,0.24329087
3903,0.010061083
3904,0.0018648449
3905,0.026284575
3906,0.034888577
3907,0.08392265
3908,0.106195286
3909,0.15449448
3910,0.053443946
3911,0.08673735
3912,0.17742565
3913,0.1630017
3914,0.15261166
3915,0.14354315
3916,0.2776576
3917,0.09105448
3918,0.015652344
3919,0.059314452
3920,0.13024463
3921,0.057317536
3922,0.24985597
3923,0.9194242
3924,0.08098353
3925,0.046681497
3926,0.2817948
3927,0.003284905
3928,0.05417602
3929,0.19972248
3930,0.006114401
3931,0.028997213
3932,0.0653344
3933,0.027869578
3934,0.10914693
3935,0.00834881
3936,0.18787284
3937,0.008444894
3938,0.086763464
3939,0.1285267
3940,0.12800907
3941,0.20035024
3942,0.27465004
3943,0.22972088
3944,0.018814463
3945,0.16126631
3946,0.10277462
3947,0.16342235
3948,0.650601
3949,0.33207983
3950,0.32698756
3951,0.006874457
3952,0.04527985
3953,0.10636377
3954,0.055516023
3955,0.01448721
3956,0.0014915185
3957,0.01724393
3958,0.0028919163
3959,0.06752366
3960,0.008285809
3961,0.02933314
3962,0.04846408
3963,0.10797634
3964,0.119544186
3965,0.081053965
3966,0.11255963
3967,0.1810455
3968,0.13400893
3969,0.030473595
3970,0.13936427
3971,0.16547906
3972,0.011959175
3973,0.07364569
3974,0.677026
3975,0.9666427
3976,0.36868137
3977,0.025783122
3978,0.06463574
3979,0.18735802
3980,0.0711824
3981,0.027025491
3982,0.005154092
3983,0.08044581
3984,0.06552309
3985,0.03966296
3986,0.0070869275
3987,0.16281009
3988,0.010905678
3989,0.020042758
3990,0.0875578
3991,0.10499257
3992,0.05265317
3993,0.056869674
3994,0.1364515
3995,0.111580074
3996,0.059820246
3997,0.090653025
3998,0.05840103
3999,0.07014237
4000,0.7066042
4001,0.7884575
4002,0.45401692
4003,0.025698487
4004,0.028859783
4005,0.008688288
4006,0.15557696
4007,0.12150526
4008,0.18059751
4009,0.019919071
4010,0.045555193
4011,0.0071611665
4012,0.05276232
4013,0.07946159
4014,0.19394319
4015,0.21459338
4016,0.29576522
4017,0.17744014
4018,0.14524832
4019,0.16642639
4020,0.07499536
4021,0.06307748
4022,0.13418154
4023,0.038904004
4024,0.028547138
4025,0.036771134
4026,0.20878153
4027,0.15527265
4028,0.096039
4029,0.0603293
4030,0.0263245
4031,0.9272486
4032,0.9902145
4033,0.9940958
4034,0.0066482336
4035,0.046677697
4036,0.09794162
4037,0.007936293
4038,0.13150983
4039,0.052141566
4040,0.017030727
4041,0.004343368
4042,0.011302544
4043,0.08937529
4044,0.025790181
4045,0.25098154
4046,0.4315339
4047,0.05022669
4048,0.08383469
4049,0.07816164
4050,0.17409869
4051,0.07020951
4052,0.12813511
4053,0.10314697
4054,0.045466304
4055,0.082614616
4056,0.13666011
4057,0.06980024
4058,0.0037020084
4059,0.4041411
4060,0.44778356
4061,0.20537047
4062,0.048442774
4063,0.02947571
4064,0.12653765
4065,0.085173145
4066,0.21976149
4067,0.019224245
4068,0.044614185
4069,0.05278174
4070,0.008061273
4071,0.036802523
4072,0.0052237306
4073,0.21163729
4074,0.40812725
4075,0.25941744
4076,0.20749061
4077,0.17094168
4078,0.18311313
4079,0.19854829
4080,0.3681427
4081,0.13606974
4082,0.012742261
4083,0.035392564
4084,0.049060147
4085,0.12081804
4086,0.16100916
4087,0.05851093
4088,0.3025145
4089,0.2510921
4090,0.20853333
4091,0.9920085
4092,0.11495353
4093,0.045053273
4094,0.07079874
4095,0.12677449
4096,0.06175489
4097,0.030898869
4098,0.09572585
4099,0.083869204
4100,0.04745592
4101,0.08421798
4102,0.06604901
4103,0.16454843
4104,0.25009513
4105,0.25863343
4106,0.37846425
4107,0.23881698
4108,0.1407996
4109,0.15963757
4110,0.25588885
4111,0.008473713
4112,0.027410213
4113,0.15112083
4114,0.07635208
4115,0.03426752
4116,0.24931665
4117,0.22869639
4118,0.08506662
4119,0.4797135
4120,0.20785639
4121,0.02090035
4122,0.17985392
4123,0.11505506
4124,0.056873553
4125,0.008632707
4126,0.028434744
4127,0.0432055
4128,0.057880886
4129,0.09926907
4130,0.07252671
4131,0.073897615
4132,0.1485785
4133,0.250729
4134,0.67054474
4135,0.29481858
4136,0.25958538
4137,0.39262396
4138,0.103267945
4139,0.086177185
4140,0.14200303
4141,0.07597753
4142,0.20335266
4143,0.15450336
4144,0.016651792
4145,0.042481404
4146,0.15084341
4147,0.019187625
4148,0.06854704
4149,0.086644456
4150,0.037193023
4151,0.018067332
4152,0.02956384
4153,0.007579501
4154,0.031193787
4155,0.051730193
4156,0.066228405
4157,0.11855111
4158,0.17024621
4159,0.21160913
4160,0.048764516
4161,0.3878561
4162,0.450998
4163,0.22804575
4164,0.067943364
4165,0.03042512
4166,0.043130897
4167,0.0018413197
4168,0.020272044
4169,0.12261675
4170,0.008746611
4171,0.024811313
4172,0.40830055
4173,0.048765533
4174,0.014212571
4175,0.038309805
4176,0.04747664
4177,0.087476134
4178,0.009918768
4179,0.05578679
4180,0.03374588
4181,0.04301529
4182,0.08744341
4183,0.113147855
4184,0.30510992
4185,0.22575362
4186,0.11949144
4187,0.5014517
4188,0.2816074
4189,0.268313
4190,0.09292848
4191,0.09155132
4192,0.030308936
4193,0.072385244
4194,0.034463283
4195,0.02303866
4196,0.016765637
4197,0.04552809
4198,0.3942183
4199,0.095280506
4200,0.22762117
4201,0.0072428323
4202,0.07938835
4203,0.06812783
4204,0.0726392
4205,0.18881875
4206,0.033304602
4207,0.030409332
4208,0.037683744
4209,0.06962922
4210,0.19861172
4211,0.40177864
4212,0.2140636
4213,0.21498688
4214,0.085516654
4215,0.27363867
4216,0.17681351
4217,0.0494011
4218,0.049785763
4219,0.009477019
4220,0.012151858
4221,0.030894578
4222,0.010375935
4223,0.10085275
4224,0.12262621
4225,0.062383145
4226,0.23162684
4227,0.020430518
4228,0.046994705
4229,0.20128235
4230,0.047715295
4231,0.002391075
4232,0.032905158
4233,0.14455926
4234,0.11754055
4235,0.00912878
4236,0.078538254
4237,0.19384119
4238,0.07691349
4239,0.0767105
4240,0.0057553984
4241,0.083520904
4242,0.09969902
4243,0.039717082
4244,0.09879668
4245,0.10475655
4246,0.041089155
4247,0.042447448
4248,0.0029164099
4249,0.16511986
4250,0.0055740005
4251,0.0076277046
4252,0.060992587
4253,0.048764076
4254,0.16480242
4255,0.020870905
4256,0.027187232
4257,0.0068016862
4258,0.04928767
4259,0.15257971
4260,0.30879158
4261,0.29524484
4262,0.0238812
4263,0.011003599
4264,0.0016547603
4265,0.0021127586
4266,0.015528669
4267,0.034164708
4268,0.037956618
4269,0.08474131
4270,0.11843145
4271,0.0029726266
4272,0.0031828005
4273,0.0113610085
4274,0.04456645
4275,0.013617334
4276,0.114621975
4277,0.09777823
4278,0.19118631
4279,0.04660117
4280,0.0036091178
4281,0.0034021973
4282,0.064737454
4283,0.15220833
4284,0.18122981
4285,0.05780364
4286,0.00501083
4287,0.08841834
4288,0.027425159
4289,0.009373544
4290,0.082550466
4291,0.09826435
4292,0.06629619
4293,0.009410818
4294,0.0021989301
4295,0.037971668
4296,0.2682021
4297,0.029039513
4298,0.14033565
4299,0.07991677
4300,0.00967619
4301,0.004729545
4302,0.020355176
4303,0.12238928
4304,0.21943025
4305,0.034929015
4306,0.0148615865
4307,0.011080509
4308,0.03860872
4309,0.02794312
4310,0.14301617
4311,0.08800126
4312,0.27877435
4313,0.09644603
4314,0.0021790464
4315,0.061025012
4316,0.03076596
4317,0.045126677
4318,0.15329453
4319,0.08171185
4320,0.0650575
4321,0.029147651
4322,0.088493705
4323,0.03329479
4324,0.0073817754
4325,0.21203709
4326,0.30877262
4327,0.07957051
4328,0.023230592
4329,0.112056315
4330,0.047382466
4331,0.009014746
4332,0.05752958
4333,0.06787097
4334,0.07331443
4335,0.51123464
4336,0.08901727
4337,0.07480639
4338,0.07786504
4339,0.028923238
4340,0.15305108
4341,0.40374342
4342,0.06995287
4343,0.12779222
4344,0.01392124
4345,0.021522403
4346,0.03298584
4347,0.05843375
4348,0.09420921
4349,0.021145334
4350,0.0052854666
4351,0.028177634
4352,0.004721098
4353,0.0050257137
4354,0.021483522
4355,0.0023487774
4356,0.10495009
4357,0.033453014
4358,0.04960415
4359,0.04452183
4360,0.12529989
4361,0.019783817
4362,0.08392797
4363,0.46720856
4364,0.08397212
4365,0.09024661
4366,0.011218575
4367,0.016517017
4368,0.077054426
4369,0.0632726
4370,0.025847863
4371,0.22234687
4372,0.033679865
4373,0.0054340153
4374,0.014338614
4375,0.058194626
4376,0.05954919
4377,0.008125573
4378,0.11067967
4379,0.0041889115
4380,0.008632058
4381,0.01930125
4382,0.04165595
4383,0.228658
4384,0.041006375
4385,0.007083006
4386,0.006865144
4387,0.02163343
4388,0.03694499
4389,0.005885636
4390,0.016295036
4391,0.114363626
4392,0.07159661
4393,0.024127066
4394,0.003881134
4395,0.005717208
4396,0.08920512
4397,0.1566855
4398,0.079284236
4399,0.054929137
4400,0.06729659
4401,0.005694025
4402,0.06374127
4403,0.010584971
4404,0.03588409
4405,0.21284775
4406,0.059470218
4407,0.005851117
4408,0.009224662
4409,0.07196274
4410,0.0006904479
4411,0.003892849
4412,0.006232914
4413,0.005719978
4414,0.004865034
4415,0.007707174
4416,0.008652736
4417,0.01308129
4418,0.027595501
4419,0.07116973
4420,0.11237155
4421,0.11240747
4422,0.18358621
4423,0.011515705
4424,0.05028682
4425,0.0026989703
4426,0.0127797825
4427,0.00591824
4428,0.0028747055
4429,0.008283364
4430,0.008069801
4431,0.008008731
4432,0.08703874
4433,0.0236574
4434,0.050890457
4435,0.00233501
4436,0.001992161
4437,0.018577833
4438,0.044262655
4439,0.0051609394
4440,0.030038435
4441,0.0025652193
4442,0.0058023906
4443,0.012229827
4444,0.025374204
4445,0.012054456
4446,0.008481676
4447,0.0064378483
4448,0.06409764
4449,0.09342879
4450,0.05270667
4451,0.049835198
4452,0.12247479
4453,0.009641332
4454,0.0012776502
4455,0.0043425327
4456,0.05327381
4457,0.0012824045
4458,0.050367005
4459,0.009965971
4460,0.094024934
4461,0.0077142655
4462,0.01582357
4463,0.0018522383
4464,0.005331839
4465,0.005063858
4466,0.052533716
4467,0.0010606131
4468,0.004818992
4469,0.06545283
4470,0.040932283
4471,0.010271044
4472,0.17929241
4473,0.021208975
4474,0.03258864
4475,0.0030730409
4476,0.009536555
4477,0.019805083
4478,0.0026796106
4479,0.017573133
4480,0.016232643
4481,0.019482335
4482,0.005127015
4483,0.0075119594
4484,0.008722819
4485,0.023251316
4486,0.05336966
4487,0.089847445
4488,0.0055133426
4489,0.061952434
4490,0.011509123
4491,0.02821666
4492,0.053044833
4493,0.0021479137
4494,0.036920384
4495,0.05041772
4496,0.052424133
4497,0.009668278
4498,0.030193979
4499,0.050019108
4500,0.05034734
4501,0.05784465
4502,0.11904372
4503,0.062419605
4504,0.043996073
4505,0.17657119
4506,0.042323433
4507,0.25780421
4508,0.052235592
4509,0.03618886
4510,0.06567785
4511,0.2650125
4512,0.054233532
4513,0.24707127
4514,0.106745586
4515,0.18850192
4516,0.053458113
4517,0.040204324
4518,0.0051250225
4519,0.026629161
4520,0.13319258
4521,0.019288717
4522,0.5623728
4523,0.12882689
4524,0.25753182
4525,0.021284226
4526,0.012392054
4527,0.027664742
4528,0.031359404
4529,0.02998599
4530,0.011611035
4531,0.08383976
4532,0.09567922
4533,0.36462754
4534,0.39041716
4535,0.015684072
4536,0.040444434
4537,0.08804198
4538,0.19506831
4539,0.070470184
4540,0.064015396
4541,0.08031651
4542,0.098433316
4543,0.30397865
4544,0.1217906
4545,0.20267689
4546,0.38155708
4547,0.18691632
4548,0.22648934
4549,0.01924694
4550,0.2669006
4551,0.05717619
4552,0.053913552
4553,0.04221975
4554,0.07382886
4555,0.016163629
4556,0.1300737
4557,0.16323595
4558,0.03210578
4559,0.04537725
4560,0.037643723
4561,0.35655314
4562,0.019811962
4563,0.051449917
4564,0.07713407
4565,0.08849301
4566,0.036560424
4567,0.07877589
4568,0.13393286
4569,0.13819914
4570,0.05307705
4571,0.061590333
4572,0.2756298
4573,0.059152078
4574,0.22592063
4575,0.050543893
4576,0.017585449
4577,0.005501549
4578,0.010732954
4579,0.36951208
4580,0.061725944
4581,0.0043529035
4582,0.06372194
4583,0.48431426
4584,0.41297245
4585,0.006463381
4586,0.09844092
4587,0.051862866
4588,0.0034898072
4589,0.009637373
4590,0.047480535
4591,0.0060489615
4592,0.021898026
4593,0.07042742
4594,0.041696396
4595,0.2736888
4596,0.34275898
4597,0.010689571
4598,0.003184321
4599,0.037705164
4600,0.0045461417
4601,0.007554452
4602,0.0034874536
4603,0.0066511305
4604,0.17600486
4605,0.014683865
4606,0.060924966
4607,0.05539022
4608,0.024568167
4609,0.23656388
4610,0.567403
4611,0.031696834
4612,0.016707452
4613,0.027139854
4614,0.070629485
4615,0.04126559
4616,0.04045428
4617,0.0070237936
4618,0.010736864
4619,0.09633444
4620,0.26748544
4621,0.10450246
4622,0.11043699
4623,0.07515885
4624,0.016199505
4625,0.024304459
4626,0.026040068
4627,0.07172017
4628,0.036142938
4629,0.042894207
4630,0.090296715
4631,0.0067600296
4632,0.043041512
4633,0.040390264
4634,0.0044553583
4635,0.0022561986
4636,0.022453351
4637,0.028544474
4638,0.02458345
4639,0.07007893
4640,0.14805597
4641,0.19332512
4642,0.06392665
4643,0.051060833
4644,0.058056813
4645,0.119457364
4646,0.136927
4647,0.033269636
4648,0.087959155
4649,0.05122461
4650,0.00404475
4651,0.008074445
4652,0.11703982
4653,0.03337587
4654,0.037877254
4655,0.0050619403
4656,0.07354048
4657,0.094117396
4658,0.119833075
4659,0.08539827
4660,0.13731591
4661,0.06270726
4662,0.034807205
4663,0.0029576782
4664,0.055995803
4665,0.046051294
4666,0.051295757
4667,0.01150796
4668,0.40860724
4669,0.10640131
4670,0.0078051602
4671,0.092531666
4672,0.06382279
4673,0.044480793
4674,0.025834847
4675,0.0030420078
4676,0.008104896
4677,0.051966935
4678,0.008522234
4679,0.038883626
4680,0.020372633
4681,0.07619387
4682,0.053227864
4683,0.0631518
4684,0.056793183
4685,0.082798995
4686,0.12069799
4687,0.2863413
4688,0.039917756
4689,0.020813335
4690,0.049320042
4691,0.00819256
4692,0.068640314
4693,0.050715197
4694,0.031012306
4695,0.16890076
4696,0.06912723
4697,0.07304492
4698,0.07485123
4699,0.049468495
4700,0.012882629
4701,0.005114752
4702,0.13563167
4703,0.007098846
4704,0.051774483
4705,0.10060879
4706,0.044270743
4707,0.013589467
4708,0.038770895
4709,0.0474992
4710,0.015486213
4711,0.086825855
4712,0.1212847
4713,0.123844385
4714,0.15853573
4715,0.062260948
4716,0.09410532
4717,0.018611211
4718,0.13930932
4719,0.0045957165
4720,0.05799682
4721,0.059307076
4722,0.08590224
4723,0.009528945
4724,0.050810028
4725,0.08370736
4726,0.043193527
4727,0.004953921
4728,0.07298676
4729,0.12077699
4730,0.03428613
4731,0.07138585
4732,0.0074500917
4733,0.0027118817
4734,0.046753924
4735,0.048343938
4736,0.03249161
4737,0.022611113
4738,0.039836776
4739,0.07076061
4740,0.11935101
4741,0.24374981
4742,0.10527285
4743,0.12906876
4744,0.082895495
4745,0.09723726
4746,0.07780298
4747,0.12857544
4748,0.04114694
4749,0.008895581
4750,0.031546444
4751,0.28077814
4752,0.045019623
4753,0.12955323
4754,0.08048165
4755,0.13147153
4756,0.006294007
4757,0.016006652
4758,0.007661733
4759,0.025174487
4760,0.01838379
4761,0.006877552
4762,0.1261583
4763,0.043003086
4764,0.036945276
4765,0.10515495
4766,0.38573462
4767,0.06436216
4768,0.15398115
4769,0.049571447
4770,0.27160627
4771,0.19764951
4772,0.122875534
4773,0.09475005
4774,0.006021292
4775,0.11426145
4776,0.19705757
4777,0.06034298
4778,0.28612533
4779,0.15107277
4780,0.1325668
4781,0.005143521
4782,0.04475397
4783,0.02462601
4784,0.07981708
4785,0.021018554
4786,0.10819229
4787,0.13084836
4788,0.075412266
4789,0.05779363
4790,0.0096507985
4791,0.092606425
4792,0.21670087
4793,0.26378664
4794,0.08819843
4795,0.09327207
4796,0.006768347
4797,0.0118873995
4798,0.022847831
4799,0.4330464
4800,0.054884475
4801,0.028825661
4802,0.2750521
4803,0.2181199
4804,0.001478139
4805,0.052571613
4806,0.037286982
4807,0.063760385
4808,0.12532477
4809,0.17811784
4810,0.033441015
4811,0.07452846
4812,0.16502652
4813,0.13957323
4814,0.1835595
4815,0.19370218
4816,0.25253743
4817,0.09072624
4818,0.061527275
4819,0.11732626
4820,0.04588426
4821,0.25676575
4822,0.9481759
4823,0.08763372
4824,0.09980257
4825,0.30090225
4826,0.010559877
4827,0.024095926
4828,0.22123937
4829,0.009715228
4830,0.021928512
4831,0.023915702
4832,0.092944436
4833,0.010330811
4834,0.14877525
4835,0.21657114
4836,0.022142608
4837,0.10274211
4838,0.1735378
4839,0.1566607
4840,0.1873826
4841,0.2945064
4842,0.25509316
4843,0.19971614
4844,0.13585618
4845,0.18898818
4846,0.5965556
4847,0.32001865
4848,0.35072452
4849,0.0066628726
4850,0.055151332
4851,0.15188554
4852,0.003467957
4853,0.0064881807
4854,0.009338913
4855,0.028808767
4856,0.06706955
4857,0.008007851
4858,0.028175343
4859,0.04414267
4860,0.08132313
4861,0.09479453
4862,0.10359422
4863,0.116703175
4864,0.18418613
4865,0.12374623
4866,0.033842217
4867,0.11490846
4868,0.18950877
4869,0.011293863
4870,0.12635027
4871,0.8345146
4872,0.98403394
4873,0.42027187
4874,0.0071594277
4875,0.014081555
4876,0.09346325
4877,0.2534205
4878,0.08004935
4879,0.0768771
4880,0.001914173
4881,0.100108705
4882,0.093468525
4883,0.028069666
4884,0.007132801
4885,0.14858253
4886,0.0102481
4887,0.053186186
4888,0.1066105
4889,0.093290865
4890,0.022871545
4891,0.047629867
4892,0.13265255
4893,0.053241033
4894,0.01963546
4895,0.12192868
4896,0.07586466
4897,0.10406313
4898,0.86573714
4899,0.8306278
4900,0.48412567
4901,0.034130923
4902,0.06395738
4903,0.02911757
4904,0.008011527
4905,0.13228948
4906,0.06422214
4907,0.16797107
4908,0.04869138
4909,0.077037685
4910,0.022701558
4911,0.015404111
4912,0.11851679
4913,0.1485732
4914,0.17386019
4915,0.30716264
4916,0.23555878
4917,0.17371932
4918,0.1352001
4919,0.07216736
4920,0.11248255
4921,0.11600791
4922,0.025546174
4923,0.05284994
4924,0.24033216
4925,0.14159599
4926,0.12472465
4927,0.09728788
4928,0.011410834
4929,0.8786377
4930,0.98940384
4931,0.993838
4932,0.008915137
4933,0.06859505
4934,0.16370144
4935,0.20717514
4936,0.004260269
4937,0.019050097
4938,0.013860276
4939,0.0150526585
4940,0.15026705
4941,0.011436858
4942,0.26582438
4943,0.48097324
4944,0.11415503
4945,0.08656056
4946,0.07518428
4947,0.1639125
4948,0.081722915
4949,0.17008527
4950,0.12311417
4951,0.036733203
4952,0.16239867
4953,0.1172937
4954,0.13944557
4955,0.0066987365
4956,0.0214602
4957,0.41165048
4958,0.37833393
4959,0.23573855
4960,0.09317849
4961,0.07590066
4962,0.08316918
4963,0.00702644
4964,0.07868151
4965,0.2178174
4966,0.011260833
4967,0.0021762403
4968,0.036334388
4969,0.007108937
4970,0.034688495
4971,0.030094117
4972,0.040866483
4973,0.21941659
4974,0.48332
4975,0.26045686
4976,0.24860151
4977,0.1501817
4978,0.20246902
4979,0.17741969
4980,0.35320336
4981,0.12191043
4982,0.027430069
4983,0.05420074
4984,0.04839553
4985,0.16319855
4986,0.17250818
4987,0.083779715
4988,0.28864294
4989,0.25986728
4990,0.20266314
4991,0.9915997
4992,0.1722314
4993,0.02251313
4994,0.08500858
4995,0.18624121
4996,0.07299723
4997,0.030662734
4998,0.080768265
4999,0.05982392
5000,0.05616089
5001,0.09072394
5002,0.056117117
5003,0.10959709
5004,0.23773642
5005,0.22331889
5006,0.42955428
5007,0.24353585
5008,0.13867423
5009,0.15069997
5010,0.21975043
5011,0.048559897
5012,0.16583006
5013,0.06099354
5014,0.04343873
5015,0.24056375
5016,0.20341523
5017,0.06798433
5018,0.5313295
5019,0.21684921
5020,0.06523687
5021,0.085885994
5022,0.10121928
5023,0.056169413
5024,0.032982457
5025,0.009999447
5026,0.056892175
5027,0.08095761
5028,0.08030319
5029,0.07821817
5030,0.1576218
5031,0.21402228
5032,0.7438777
5033,0.34588182
5034,0.23967703
5035,0.3979342
5036,0.12387941
5037,0.054456294
5038,0.07188673
5039,0.11871262
5040,0.1768166
5041,0.23536544
5042,0.045020774
5043,0.016514981
5044,0.09247518
5045,0.11531229
5046,0.017920488
5047,0.04872805
5048,0.08408995
5049,0.0017037727
5050,0.019216027
5051,0.0025618267
5052,0.0023629593
5053,0.017568756
5054,0.05455041
5055,0.08552869
5056,0.12867591
5057,0.18912697
5058,0.22304916
5059,0.07652254
5060,0.39797834
5061,0.4614807
5062,0.23848625
5063,0.077618375
5064,0.007117906
5065,0.020450735
5066,0.008952181
5067,0.039638747
5068,0.12892976
5069,0.00856338
5070,0.02463903
5071,0.49376154
5072,0.06522943
5073,0.013604124
5074,0.012483513
5075,0.008044692
5076,0.06483916
5077,0.002506155
5078,0.04990018
5079,0.035581697
5080,0.009039981
5081,0.00753755
5082,0.039426237
5083,0.108607136
5084,0.12603304
5085,0.36844546
5086,0.27140182
5087,0.09229313
5088,0.5892719
5089,0.24074717
5090,0.27868742
5091,0.10717746
5092,0.013970253
5093,0.057896137
5094,0.081310295
5095,0.06048823
5096,0.07842766
5097,0.36917132
5098,0.09270567
5099,0.21137333
5100,0.016370755
5101,0.080733314
5102,0.07689782
5103,0.10323282
5104,0.25839797
5105,0.01300136
5106,0.036444586
5107,0.018770905
5108,0.08668736
5109,0.17184205
5110,0.42904058
5111,0.22430715
5112,0.24131301
5113,0.15240909
5114,0.26939473
5115,0.17003529
5116,0.013644415
5117,0.00279538
5118,0.009271511
5119,0.01147783
5120,0.012549927
5121,0.0018800792
5122,0.14880167
5123,0.17877148
5124,0.05214212
5125,0.21757336
5126,0.06723985
5127,0.036040206
5128,0.18541391
5129,0.0912036
5130,0.021777676
5131,0.02933166
5132,0.15968731
5133,0.104630545
5134,0.0217813
5135,0.12636402
5136,0.18863967
5137,0.07984729
5138,0.07025733
5139,0.01868988
5140,0.05780552
5141,0.046034493
5142,0.009041427
5143,0.08956612
5144,0.115449026
5145,0.061701827
5146,0.037899245
5147,0.0084235575
5148,0.17656009
5149,0.0059679365
5150,0.009579019
5151,0.05353921
5152,0.08197906
5153,0.053010058
5154,0.19392717
5155,0.03874134
5156,0.019489618
5157,0.0064898743
5158,0.04504491
5159,0.16794845
5160,0.32473603
5161,0.2798101
5162,0.023124864
5163,0.016142536
5164,0.013577255
5165,0.1064675
5166,0.14145173
5167,0.00954746
5168,0.01035458
5169,0.011814189
5170,0.05919714
5171,0.0017455416
5172,0.006566213
5173,0.11603685
5174,0.088817164
5175,0.25261128
5176,0.0780863
5177,0.027834836
5178,0.0032719932
5179,0.07918621
5180,0.14282426
5181,0.25015277
5182,0.02023078
5183,0.008853838
5184,0.09413788
5185,0.0037880926
5186,0.009123845
5187,0.1392287
5188,0.10947154
5189,0.043878082
5190,0.011074721
5191,0.2403434
5192,0.02301054
5193,0.005494623
5194,0.024673508
5195,0.15334603
5196,0.07316098
5197,0.0067834742
5198,0.01673677
5199,0.023339307
5200,0.09234959
5201,0.20643492
5202,0.01146823
5203,0.0028145495
5204,0.028233597
5205,0.03365748
5206,0.036226712
5207,0.15475005
5208,0.06854594
5209,0.19368282
5210,0.082517214
5211,0.0042078206
5212,0.08014812
5213,0.058149744
5214,0.0041981223
5215,0.13142346
5216,0.08637492
5217,0.010063481
5218,0.07826031
5219,0.030971829
5220,0.089969605
5221,0.07904844
5222,0.0017138649
5223,0.0042663985
5224,0.22741047
5225,0.2776589
5226,0.08529023
5227,0.043515496
5228,0.011186792
5229,0.10904185
5230,0.006558453
5231,0.003119648
5232,0.10375367
5233,0.095682666
5234,0.051092423
5235,0.63192475
5236,0.04516416
5237,0.07080547
5238,0.00231969
5239,0.054331355
5240,0.036510438
5241,0.026100507
5242,0.0016576828
5243,0.22129981
5244,0.40547734
5245,0.064985916
5246,0.17870441
5247,0.042096946
5248,0.0041199853
5249,0.04626598
5250,0.10714642
5251,0.01902717
5252,0.0035661347
5253,0.046844404
5254,0.013691452
5255,0.0025592407
5256,0.030520096
5257,0.027680129
5258,0.014473312
5259,0.086668625
5260,0.040008746
5261,0.011275505
5262,0.027985906
5263,0.08063539
5264,0.12059404
5265,0.03296749
5266,0.0831814
5267,0.4692356
5268,0.065822795
5269,0.10490403
5270,0.097436346
5271,0.05855907
5272,0.020409446
5273,0.2779116
5274,0.014906119
5275,0.011781292
5276,0.07517411
5277,0.13673931
5278,0.041809402
5279,0.0882854
5280,0.026066428
5281,0.062071897
5282,0.05603717
5283,0.22619149
5284,0.041188605
5285,0.0059579313
5286,0.014842374
5287,0.02323655
5288,0.08413201
5289,0.0016670271
5290,0.025062025
5291,0.12619282
5292,0.07875501
5293,0.0071941377
5294,0.04262186
5295,0.04077342
5296,0.050294958
5297,0.07898203
5298,0.0761672
5299,0.09806647
5300,0.029686462
5301,0.05307706
5302,0.005145749
5303,0.03247333
5304,0.23133373
5305,0.1565746
5306,0.00478478
5307,0.07045787
5308,0.003683328
5309,0.0064429566
5310,0.034010965
5311,0.020359172
5312,0.023483187
5313,0.009340068
5314,0.0055341735
5315,0.013370253
5316,0.011217129
5317,0.0024683997
5318,0.015942488
5319,0.06928347
5320,0.1324833
5321,0.005005857
5322,0.08548282
5323,0.006945558
5324,0.15083995
5325,0.0007818926
5326,0.21343319
5327,0.0064654844
5328,0.0050470666
5329,0.033778667
5330,0.009040728
5331,0.011927231
5332,0.020311948
5333,0.017730502
5334,0.0069968766
5335,0.0010256667
5336,0.0071629127
5337,0.070741996
5338,0.0015484632
5339,0.023055663
5340,0.03555469
5341,0.009759558
5342,0.0017624622
5343,0.102543496
5344,0.014600645
5345,0.014817456
5346,0.024618832
5347,0.010904165
5348,0.07047422
5349,0.0080226455
5350,0.0063485825
5351,0.12581328
5352,0.058540683
5353,0.03445366
5354,0.019192694
5355,0.0076713683
5356,0.18855302
5357,0.0128102675
5358,0.002663521
5359,0.09750993
5360,0.0015100373
5361,0.027262837
5362,0.13361254
5363,0.04893274
5364,0.0071515874
5365,0.012234913
5366,0.018248912
5367,0.0066219
5368,0.0066887797
5369,0.007619685
5370,0.0009501364
5371,0.03536571
5372,0.0013470746
5373,0.0014304027
5374,0.022025919
5375,0.08714817
5376,0.033547074
5377,0.01448589
5378,0.007054135
5379,0.08782318
5380,0.02581961
5381,0.011345779
5382,0.06548653
5383,0.038333505
5384,0.009389354
5385,0.0046881074
5386,0.015963312
5387,0.041090023
5388,0.008914895
5389,0.0019682643
5390,0.008266764
5391,0.02902012
5392,0.08230077
5393,0.11240999
5394,0.0024607803
5395,0.060876172
5396,0.0071104146
5397,0.011408004
5398,0.009372828
5399,0.02191616
5400,0.05573696
5401,0.025514906
5402,0.05037539
5403,0.099991806
5404,0.009827739
5405,0.0708701
5406,0.04594472
5407,0.010251689
5408,0.13708933
5409,0.02838253
5410,0.03035619
5411,0.042282548
5412,0.1014845
5413,0.22762279
5414,0.021794127
5415,0.004371382
5416,0.057814587
5417,0.25161028
5418,0.10593073
5419,0.3114336
5420,0.024734832
5421,0.24066415
5422,0.027787644
5423,0.03959568
5424,0.011177368
5425,0.010731889
5426,0.00917701
5427,0.008878716
5428,0.22157797
5429,0.056827415
5430,0.62878335
5431,0.12856704
5432,0.01517837
5433,0.19473268
5434,0.03798663
5435,0.016254485
5436,0.012567377
5437,0.0115335705
5438,0.041083522
5439,0.025052551
5440,0.13168328
5441,0.06147887
5442,0.41334295
5443,0.45266587
5444,0.07544842
5445,0.20002206
5446,0.23523824
5447,0.007732636
5448,0.0022864875
5449,0.09000027
5450,0.03904657
5451,0.038814485
5452,0.01717845
5453,0.4547851
5454,0.07587916
5455,0.25312474
5456,0.46893325
5457,0.08415254
5458,0.0038988474
5459,0.33624274
5460,0.06589577
5461,0.26625893
5462,0.0639736
5463,0.045555823
5464,0.05392002
5465,0.00982968
5466,0.1028059
5467,0.06344712
5468,0.03940781
5469,0.15979187
5470,0.32326406
5471,0.0044835233
5472,0.01817359
5473,0.04003382
5474,0.058029957
5475,0.08177211
5476,0.0030343637
5477,0.06544339
5478,0.10597972
5479,0.14963679
5480,0.045468144
5481,0.033863265
5482,0.23052149
5483,0.055550776
5484,0.21120198
5485,0.026882634
5486,0.028704971
5487,0.017175484
5488,0.010083554
5489,0.012742838
5490,0.39481094
5491,0.022402454
5492,0.28021756
5493,0.43070683
5494,0.006730194
5495,0.05984243
5496,0.04411865
5497,0.008662851
5498,0.034312982
5499,0.0021826047
5500,0.011083212
5501,0.0058850166
5502,0.10386495
5503,0.077800594
5504,0.10070226
5505,0.24375772
5506,0.30617124
5507,0.010259596
5508,0.011440529
5509,0.03967178
5510,0.0069156364
5511,0.0029506362
5512,0.03999095
5513,0.036937602
5514,0.17893751
5515,0.029795114
5516,0.062014215
5517,0.0098557575
5518,0.05822595
5519,0.010737012
5520,0.29789943
5521,0.6735752
5522,0.020764258
5523,0.019077457
5524,0.032103147
5525,0.0076169968
5526,0.005004234
5527,0.009254218
5528,0.0075387033
5529,0.0023939249
5530,0.14442615
5531,0.26792496
5532,0.13177294
5533,0.12769261
5534,0.14289656
5535,0.027606165
5536,0.0392869
5537,0.03577754
5538,0.051684987
5539,0.023531014
5540,0.02008826
5541,0.08430601
5542,0.01759779
5543,0.02494621
5544,0.008902468
5545,0.0036003827
5546,0.013700304
5547,0.013452822
5548,0.032230686
5549,0.014087165
5550,0.025646811
5551,0.0840985
5552,0.114336
5553,0.14070055
5554,0.024961498
5555,0.037290547
5556,0.025234908
5557,0.12846598
5558,0.13019356
5559,0.01333275
5560,0.09000723
5561,0.017808197
5562,0.007853322
5563,0.06864334
5564,0.0069025904
5565,0.026295155
5566,0.020062963
5567,0.06587015
5568,0.061961375
5569,0.103497766
5570,0.092382416
5571,0.13399562
5572,0.04118388
5573,0.033809677
5574,0.008123272
5575,0.061298043
5576,0.075780846
5577,0.08431303
5578,0.05378439
5579,0.36361492
5580,0.09577991
5581,0.17813255
5582,0.057994418
5583,0.11325617
5584,0.011281185
5585,0.0020189162
5586,0.008438996
5587,0.004385713
5588,0.06834389
5589,0.03851223
5590,0.001576641
5591,0.039336607
5592,0.021109816
5593,0.11693758
5594,0.05639875
5595,0.062465377
5596,0.05903859
5597,0.08736878
5598,0.12600733
5599,0.26691064
5600,0.023647238
5601,0.04014548
5602,0.060817502
5603,0.03918537
5604,0.05603621
5605,0.03479736
5606,0.05612278
5607,0.136964
5608,0.025133943
5609,0.15467899
5610,0.066723645
5611,0.09166352
5612,0.03722594
5613,0.013327452
5614,0.15311292
5615,0.0015881781
5616,0.009028958
5617,0.13599399
5618,0.049643084
5619,0.0074725524
5620,0.003737834
5621,0.06705517
5622,0.05060888
5623,0.065579966
5624,0.0987601
5625,0.09178306
5626,0.13993731
5627,0.057024337
5628,0.06917946
5629,0.039336167
5630,0.081870876
5631,0.011788258
5632,0.02673747
5633,0.07023051
5634,0.060880028
5635,0.039568394
5636,0.0019851106
5637,0.03238831
5638,0.02883347
5639,0.12249007
5640,0.14216517
5641,0.068338305
5642,0.007402049
5643,0.006016078
5644,0.016427604
5645,0.05633661
5646,0.05081613
5647,0.06971577
5648,0.064601645
5649,0.1216764
5650,0.3039636
5651,0.10808577
5652,0.11673417
5653,0.04079128
5654,0.10036707
5655,0.09208895
5656,0.14061734
5657,0.075491145
5658,0.008326413
5659,0.013205213
5660,0.31034574
5661,0.07467525
5662,0.10767184
5663,0.06684462
5664,0.10495539
5665,0.014461013
5666,0.01458396
5667,0.007143691
5668,0.04169797
5669,0.0076600364
5670,0.02605198
5671,0.15445603
5672,0.042913955
5673,0.036632527
5674,0.093664415
5675,0.41400892
5676,0.060804345
5677,0.012329243
5678,0.14509258
5679,0.06010432
5680,0.19992082
5681,0.17015463
5682,0.10323079
5683,0.0051724603
5684,0.013784351
5685,0.083810285
5686,0.18733673
5687,0.052923154
5688,0.21217854
5689,0.13923167
5690,0.09114723
5691,0.0014602371
5692,0.027394686
5693,0.009122832
5694,0.067081764
5695,0.04131547
5696,0.11709361
5697,0.11030743
5698,0.077534124
5699,0.15116358
5700,0.034185216
5701,0.08045004
5702,0.20715353
5703,0.23971114
5704,0.10113565
5705,0.016269589
5706,0.018828675
5707,0.03076988
5708,0.44106388
5709,0.048388645
5710,0.027396958
5711,0.2528073
5712,0.25578207
5713,0.010041354
5714,0.011471553
5715,0.014245674
5716,0.05523809
5717,0.16958673
5718,0.13419954
5719,0.05236552
5720,0.05235474
5721,0.16327514
5722,0.19668686
5723,0.17789216
5724,0.17850745
5725,0.2521177
5726,0.08362041
5727,0.016702522
5728,0.11890356
5729,0.010506114
5730,0.32920504
5731,0.9381906
5732,0.085560374
5733,0.05646962
5734,0.34356526
5735,0.0011396036
5736,0.0624281
5737,0.1850129
5738,0.035042606
5739,0.040935203
5740,0.059388183
5741,0.023175806
5742,0.118706904
5743,0.0016598996
5744,0.18951485
5745,0.050057225
5746,0.085199416
5747,0.16322815
5748,0.13395719
5749,0.19235405
5750,0.29956105
5751,0.2420181
5752,0.022702243
5753,0.2123709
5754,0.105397485
5755,0.21020265
5756,0.7327508
5757,0.3220864
5758,0.396738
5759,0.05181858
5760,0.1652933
5761,0.014477943
5762,0.0041455715
5763,0.007418749
5764,0.009468509
5765,0.009826815
5766,0.0016644472
5767,0.08318089
5768,0.008343628
5769,0.0073556835
5770,0.028616518
5771,0.051264517
5772,0.069683544
5773,0.10955415
5774,0.14675952
5775,0.11249286
5776,0.19069354
5777,0.12824002
5778,0.029724563
5779,0.13471961
5780,0.21599495
5781,0.17898208
5782,0.95521766
5783,0.9878351
5784,0.42337626
5785,0.0073588425
5786,0.00433295
5787,0.06998218
5788,0.05934261
5789,0.25550857
5790,0.0688725
5791,0.06604455
5792,0.0069441805
5793,0.04073634
5794,0.09233646
5795,0.022574535
5796,0.007129539
5797,0.14691004
5798,0.010821484
5799,0.006271398
5800,0.12020409
5801,0.10890385
5802,0.05176782
5803,0.05722437
5804,0.15179628
5805,0.072573185
5806,0.045097265
5807,0.078664556
5808,0.11542495
5809,0.07239397
5810,0.8577609
5811,0.8635146
5812,0.5191132
5813,0.007993905
5814,0.07933913
5815,0.027849805
5816,0.14527546
5817,0.13763306
5818,0.23666155
5819,0.1308563
5820,0.0051599666
5821,0.05138005
5822,0.13255206
5823,0.16873826
5824,0.1557881
5825,0.3192446
5826,0.24396417
5827,0.1534268
5828,0.13048522
5829,0.07361933
5830,0.10038836
5831,0.108702384
5832,0.043256883
5833,0.057912312
5834,0.2765773
5835,0.15818843
5836,0.08851324
5837,0.076533005
5838,0.05403332
5839,0.91240674
5840,0.9890858
5841,0.9937788
5842,0.005905903
5843,0.043329347
5844,0.16360839
5845,0.14351271
5846,0.05221355
5847,0.043176692
5848,0.01486548
5849,0.020350004
5850,0.11494495
5851,0.012427445
5852,0.3157948
5853,0.4930477
5854,0.09130733
5855,0.09595178
5856,0.06954237
5857,0.16396287
5858,0.08938824
5859,0.19217373
5860,0.092857525
5861,0.0073739975
5862,0.14843819
5863,0.10183717
5864,0.11078715
5865,0.039678108
5866,0.38001907
5867,0.3747484
5868,0.24191697
5869,0.10346301
5870,0.061666973
5871,0.100926936
5872,0.083151415
5873,0.20486858
5874,0.032275207
5875,0.060734503
5876,0.015971523
5877,0.0016484559
5878,0.027375717
5879,0.024470892
5880,0.0265125
5881,0.23272333
5882,0.5285122
5883,0.29782122
5884,0.23384745
5885,0.16070405
5886,0.22293405
5887,0.20455582
5888,0.39017856
5889,0.13429956
5890,0.002364271
5891,0.087739706
5892,0.033186477
5893,0.14877817
5894,0.2424653
5895,0.0912926
5896,0.27437243
5897,0.25662574
5898,0.15868863
5899,0.9915266
5900,0.115296796
5901,0.016199496
5902,0.12072928
5903,0.17559674
5904,0.0043448703
5905,0.053048592
5906,0.054459833
5907,0.051192254
5908,0.07789987
5909,0.08927329
5910,0.053785704
5911,0.11808457
5912,0.23164639
5913,0.25896206
5914,0.4392199
5915,0.29171294
5916,0.15800136
5917,0.14647038
5918,0.23016572
5919,0.1621509
5920,0.07761562
5921,0.006914252
5922,0.27906153
5923,0.2754527
5924,0.082779035
5925,0.4818681
5926,0.23865652
5927,0.050069906
5928,0.0682677
5929,0.13422865
5930,0.06114798
5931,0.033588726
5932,0.053780217
5933,0.04955321
5934,0.07884012
5935,0.12181336
5936,0.06471171
5937,0.13135576
5938,0.26629034
5939,0.8947179
5940,0.3777236
5941,0.2488348
5942,0.47950298
5943,0.14269003
5944,0.107037105
5945,0.08931267
5946,0.19324084
5947,0.21031065
5948,0.08514524
5949,0.016250655
5950,0.005731789
5951,0.08452179
5952,0.13820691
5953,0.0016211867
5954,0.06262718
5955,0.06902552
5956,0.05061679
5957,0.047434945
5958,0.03855807
5959,0.010403732
5960,0.0148081165
5961,0.04123066
5962,0.048270464
5963,0.060234535
5964,0.19773248
5965,0.21513744
5966,0.093112245
5967,0.4310624
5968,0.4894269
5969,0.26019683
5970,0.13965598
5971,0.0053885025
5972,0.008565938
5973,0.0033194516
5974,0.056317635
5975,0.118866384
5976,0.007821211
5977,0.0017907845
5978,0.47214475
5979,0.01767658
5980,0.014304468
5981,0.044807356
5982,0.05114495
5983,0.143255
5984,0.0020631496
5985,0.09138103
5986,0.014418701
5987,0.01694427
5988,0.0023661512
5989,0.023953015
5990,0.039299
5991,0.09355723
5992,0.109116755
5993,0.27314445
5994,0.27166212
5995,0.08353679
5996,0.5996687
5997,0.27146107
5998,0.30141607
5999,0.1775749
6000,0.06802684
6001,0.029450944
6002,0.044369996
6003,0.0068109124
6004,0.047267012
6005,0.049842726
6006,0.038441915
6007,0.34959587
6008,0.13644774
6009,0.25306863
6010,0.011256126
6011,0.09474935
6012,0.08010196
6013,0.09617393
6014,0.23800352
6015,0.0031047706
6016,0.020484911
6017,0.07828072
6018,0.17101762
6019,0.46521848
6020,0.21249005
6021,0.2258975
6022,0.11443126
6023,0.24988075
6024,0.15542619
6025,0.017479781
6026,0.046030525
6027,0.03864238
6028,0.18274876
6029,0.12922803
6030,0.03915781
6031,0.18917614
6032,0.01875687
6033,0.06285312
6034,0.193527
6035,0.082087874
6036,0.0070085255
6037,0.12300117
6038,0.1250627
6039,0.007403069
6040,0.006191333
6041,0.14076732
6042,0.2041007
6043,0.0898722
6044,0.07063739
6045,0.0018987224
6046,0.06576235
6047,0.06794502
6048,0.0079202
6049,0.1390289
6050,0.07568623
6051,0.03728475
6052,0.040017474
6053,0.0045490363
6054,0.14555794
6055,0.0058228276
6056,0.00993203
6057,0.07308157
6058,0.06021475
6059,0.056935
6060,0.19678336
6061,0.0057674795
6062,0.023892736
6063,0.0067350133
6064,0.06489526
6065,0.19407561
6066,0.31974724
6067,0.27552402
6068,0.036770277
6069,0.017258005
6070,0.015035523
6071,0.09660577
6072,0.004780379
6073,0.055395585
6074,0.17511241
6075,0.0027606194
6076,0.050896145
6077,0.0028941755
6078,0.003105639
6079,0.012178611
6080,0.09379712
6081,0.09264264
6082,0.23665473
6083,0.08033654
6084,0.037039466
6085,0.01666689
6086,0.059239022
6087,0.09642938
6088,0.22968468
6089,0.017271101
6090,0.096887514
6091,0.008109038
6092,0.009854925
6093,0.1555008
6094,0.1375885
6095,0.106003165
6096,0.03192734
6097,0.0051971097
6098,0.28283197
6099,0.021846462
6100,0.012331118
6101,0.032446947
6102,0.18482263
6103,0.04428615
6104,0.03353139
6105,0.032121148
6106,0.0076116743
6107,0.09273283
6108,0.13693714
6109,0.041448265
6110,0.0043809013
6111,0.015231018
6112,0.008598323
6113,0.07161101
6114,0.034868084
6115,0.1582796
6116,0.019003872
6117,0.2056154
6118,0.15192786
6119,0.007582384
6120,0.07142614
6121,0.026809553
6122,0.0019359918
6123,0.2060066
6124,0.046568494
6125,0.0067020045
6126,0.08193706
6127,0.041850317
6128,0.0081492085
6129,0.0023231187
6130,0.22791013
6131,0.26187307
6132,0.090109326
6133,0.039599605
6134,0.12425345
6135,0.012404125
6136,0.011514206
6137,0.08245657
6138,0.063423164
6139,0.10537051
6140,0.7126722
6141,0.06495664
6142,0.008112318
6143,0.07441843
6144,0.016531106
6145,0.036459588
6146,0.015289405
6147,0.15287247
6148,0.36466688
6149,0.12689647
6150,0.09140478
6151,0.0033589464
6152,0.03610892
6153,0.044972908
6154,0.10138947
6155,0.041428614
6156,0.026452279
6157,0.067863904
6158,0.012938333
6159,0.025956541
6160,0.011279674
6161,0.04654038
6162,0.028913498
6163,0.07747754
6164,0.029955298
6165,0.007418251
6166,0.0013115765
6167,0.032660794
6168,0.06390868
6169,0.13369778
6170,0.007060169
6171,0.040852904
6172,0.4621446
6173,0.020476196
6174,0.09596713
6175,0.06779393
6176,0.049098782
6177,0.024756748
6178,0.27875417
6179,0.018911745
6180,0.0076642944
6181,0.0066875936
6182,0.0068729343
6183,0.029872406
6184,0.111680225
6185,0.016876362
6186,0.01007119
6187,0.08641453
6188,0.0045221276
6189,0.020776981
6190,0.18403563
6191,0.1166288
6192,0.009248673
6193,0.0145624485
6194,0.022369921
6195,0.07824006
6196,0.009053583
6197,0.023412127
6198,0.15656468
6199,0.12778392
6200,0.007827525
6201,0.049209487
6202,0.05148133
6203,0.06999008
6204,0.07783426
6205,0.08999679
6206,0.068459444
6207,0.018259205
6208,0.079443164
6209,0.010198738
6210,0.081771314
6211,0.23747644
6212,0.16088836
6213,0.08197164
6214,0.004391546
6215,0.0147646945
6216,0.020745918
6217,0.016900172
6218,0.01093177
6219,0.0009568019
6220,0.011357819
6221,0.0040036836
6222,0.0053144735
6223,0.002887192
6224,0.01625191
6225,0.111447476
6226,0.17554307
6227,0.005245385
6228,0.08516026
6229,0.13193505
6230,0.0077635376
6231,0.19870265
6232,0.00520029
6233,0.048579596
6234,0.010749898
6235,0.011771991
6236,0.014511098
6237,0.008455856
6238,0.03623326
6239,0.02785058
6240,0.007478714
6241,0.062159546
6242,0.022006094
6243,0.024852682
6244,0.010972386
6245,0.0095320735
6246,0.00994058
6247,0.0061656595
6248,0.048637044
6249,0.05609134
6250,0.015330833
6251,0.021046847
6252,0.015398758
6253,0.0045324243
6254,0.005314282
6255,0.008222279
6256,0.00567801
6257,0.007432452
6258,0.041920803
6259,0.052010655
6260,0.0020764656
6261,0.011682753
6262,0.09139876
6263,0.04912636
6264,0.10215386
6265,0.053190153
6266,0.007253145
6267,0.2352918
6268,0.022993103
6269,0.0014947992
6270,0.09347403
6271,0.009027536
6272,0.08117319
6273,0.13575022
6274,0.061609052
6275,0.008085965
6276,0.032149773
6277,0.012774532
6278,0.0039727655
6279,0.02748027
6280,0.007922567
6281,0.023857508
6282,0.012578371
6283,0.0010052944
6284,0.009454953
6285,0.0017346933
6286,0.0044920864
6287,0.00065052876
6288,0.023958053
6289,0.07086076
6290,0.15297757
6291,0.0028851181
6292,0.042061023
6293,0.061777115
6294,0.053647596
6295,0.041225366
6296,0.009788474
6297,0.04712029
6298,0.005479726
6299,0.031447224
6300,0.00574033
6301,0.007405943
6302,0.030499205
6303,0.07808342
6304,0.118075095
6305,0.009323242
6306,0.058559168
6307,0.005198913
6308,0.048955075
6309,0.057830364
6310,0.04883486
6311,0.15762088
6312,0.010086629
6313,0.0052116397
6314,0.062257387
6315,0.028169528
6316,0.07371746
6317,0.078296885
6318,0.08315045
6319,0.006874174
6320,0.012118424
6321,0.026076626
6322,0.08951912
6323,0.0866675
6324,0.22419181
6325,0.1605639
6326,0.17121008
6327,0.31608483
6328,0.04051576
6329,0.36546367
6330,0.06968398
6331,0.17885716
6332,0.05120834
6333,0.18341753
6334,0.010371272
6335,0.056259036
6336,0.0026571976
6337,0.2782946
6338,0.016132396
6339,0.66375005
6340,0.16291742
6341,0.22902961
6342,0.069189526
6343,0.0046525607
6344,0.016824353
6345,0.048020396
6346,0.037740204
6347,0.009352786
6348,0.20653903
6349,0.13470359
6350,0.48656863
6351,0.51098454
6352,0.122513674
6353,0.093180716
6354,0.13031176
6355,0.27077863
6356,0.009102533
6357,0.008242829
6358,0.027298432
6359,0.060940474
6360,0.015402665
6361,0.011046113
6362,0.121091485
6363,0.032389797
6364,0.42779502
6365,0.14006393
6366,0.2861759
6367,0.5193014
6368,0.13384877
6369,0.013061026
6370,0.42201167
6371,0.049387377
6372,0.09197085
6373,0.22948723
6374,0.069619015
6375,0.098681316
6376,0.030436065
6377,0.052748002
6378,0.06743491
6379,0.10662657
6380,0.16384207
6381,0.03397716
6382,0.109962
6383,0.36284822
6384,0.026816338
6385,0.012606012
6386,0.097227745
6387,0.020836163
6388,0.08411512
6389,0.030738885
6390,0.07822705
6391,0.09715251
6392,0.059876997
6393,0.040757857
6394,0.13814907
6395,0.34539598
6396,0.07846464
6397,0.013776625
6398,0.010394594
6399,0.0030566533
6400,0.0025893757
6401,0.0018338611
6402,0.3279607
6403,0.17455217
6404,0.06277707
6405,0.38603193
6406,0.46626997
6407,0.07850853
6408,0.02860346
6409,0.012669498
6410,0.007948521
6411,0.006934953
6412,0.053508967
6413,0.006023255
6414,0.026706222
6415,0.02139197
6416,0.18723765
6417,0.3186105
6418,0.31361285
6419,0.013474368
6420,0.012761889
6421,0.037557825
6422,0.008680651
6423,0.07943301
6424,0.0037686196
6425,0.23645386
6426,0.0040730946
6427,0.030429717
6428,0.008683608
6429,0.06640037
6430,0.005111066
6431,0.35249647
6432,0.65175116
6433,0.0071395067
6434,0.05987511
6435,0.008822501
6436,0.008616813
6437,0.007845054
6438,0.002615631
6439,0.004118488
6440,0.09112051
6441,0.23545694
6442,0.17899938
6443,0.093456864
6444,0.1228111
6445,0.0028417981
6446,0.023886038
6447,0.040975418
6448,0.056120377
6449,0.044340104
6450,0.025707036
6451,0.082212575
6452,0.0381233
6453,0.0046498966
6454,0.03126714
6455,0.0111042615
6456,0.03574478
6457,0.007407289
6458,0.047211558
6459,0.0043148734
6460,0.09211011
6461,0.013394537
6462,0.04692286
6463,0.0804166
6464,0.15539753
6465,0.20958981
6466,0.04933235
6467,0.05054432
6468,0.07783995
6469,0.16084123
6470,0.06342088
6471,0.043708604
6472,0.06347547
6473,0.05257041
6474,0.014535338
6475,0.0018477237
6476,0.08640869
6477,0.037595194
6478,0.03235004
6479,0.021341857
6480,0.050289083
6481,0.08523607
6482,0.14586172
6483,0.124260485
6484,0.1387454
6485,0.045305066
6486,0.011439381
6487,0.006744273
6488,0.05267154
6489,0.054198366
6490,0.010970218
6491,0.009237479
6492,0.07009578
6493,0.041891582
6494,0.42314926
6495,0.11695161
6496,0.07767796
6497,0.009486625
6498,0.16507395
6499,0.00845442
6500,0.12688711
6501,0.0398485
6502,0.009310251
6503,0.0045904475
6504,0.041441195
6505,0.0018804383
6506,0.0073362687
6507,0.027116764
6508,0.12348299
6509,0.0713063
6510,0.033224564
6511,0.08755998
6512,0.088458285
6513,0.14466031
6514,0.311756
6515,0.043089967
6516,0.049271714
6517,0.0648941
6518,0.041647576
6519,0.08978556
6520,0.06933089
6521,0.071532294
6522,0.1461676
6523,0.038460843
6524,0.14786609
6525,0.09242767
6526,0.06486399
6527,0.042168833
6528,0.0022598938
6529,0.007847095
6530,0.1571228
6531,0.0101703
6532,0.034105446
6533,0.11893678
6534,0.05295365
6535,0.0078776665
6536,0.019997695
6537,0.10028653
6538,0.038999148
6539,0.08803787
6540,0.11310849
6541,0.08506602
6542,0.15621746
6543,0.07629939
6544,0.097356424
6545,0.04019161
6546,0.117856964
6547,0.02492321
6548,0.037392
6549,0.050521366
6550,0.0915598
6551,0.05841406
6552,0.0038440481
6553,0.059704196
6554,0.053043805
6555,0.073411964
6556,0.11012546
6557,0.052377604
6558,0.031143382
6559,0.0074511347
6560,0.0020976267
6561,0.06257778
6562,0.013790397
6563,0.061294783
6564,0.039494194
6565,0.042114593
6566,0.11967437
6567,0.29243314
6568,0.113101974
6569,0.13912895
6570,0.063352495
6571,0.107933804
6572,0.077568814
6573,0.10602298
6574,0.08494466
6575,0.0018742249
6576,0.024994362
6577,0.31377015
6578,0.08681844
6579,0.11604069
6580,0.07835648
6581,0.11285088
6582,0.012509005
6583,0.015691109
6584,0.008818351
6585,0.17668504
6586,0.06572642
6587,0.05726673
6588,0.0920621
6589,0.38946754
6590,0.09813474
6591,0.0074181976
6592,0.11461192
6593,0.049025636
6594,0.21838264
6595,0.19071895
6596,0.09937068
6597,0.039498996
6598,0.044286106
6599,0.17155024
6600,0.055415638
6601,0.15551779
6602,0.13457273
6603,0.007250771
6604,0.080213666
6605,0.0015690705
6606,0.015129432
6607,0.011483627
6608,0.08307543
6609,0.010211395
6610,0.12075496
6611,0.1317234
6612,0.09656482
6613,0.11295346
6614,0.0148193035
6615,0.0971217
6616,0.1997067
6617,0.2610884
6618,0.120058045
6619,0.0015014254
6620,0.036674965
6621,0.03738299
6622,0.030835804
6623,0.04594394
6624,0.43436256
6625,0.06848641
6626,0.03994484
6627,0.30288225
6628,0.25508457
6629,0.015453398
6630,0.011307405
6631,0.004134127
6632,0.014448156
6633,0.02735671
6634,0.16035356
6635,0.16695112
6636,0.033516277
6637,0.05848674
6638,0.16726162
6639,0.17293632
6640,0.18848687
6641,0.18538457
6642,0.2708767
6643,0.07689568
6644,0.05248285
6645,0.044831794
6646,0.13664234
6647,0.040796284
6648,0.3786295
6649,0.97241324
6650,0.09463725
6651,0.03709422
6652,0.3344112
6653,0.0013599324
6654,0.041017227
6655,0.2081424
6656,0.019778203
6657,0.01941913
6658,0.05764653
6659,0.016894823
6660,0.06288007
6661,0.20720878
6662,0.04583309
6663,0.085566506
6664,0.19654913
6665,0.15689796
6666,0.2494516
6667,0.3054762
6668,0.24108347
6669,0.19058308
6670,0.14020981
6671,0.22455063
6672,0.6577183
6673,0.4034583
6674,0.40280873
6675,0.022735056
6676,0.031365886
6677,0.16732676
6678,0.0049478645
6679,0.0036556958
6680,0.008958566
6681,0.0022414648
6682,0.08287741
6683,0.00896484
6684,0.008530739
6685,0.02775306
6686,0.058000237
6687,0.076785
6688,0.10179688
6689,0.12951878
6690,0.12247101
6691,0.22611883
6692,0.13293745
6693,0.056588966
6694,0.17778161
6695,0.18631342
6696,0.027957821
6697,0.13377841
6698,0.92492324
6699,0.98395824
6700,0.39460623
6701,0.006418814
6702,0.032707483
6703,0.013019999
6704,0.056962937
6705,0.23867114
6706,0.106057666
6707,0.012774685
6708,0.0558983
6709,0.009009
6710,0.045409203
6711,0.072317444
6712,0.042879302
6713,0.0067640035
6714,0.20075174
6715,0.012485037
6716,0.005797093
6717,0.08590503
6718,0.08420104
6719,0.07733028
6720,0.028863424
6721,0.14324477
6722,0.12805958
6723,0.0067463154
6724,0.054454006
6725,0.07203237
6726,0.12830356
6727,0.0774396
6728,0.92362344
6729,0.9271717
6730,0.51820457
6731,0.022986406
6732,0.074609146
6733,0.0055043185
6734,0.18319242
6735,0.111625865
6736,0.20599738
6737,0.02916697
6738,0.10714276
6739,0.012373601
6740,0.08774975
6741,0.095748164
6742,0.18037476
6743,0.13827969
6744,0.3487882
6745,0.24214816
6746,0.13291073
6747,0.12614189
6748,0.08304596
6749,0.07419108
6750,0.1364348
6751,0.010953533
6752,0.041189726
6753,0.26356143
6754,0.14778918
6755,0.0878129
6756,0.058214474
6757,0.05021999
6758,0.90305054
6759,0.98876685
6760,0.99309266
6761,0.0209832
6762,0.04981
6763,0.17876098
6764,0.010137099
6765,0.20276347
6766,0.004127299
6767,0.009484521
6768,0.008049893
6769,0.04161741
6770,0.013542739
6771,0.08648563
6772,0.016832512
6773,0.3005906
6774,0.5258173
6775,0.06414305
6776,0.11502115
6777,0.080561794
6778,0.17857814
6779,0.073438466
6780,0.17276648
6781,0.07945645
6782,0.04618508
6783,0.13001849
6784,0.15963075
6785,0.0875303
6786,0.014068307
6787,0.009366146
6788,0.37095442
6789,0.3898339
6790,0.27526844
6791,0.13305138
6792,0.028153148
6793,0.10995096
6794,0.030153815
6795,0.23997462
6796,0.049607605
6797,0.060561396
6798,0.0072637396
6799,0.04670929
6800,0.024674034
6801,0.052308194
6802,0.19810109
6803,0.4989163
6804,0.24553256
6805,0.23077914
6806,0.13251445
6807,0.19464584
6808,0.21402988
6809,0.3855204
6810,0.1741825
6811,0.014777614
6812,0.05746942
6813,0.018255236
6814,0.16417706
6815,0.29794985
6816,0.055108227
6817,0.32235202
6818,0.27453655
6819,0.20957533
6820,0.99135303
6821,0.122032605
6822,0.0025546856
6823,0.12960131
6824,0.14760241
6825,0.008500915
6826,0.039234787
6827,0.048960708
6828,0.06198675
6829,0.088948295
6830,0.090008594
6831,0.06638206
6832,0.12073562
6833,0.19936949
6834,0.23720264
6835,0.43210825
6836,0.34709638
6837,0.14909524
6838,0.16101709
6839,0.23259187
6840,0.1792463
6841,0.098308004
6842,0.023916675
6843,0.31775963
6844,0.24511814
6845,0.07622619
6846,0.5485602
6847,0.20697725
6848,0.005163264
6849,0.029899448
6850,0.05934142
6851,0.096077144
6852,0.0700019
6853,0.0019280696
6854,0.028900683
6855,0.014556358
6856,0.04380327
6857,0.11389686
6858,0.06558783
6859,0.10538609
6860,0.2588943
6861,0.9399411
6862,0.42048112
6863,0.25700778
6864,0.42180413
6865,0.13753597
6866,0.07969867
6867,0.08010521
6868,0.18314531
6869,0.22142477
6870,0.06575956
6871,0.026333397
6872,0.048924834
6873,0.10128927
6874,0.005477364
6875,0.032906782
6876,0.08363967
6877,0.010118191
6878,0.067048565
6879,0.04073146
6880,0.009878779
6881,0.040152453
6882,0.021286983
6883,0.037214052
6884,0.07816756
6885,0.21930122
6886,0.22274323
6887,0.0884128
6888,0.49601713
6889,0.48681608
6890,0.28949273
6891,0.111730956
6892,0.008351393
6893,0.070651375
6894,0.0013985184
6895,0.052402645
6896,0.08724045
6897,0.011885067
6898,0.5251138
6899,0.08276233
6900,0.0065418966
6901,0.019486198
6902,0.03190825
6903,0.11457057
6904,0.027530894
6905,0.020145562
6906,0.039865665
6907,0.002253233
6908,0.009143332
6909,0.020393176
6910,0.12052119
6911,0.090262175
6912,0.32422596
6913,0.2764215
6914,0.143357
6915,0.54690206
6916,0.31327492
6917,0.34323946
6918,0.087067224
6919,0.044391677
6920,0.04714267
6921,0.014181748
6922,0.04033231
6923,0.0501645
6924,0.035807233
6925,0.06821195
6926,0.4006563
6927,0.1442181
6928,0.22421868
6929,0.014895077
6930,0.0705613
6931,0.068274565
6932,0.1332194
6933,0.23079136
6934,0.03839559
6935,0.03327071
6936,0.07070818
6937,0.1894565
6938,0.47167826
6939,0.22652273
6940,0.264418
6941,0.13926013
6942,0.2844182
6943,0.15994926
6944,0.044271063
6945,0.0045754137
6946,0.020238338
6947,0.046401925
6948,0.022407606
6949,0.13966855
6950,0.1500251
6951,0.014827472
6952,0.25994885
6953,0.016690219
6954,0.06198337
6955,0.17861892
6956,0.05740578
6957,0.0045524337
6958,0.0031855013
6959,0.089984015
6960,0.1338217
6961,0.0070977127
6962,0.14035746
6963,0.20371751
6964,0.07079975
6965,0.073658876
6966,0.001614494
6967,0.056879133
6968,0.095665194
6969,0.0018053371
6970,0.118124105
6971,0.038709316
6972,0.02994683
6973,0.059986264
6974,0.00662285
6975,0.14648409
6976,0.005638358
6977,0.060093068
6978,0.060050406
6979,0.049475458
6980,0.17070284
6981,0.013783082
6982,0.05710132
6983,0.0012840924
6984,0.08207129
6985,0.16834807
6986,0.3168743
6987,0.27070114
6988,0.036254477
6989,0.0042740805
6990,0.021010738
6991,0.048237436
6992,0.009602016
6993,0.076976225
6994,0.14607665
6995,0.008107876
6996,0.039902337
6997,0.010571869
6998,0.01885729
6999,0.0038047233
7000,0.117532015
7001,0.099682555
7002,0.24140199
7003,0.052230548
7004,0.013130216
7005,0.059040535
7006,0.10247497
7007,0.2163686
7008,0.03686475
7009,0.050240237
7010,0.008965017
7011,0.09478727
7012,0.016306046
7013,0.012004715
7014,0.138382
7015,0.14213228
7016,0.08126279
7017,0.043109346
7018,0.00879059
7019,0.27025205
7020,0.04507908
7021,0.016113669
7022,0.18712175
7023,0.04666875
7024,0.014931517
7025,0.008567942
7026,0.04015136
7027,0.061094977
7028,0.20970723
7029,0.0071521597
7030,0.0043531246
7031,0.023508688
7032,0.042437505
7033,0.067928195
7034,0.058471657
7035,0.18801256
7036,0.02198995
7037,0.23088987
7038,0.11120868
7039,0.03123192
7040,0.04288355
7041,0.018645177
7042,0.01616502
7043,0.14922349
7044,0.0094127245
7045,0.14792928
7046,0.008542634
7047,0.09484794
7048,0.044974603
7049,0.007572887
7050,0.0063271793
7051,0.22080562
7052,0.25960678
7053,0.11070649
7054,0.05234251
7055,0.010440874
7056,0.091195524
7057,0.0037191461
7058,0.0021653038
7059,0.10967431
7060,0.089466274
7061,0.100713566
7062,0.71279013
7063,0.06849101
7064,0.025655473
7065,0.064426824
7066,0.08017939
7067,0.022321586
7068,0.045267753
7069,0.19894306
7070,0.3781515
7071,0.13532038
7072,0.10997887
7073,0.0047263307
7074,0.052849434
7075,0.057571184
7076,0.09849261
7077,0.05997948
7078,0.005492144
7079,0.07564479
7080,0.0042520952
7081,0.016924134
7082,0.0024472878
7083,0.11873032
7084,0.012115872
7085,0.085621245
7086,0.029568976
7087,0.0073626665
7088,0.010325403
7089,0.046057276
7090,0.14076129
7091,0.16025577
7092,0.014187368
7093,0.10181333
7094,0.5363371
7095,0.06246143
7096,0.08399932
7097,0.020811524
7098,0.0751213
7099,0.056904506
7100,0.010287026
7101,0.30176705
7102,0.038648788
7103,0.005206898
7104,0.017373394
7105,0.031133477
7106,0.084948614
7107,0.014437991
7108,0.100950874
7109,0.033498604
7110,0.0025972927
7111,0.05641561
7112,0.17762002
7113,0.1596457
7114,0.041394748
7115,0.017618788
7116,0.008593489
7117,0.08572741
7118,0.03147917
7119,0.0035174005
7120,0.17468879
7121,0.0980191
7122,0.0015944357
7123,0.034329418
7124,0.115862235
7125,0.06805012
7126,0.05481088
7127,0.056351356
7128,0.031182338
7129,0.07021791
7130,0.011042828
7131,0.06517664
7132,0.25835037
7133,0.11874299
7134,0.004821985
7135,0.0061354837
7136,0.07566087
7137,0.015215573
7138,0.025121724
7139,0.015371755
7140,0.00834812
7141,0.014757229
7142,0.010573286
7143,0.0048649637
7144,0.044055514
7145,0.0027590569
7146,0.0015931927
7147,0.054479092
7148,0.026976192
7149,0.12334092
7150,0.09471203
7151,0.1673314
7152,0.15967181
7153,0.005867986
7154,0.06855821
7155,0.012749298
7156,0.012964243
7157,0.023029646
7158,0.01015716
7159,0.013233724
7160,0.017990774
7161,0.0066722026
7162,0.0077850698
7163,0.007224108
7164,0.00746819
7165,0.087975085
7166,0.0014966351
7167,0.035847843
7168,0.010956761
7169,0.011225075
7170,0.031237835
7171,0.012421628
7172,0.0056173666
7173,0.07294353
7174,0.0019021898
7175,0.046698485
7176,0.014263704
7177,0.004363043
7178,0.0049466784
7179,0.0094649885
7180,0.005203741
7181,0.028103244
7182,0.13237968
7183,0.007796739
7184,0.090428576
7185,0.002572434
7186,0.12973882
7187,0.05886677
7188,0.06176243
7189,0.008375032
7190,0.25897563
7191,0.036272082
7192,0.006326583
7193,0.0014165384
7194,0.078594945
7195,0.006968473
7196,0.08124223
7197,0.0055033676
7198,0.12574919
7199,0.04954514
7200,0.007000492
7201,0.013384434
7202,0.0033933998
7203,0.001957767
7204,0.015428819
7205,0.004541133
7206,0.026016876
7207,0.015193334
7208,0.0029352414
7209,0.0037284098
7210,0.013770039
7211,0.0008212598
7212,0.0012035936
7213,0.00568121
7214,0.011667823
7215,0.03960023
7216,0.029151356
7217,0.006834225
7218,0.19118854
7219,0.0035163022
7220,0.100541905
7221,0.0035696034
7222,0.017493865
7223,0.031317487
7224,0.060292922
7225,0.015782654
7226,0.019496884
7227,0.013977322
7228,0.0058594747
7229,0.0060517173
7230,0.0011051872
7231,0.0029053309
7232,0.074584536
7233,0.12785432
7234,0.07412193
7235,0.0013959787
7236,0.018953137
7237,0.047714144
7238,0.11552207
7239,0.021024365
7240,0.012940282
7241,0.08084778
7242,0.0103962645
7243,0.035010707
7244,0.0050931578
7245,0.02979059
7246,0.09357102
7247,0.18289483
7248,0.036915444
7249,0.0066115996
7250,0.041380152
7251,0.0032060505
7252,0.09564575
7253,0.035899192
7254,0.111545704
7255,0.17694604
7256,0.16410676
7257,0.010053583
7258,0.16617428
7259,0.29479405
7260,0.07914263
7261,0.421978
7262,0.12145595
7263,0.15590659
7264,0.011538992
7265,0.020765195
7266,0.17182203
7267,0.06981844
7268,0.009636821
7269,0.0099120615
7270,0.19919515
7271,0.055412956
7272,0.8152707
7273,0.2752623
7274,0.06928317
7275,0.02846766
7276,0.25503013
7277,0.075421795
7278,0.017036581
7279,0.0026062026
7280,0.0654038
7281,0.024408666
7282,0.004464002
7283,0.03295088
7284,0.038731985
7285,0.15447505
7286,0.1934712
7287,0.4521369
7288,0.46892554
7289,0.07028521
7290,0.04250524
7291,0.15722409
7292,0.18248563
7293,0.01722521
7294,0.07527609
7295,0.062808886
7296,0.014593735
7297,0.08693844
7298,0.4344762
7299,0.16765109
7300,0.394701
7301,0.54716545
7302,0.03653886
7303,0.04580223
7304,0.38493282
7305,0.041752458
7306,0.3060142
7307,0.091635466
7308,0.055261247
7309,0.014472434
7310,0.04339438
7311,0.17313425
7312,0.1305624
7313,0.08569061
7314,0.045367308
7315,0.039858203
7316,0.3915483
7317,0.04692112
7318,0.033616643
7319,0.11106159
7320,0.011354266
7321,0.08895723
7322,0.12343595
7323,0.08841859
7324,0.12768942
7325,0.05103578
7326,0.08050476
7327,0.18854049
7328,0.28418022
7329,0.116582885
7330,0.008693668
7331,0.0050834334
7332,0.015890708
7333,0.5245174
7334,0.19000588
7335,0.07941935
7336,0.36660078
7337,0.5290589
7338,0.08763226
7339,0.06247563
7340,0.01142711
7341,0.010907721
7342,0.007227299
7343,0.0078057246
7344,0.18449554
7345,0.057462256
7346,0.011505837
7347,0.044020303
7348,0.24408594
7349,0.3961755
7350,0.008878352
7351,0.0039106435
7352,0.0035962693
7353,0.05733941
7354,0.0009970606
7355,0.015524028
7356,0.09703961
7357,0.039227754
7358,0.27221757
7359,0.049486183
7360,0.07018648
7361,0.0075197355
7362,0.0679232
7363,0.005966115
7364,0.02503926
7365,0.37467217
7366,0.52462596
7367,0.0027779469
7368,0.057727885
7369,0.0053817234
7370,0.013323868
7371,0.056713652
7372,0.04112286
7373,0.0024623177
7374,0.0149690835
7375,0.020978374
7376,0.13589136
7377,0.23818937
7378,0.18150468
7379,0.073849246
7380,0.061224144
7381,0.0017328539
7382,0.02221098
7383,0.018490095
7384,0.045385182
7385,0.042556863
7386,0.05009089
7387,0.08015622
7388,0.02642816
7389,0.039324526
7390,0.02194256
7391,0.02487836
7392,0.04594491
7393,0.02025477
7394,0.025809828
7395,0.013234539
7396,0.038172774
7397,0.11806758
7398,0.13750573
7399,0.19478787
7400,0.05135399
7401,0.042664487
7402,0.08866085
7403,0.13104628
7404,0.08301056
7405,0.042257614
7406,0.06848145
7407,0.0014179584
7408,0.054813474
7409,0.08567647
7410,0.08519007
7411,0.009542999
7412,0.011791473
7413,0.009735587
7414,0.03363028
7415,0.05827909
7416,0.09445657
7417,0.15780221
7418,0.15246794
7419,0.07045882
7420,0.003725864
7421,0.0024263219
7422,0.09223506
7423,0.07470049
7424,0.008341381
7425,0.073349595
7426,0.030746926
7427,0.4654483
7428,0.082695134
7429,0.022473836
7430,0.15189084
7431,0.016594457
7432,0.061078586
7433,0.0046243174
7434,0.009695676
7435,0.0075573763
7436,0.12453792
7437,0.01893464
7438,0.008562664
7439,0.04319471
7440,0.029046556
7441,0.06489716
7442,0.042038854
7443,0.08524209
7444,0.056330036
7445,0.10625442
7446,0.114955924
7447,0.2590411
7448,0.059600007
7449,0.018218573
7450,0.045656085
7451,0.028003842
7452,0.05019461
7453,0.006298718
7454,0.10751494
7455,0.06912159
7456,0.08934715
7457,0.10505517
7458,0.14558181
7459,0.029590797
7460,0.048359867
7461,0.043826617
7462,0.010002995
7463,0.01249147
7464,0.13743739
7465,0.006736316
7466,0.017453479
7467,0.116075195
7468,0.011191366
7469,0.023508195
7470,0.0048049637
7471,0.07382501
7472,0.049583446
7473,0.08149946
7474,0.1374257
7475,0.081548594
7476,0.14685772
7477,0.056912653
7478,0.12749672
7479,0.024352906
7480,0.15437315
7481,0.05214553
7482,0.06397979
7483,0.08678471
7484,0.08615707
7485,0.06338416
7486,0.08115415
7487,0.05355624
7488,0.09821073
7489,0.03198074
7490,0.06875931
7491,0.0071951756
7492,0.016108492
7493,0.01514377
7494,0.04769406
7495,0.066555716
7496,0.010015724
7497,0.04626724
7498,0.05212331
7499,0.046559907
7500,0.10873566
7501,0.30144784
7502,0.08203827
7503,0.15074578
7504,0.097726285
7505,0.123968914
7506,0.06368153
7507,0.11707015
7508,0.045455318
7509,0.015312215
7510,0.2500909
7511,0.07825141
7512,0.15819548
7513,0.056807924
7514,0.10699781
7515,0.012678899
7516,0.003607945
7517,0.040147886
7518,0.007484278
7519,0.15117177
7520,0.06640832
7521,0.05055944
7522,0.1302991
7523,0.43787152
7524,0.061007183
7525,0.02046344
7526,0.1641068
7527,0.06631618
7528,0.26304212
7529,0.24125859
7530,0.09807778
7531,0.104571976
7532,0.04429887
7533,0.07111832
7534,0.20264125
7535,0.044388976
7536,0.1879336
7537,0.123673394
7538,0.09217956
7539,0.006502469
7540,0.0036741756
7541,0.019594561
7542,0.05008794
7543,0.007839302
7544,0.1190878
7545,0.13810894
7546,0.0910038
7547,0.1352024
7548,0.038621105
7549,0.14257772
7550,0.20035975
7551,0.24843459
7552,0.07972835
7553,0.008178751
7554,0.12086318
7555,0.057543445
7556,0.022064393
7557,0.40190244
7558,0.028060606
7559,0.042408824
7560,0.28742045
7561,0.19258657
7562,0.014572511
7563,0.0028535067
7564,0.0076616406
7565,0.010990326
7566,0.04218788
7567,0.046877928
7568,0.14540248
7569,0.16717556
7570,0.09265788
7571,0.052092783
7572,0.17241147
7573,0.17062502
7574,0.20572579
7575,0.21648726
7576,0.3105031
7577,0.074553825
7578,0.11525081
7579,0.112078354
7580,0.03423386
7581,0.31181306
7582,0.9841398
7583,0.098173484
7584,0.004593128
7585,0.3529689
7586,0.007154893
7587,0.058459163
7588,0.20228319
7589,0.013035774
7590,0.004456924
7591,0.057809036
7592,0.07060093
7593,0.050159223
7594,0.08288749
7595,0.20042002
7596,0.02500461
7597,0.06684743
7598,0.20758334
7599,0.14370671
7600,0.21957758
7601,0.30857113
7602,0.20136213
7603,0.017564576
7604,0.19913247
7605,0.16306572
7606,0.27439156
7607,0.76341
7608,0.39354503
7609,0.4952534
7610,0.0058873966
7611,0.04575505
7612,0.17517504
7613,0.059731822
7614,0.0022260353
7615,0.0025263191
7616,0.006555525
7617,0.07432364
7618,0.0082657095
7619,0.028008997
7620,0.04118498
7621,0.0585246
7622,0.10105367
7623,0.119623736
7624,0.09109086
7625,0.20732315
7626,0.15693446
7627,0.043792773
7628,0.14073013
7629,0.22942272
7630,0.04598973
7631,0.10062144
7632,0.96791255
7633,0.9714607
7634,0.47720987
7635,0.006566783
7636,0.004113211
7637,0.07751395
7638,0.30336165
7639,0.09011758
7640,0.05991707
7641,0.07146103
7642,0.06341518
7643,0.034547895
7644,0.006890056
7645,0.24829605
7646,0.011596478
7647,0.0057825064
7648,0.10836496
7649,0.10308113
7650,0.03538748
7651,0.068828985
7652,0.15825792
7653,0.12610427
7654,0.0071216463
7655,0.005262249
7656,0.10258807
7657,0.15300032
7658,0.15041283
7659,0.97787666
7660,0.90400946
7661,0.6674416
7662,0.009176436
7663,0.0048502246
7664,0.035181116
7665,0.023468805
7666,0.1884236
7667,0.15387125
7668,0.25699317
7669,0.013661106
7670,0.117514394
7671,0.018937107
7672,0.070822045
7673,0.1295388
7674,0.14680734
7675,0.13306986
7676,0.38273934
7677,0.27261797
7678,0.14757557
7679,0.12531194
7680,0.079987094
7681,0.039808095
7682,0.12965521
7683,0.038423743
7684,0.06918867
7685,0.04534573
7686,0.18483005
7687,0.14337297
7688,0.116146564
7689,0.10246907
7690,0.08732813
7691,0.9517311
7692,0.9882922
7693,0.99298257
7694,0.052280664
7695,0.046527613
7696,0.16928938
7697,0.0073565617
7698,0.15223444
7699,0.065575026
7700,0.0024148661
7701,0.016098777
7702,0.03879989
7703,0.09177299
7704,0.0128558995
7705,0.35031658
7706,0.5176984
7707,0.07826994
7708,0.0952592
7709,0.06818288
7710,0.18029107
7711,0.07309993
7712,0.15888017
7713,0.11915871
7714,0.011175325
7715,0.076021634
7716,0.11619191
7717,0.07315628
7718,0.022509271
7719,0.03700189
7720,0.3689982
7721,0.37769637
7722,0.26940668
7723,0.124024786
7724,0.045370307
7725,0.088184774
7726,0.06574475
7727,0.2472837
7728,0.0053842654
7729,0.039796498
7730,0.036816258
7731,0.02517426
7732,0.014620552
7733,0.050764404
7734,0.010342644
7735,0.18374653
7736,0.45978993
7737,0.29753554
7738,0.23608997
7739,0.18434922
7740,0.19884853
7741,0.23000154
7742,0.38845286
7743,0.12921366
7744,0.005701481
7745,0.09523847
7746,0.06984236
7747,0.14408717
7748,0.2833864
7749,0.095550984
7750,0.37500486
7751,0.23744392
7752,0.19038574
7753,0.9907824
7754,0.07587963
7755,0.014113846
7756,0.07598675
7757,0.12995946
7758,0.013733606
7759,0.059928615
7760,0.13257484
7761,0.09264796
7762,0.060280126
7763,0.05773125
7764,0.06485785
7765,0.14563052
7766,0.19854617
7767,0.19339067
7768,0.4390486
7769,0.34998873
7770,0.14897358
7771,0.15484521
7772,0.2391834
7773,0.049440045
7774,0.16019131
7775,0.06901682
7776,0.03891885
7777,0.2455347
7778,0.28916895
7779,0.10350905
7780,0.45091802
7781,0.26981875
7782,0.09405078
7783,0.06329812
7784,0.08558445
7785,0.0797731
7786,0.010012046
7787,0.015093027
7788,0.0049394863
7789,0.066096224
7790,0.10535823
7791,0.11711313
7792,0.12788752
7793,0.25377402
7794,0.8280781
7795,0.36949438
7796,0.26227528
7797,0.4103334
7798,0.120815
7799,0.027083118
7800,0.08298015
7801,0.12655541
7802,0.10979958
7803,0.20611796
7804,0.07308772
7805,0.026291942
7806,0.11048226
7807,0.18027386
7808,0.0033421256
7809,0.0444935
7810,0.05838746
7811,0.013412503
7812,0.09268515
7813,0.027015131
7814,0.009221308
7815,0.050347783
7816,0.033673353
7817,0.03693839
7818,0.112510934
7819,0.22372127
7820,0.21862514
7821,0.07155981
7822,0.56086624
7823,0.46943027
7824,0.28055885
7825,0.13628328
7826,0.008270001
7827,0.016203329
7828,0.015460397
7829,0.054398336
7830,0.11951677
7831,0.0051617376
7832,0.0069483025
7833,0.020441154
7834,0.6161298
7835,0.080129266
7836,0.013577895
7837,0.03920617
7838,0.0724438
7839,0.09402852
7840,0.03319345
7841,0.036909863
7842,0.003279499
7843,0.04864604
7844,0.013287085
7845,0.018699123
7846,0.0753604
7847,0.10267286
7848,0.3476672
7849,0.25419828
7850,0.12236752
7851,0.603202
7852,0.32900682
7853,0.29118553
7854,0.110500954
7855,0.051858943
7856,0.011040295
7857,0.0039674
7858,0.02868791
7859,0.022793192
7860,0.042341966
7861,0.067330495
7862,0.38141048
7863,0.12784816
7864,0.30328283
7865,0.01424278
7866,0.0661035
7867,0.11228454
7868,0.11606171
7869,0.17604914
7870,0.02839551
7871,0.045693666
7872,0.08079286
7873,0.18457791
7874,0.5486835
7875,0.2529986
7876,0.2632417
7877,0.12711473
7878,0.27393264
7879,0.2163988
7880,0.041080356
7881,0.013582474
7882,0.0073818164
7883,0.010834823
7884,0.0089985095
7885,0.019479144
7886,0.040450744
7887,0.19009785
7888,0.109037116
7889,0.12590025
7890,0.26712257
7891,0.016529828
7892,0.048095327
7893,0.21002308
7894,0.05152359
7895,0.004420681
7896,0.008812636
7897,0.023260193
7898,0.09147665
7899,0.12781814
7900,0.03223314
7901,0.12650473
7902,0.23964092
7903,0.06552826
7904,0.06580301
7905,0.019828577
7906,0.07266359
7907,0.04612312
7908,0.006860961
7909,0.08541469
7910,0.061044704
7911,0.057282686
7912,0.023553118
7913,0.20465545
7914,0.0059256917
7915,0.119034074
7916,0.0074335607
7917,0.0525722
7918,0.065643154
7919,0.15693095
7920,0.043759797
7921,0.017070252
7922,0.00172772
7923,0.042409077
7924,0.19014797
7925,0.3067141
7926,0.30983695
7927,0.062721424
7928,0.009383658
7929,0.002937728
7930,0.004157656
7931,0.024875542
7932,0.010162054
7933,0.13592096
7934,0.008573091
7935,0.07869141
7936,0.011371474
7937,0.0032791314
7938,0.004249104
7939,0.00765097
7940,0.0089242635
7941,0.08379216
7942,0.11997495
7943,0.21742666
7944,0.038930845
7945,0.01762132
7946,0.0067109377
7947,0.06325813
7948,0.118776456
7949,0.22699943
7950,0.07182648
7951,0.0018241059
7952,0.15233336
7953,0.0068551614
7954,0.10433756
7955,0.1602242
7956,0.07907393
7957,0.049857676
7958,0.008640224
7959,0.2864365
7960,0.011639828
7961,0.01308206
7962,0.104129314
7963,0.057168722
7964,0.02709863
7965,0.013270435
7966,0.022305362
7967,0.086446874
7968,0.2713223
7969,0.024094969
7970,0.02958339
7971,0.030705485
7972,0.06307776
7973,0.05281899
7974,0.16066141
7975,0.05934289
7976,0.22332868
7977,0.13072257
7978,0.058026582
7979,0.010595538
7980,0.037471127
7981,0.03689731
7982,0.1427345
7983,0.009967004
7984,0.09287058
7985,0.0067382036
7986,0.087648876
7987,0.070338175
7988,0.007584472
7989,0.007146082
7990,0.24247785
7991,0.2467411
7992,0.11763807
7993,0.047542494
7994,0.007074175
7995,0.079999015
7996,0.0267447
7997,0.008059507
7998,0.083080485
7999,0.17863797
8000,0.12016833
8001,0.82858527
8002,0.014029577
8003,0.0738335
8004,0.017539505
8005,0.055364124
8006,0.077464506
8007,0.015850568
8008,0.03692609
8009,0.16055723
8010,0.39477775
8011,0.114030816
8012,0.11223016
8013,0.009830611
8014,0.061715353
8015,0.033772383
8016,0.0038250498
8017,0.12147482
8018,0.056628473
8019,0.010898745
8020,0.056588203
8021,0.008394014
8022,0.01611228
8023,0.09404316
8024,0.008030824
8025,0.1038093
8026,0.027344558
8027,0.05982101
8028,0.0012861578
8029,0.00907923
8030,0.12911616
8031,0.11556591
8032,0.013230833
8033,0.053962827
8034,0.106715396
8035,0.5353211
8036,0.07211826
8037,0.075477466
8038,0.024770847
8039,0.05828623
8040,0.070040494
8041,0.04788302
8042,0.3893603
8043,0.02864633
8044,0.010416452
8045,0.028656876
8046,0.12914665
8047,0.012948036
8048,0.094648436
8049,0.04047694
8050,0.07021314
8051,0.059556395
8052,0.24180134
8053,0.12913777
8054,0.0616282
8055,0.024269946
8056,0.05052964
8057,0.060107447
8058,0.0055003115
8059,0.018248186
8060,0.17763099
8061,0.11661575
8062,0.064555705
8063,0.12193724
8064,0.1137193
8065,0.07360022
8066,0.061315857
8067,0.013432237
8068,0.13180864
8069,0.2581065
8070,0.12469955
8071,0.00447278
8072,0.0044204234
8073,0.071025625
8074,0.010683651
8075,0.03402616
8076,0.0012146436
8077,0.0033908281
8078,0.0015577903
8079,0.0015391111
8080,0.009859571
8081,0.0047040675
8082,0.03614765
8083,0.009266892
8084,0.002666077
8085,0.057962112
8086,0.0728624
8087,0.18378368
8088,0.14663886
8089,0.20586626
8090,0.005547528
8091,0.0041411463
8092,0.040949874
8093,0.010787553
8094,0.032668967
8095,0.007730238
8096,0.010927269
8097,0.0043581463
8098,0.006633179
8099,0.0071849274
8100,0.0076109925
8101,0.04659353
8102,0.015198642
8103,0.009238971
8104,0.09442668
8105,0.039799847
8106,0.041469827
8107,0.0055378773
8108,0.09170683
8109,0.0093136635
8110,0.04319046
8111,0.011915579
8112,0.0041061295
8113,0.0050230967
8114,0.0013897864
8115,0.005216822
8116,0.0689157
8117,0.09487803
8118,0.14775863
8119,0.057786822
8120,0.09508966
8121,0.012804058
8122,0.0053070374
8123,0.25116688
8124,0.01131371
8125,0.0015755997
8126,0.08362736
8127,0.0021363634
8128,0.068516985
8129,0.005073889
8130,0.11593719
8131,0.0026293907
8132,0.0042713825
8133,0.012770954
8134,0.04992669
8135,0.0040312666
8136,0.020253163
8137,0.0065525807
8138,0.013955042
8139,0.001900736
8140,0.00708015
8141,0.0025469295
8142,0.06157868
8143,0.05336085
8144,0.1662742
8145,0.013764219
8146,0.0034467024
8147,0.019577086
8148,0.02076264
8149,0.050046258
8150,0.035687454
8151,0.004161077
8152,0.011548335
8153,0.0068137096
8154,0.005832609
8155,0.11288444
8156,0.16313045
8157,0.02243627
8158,0.0022700762
8159,0.056755025
8160,0.00802207
8161,0.011239511
8162,0.028991241
8163,0.10520061
8164,0.040091183
8165,0.005539776
8166,0.06252166
8167,0.04772936
8168,0.120496884
8169,0.09769972
8170,0.051954307
8171,0.08684245
8172,0.004936731
8173,0.26315236
8174,0.09950168
8175,0.31735006
8176,0.03171938
8177,0.27348366
8178,0.1375784
8179,0.24197128
8180,0.035377808
8181,0.020478537
8182,0.013212611
8183,0.11941693
8184,0.010267058
8185,0.050687563
8186,0.013585592
8187,0.26919013
8188,0.0033414576
8189,0.76594764
8190,0.26483804
8191,0.08034235
8192,0.031587422
8193,0.18942502
8194,0.07486396
8195,0.0051154853
8196,0.07761723
8197,0.045090906
8198,0.01160232
8199,0.005232529
8200,0.018509556
8201,0.18250188
8202,0.1705927
8203,0.48765644
8204,0.42989278
8205,0.049750738
8206,0.066414185
8207,0.18695073
8208,0.27625948
8209,0.039502054
8210,0.062269323
8211,0.05230385
8212,0.026134323
8213,0.06923153
8214,0.03353428
8215,0.41056603
8216,0.057354093
8217,0.28179532
8218,0.46922565
8219,0.10541111
8220,0.018449247
8221,0.3966818
8222,0.045891184
8223,0.3669617
8224,0.050567817
8225,0.038559683
8226,0.08102521
8227,0.022577051
8228,0.010402754
8229,0.20201309
8230,0.11077318
8231,0.07926063
8232,0.060371548
8233,0.007317385
8234,0.07505366
8235,0.33037823
8236,0.03201831
8237,0.090119064
8238,0.0063022957
8239,0.035025544
8240,0.00793266
8241,0.097038426
8242,0.038416464
8243,0.17746368
8244,0.002753966
8245,0.07826112
8246,0.19130155
8247,0.3323008
8248,0.009000091
8249,0.019321611
8250,0.005052687
8251,0.011599721
8252,0.5581404
8253,0.113362536
8254,0.01690512
8255,0.36842024
8256,0.37332004
8257,0.014717957
8258,0.0067651914
8259,0.09206671
8260,0.010493911
8261,0.011354126
8262,0.016867982
8263,0.05262913
8264,0.005639055
8265,0.14491645
8266,0.046315018
8267,0.068678506
8268,0.26702803
8269,0.38499388
8270,0.007402318
8271,0.007415903
8272,0.007391495
8273,0.047095664
8274,0.057882063
8275,0.019855436
8276,0.20967743
8277,0.025549341
8278,0.09962438
8279,0.008515505
8280,0.006803207
8281,0.07770706
8282,0.027069587
8283,0.21097532
8284,0.6045463
8285,0.0037067845
8286,0.07935114
8287,0.016281538
8288,0.008039722
8289,0.07818333
8290,0.04501452
8291,0.009223216
8292,0.046273008
8293,0.05681131
8294,0.12669316
8295,0.16951673
8296,0.11031473
8297,0.039631348
8298,0.1304985
8299,0.002667748
8300,0.03598697
8301,0.047715165
8302,0.05665166
8303,0.07774718
8304,0.061047964
8305,0.09216677
8306,0.034371234
8307,0.008244972
8308,0.03000395
8309,0.04942698
8310,0.011307607
8311,0.04729117
8312,0.037806593
8313,0.022244094
8314,0.11779199
8315,0.17406666
8316,0.18585144
8317,0.019252103
8318,0.080301
8319,0.029272418
8320,0.1419175
8321,0.13255627
8322,0.005149136
8323,0.05240386
8324,0.0013796106
8325,0.01301342
8326,0.06942292
8327,0.15753494
8328,0.0102166515
8329,0.010393892
8330,0.020595938
8331,0.052782357
8332,0.060249336
8333,0.17463112
8334,0.16124877
8335,0.15302758
8336,0.05462759
8337,0.017652808
8338,0.030115882
8339,0.05154525
8340,0.035561487
8341,0.008492854
8342,0.08444594
8343,0.04387622
8344,0.41032523
8345,0.14622016
8346,0.009296105
8347,0.11604831
8348,0.04236343
8349,0.03620506
8350,0.007959755
8351,0.007101965
8352,0.0051540486
8353,0.09788533
8354,0.0010336924
8355,0.032439224
8356,0.055240363
8357,0.09283124
8358,0.043481164
8359,0.058987588
8360,0.057993192
8361,0.11239977
8362,0.10838137
8363,0.26575503
8364,0.059479225
8365,0.03617945
8366,0.08146165
8367,0.034349464
8368,0.019882414
8369,0.009744296
8370,0.0072337487
8371,0.08005097
8372,0.080664136
8373,0.13486278
8374,0.11243613
8375,0.21013078
8376,0.05189514
8377,0.043981325
8378,0.036250252
8379,0.010318184
8380,0.22000739
8381,0.006890475
8382,0.015310502
8383,0.09081524
8384,0.008042695
8385,0.0015170422
8386,0.08164941
8387,0.05808853
8388,0.086851805
8389,0.15667495
8390,0.10763423
8391,0.18117468
8392,0.12990811
8393,0.11517105
8394,0.023572272
8395,0.122305885
8396,0.042707678
8397,0.066146985
8398,0.031389188
8399,0.011860156
8400,0.068913266
8401,0.040466674
8402,0.0183658
8403,0.13242117
8404,0.059639324
8405,0.06630136
8406,0.078230165
8407,0.07523242
8408,0.066427104
8409,0.0053120693
8410,0.039725754
8411,0.04898237
8412,0.04187074
8413,0.07360277
8414,0.04791078
8415,0.14419778
8416,0.2624313
8417,0.075546816
8418,0.122311994
8419,0.05709516
8420,0.128685
8421,0.0681348
8422,0.107556164
8423,0.06822128
8424,0.021045592
8425,0.24156384
8426,0.085389435
8427,0.14624262
8428,0.067728475
8429,0.12906681
8430,0.012505618
8431,0.054816224
8432,0.026114345
8433,0.0057764337
8434,0.042787712
8435,0.159754
8436,0.06392555
8437,0.038515843
8438,0.09611252
8439,0.4181587
8440,0.037908476
8441,0.034921538
8442,0.13081224
8443,0.078381486
8444,0.24721734
8445,0.2542544
8446,0.0785565
8447,0.0018047516
8448,0.073238775
8449,0.045462757
8450,0.053157836
8451,0.16427721
8452,0.0662653
8453,0.22853908
8454,0.08030045
8455,0.07773647
8456,0.0018874953
8457,0.009899194
8458,0.036477044
8459,0.06931079
8460,0.011410622
8461,0.12594381
8462,0.1435297
8463,0.09007864
8464,0.07069368
8465,0.024646174
8466,0.11276497
8467,0.17778246
8468,0.27435106
8469,0.063617945
8470,0.008490734
8471,0.043138836
8472,0.054375023
8473,0.43176135
8474,0.015735209
8475,0.034242034
8476,0.31454903
8477,0.25070074
8478,0.0069806078
8479,0.0055732457
8480,0.0025328696
8481,0.054303247
8482,0.06544802
8483,0.15997273
8484,0.16071579
8485,0.009276931
8486,0.0903208
8487,0.069041215
8488,0.16966741
8489,0.18476872
8490,0.162672
8491,0.22100052
8492,0.27319118
8493,0.122996666
8494,0.0628256
8495,0.08067164
8496,0.060506362
8497,0.28270283
8498,0.9884613
8499,0.0949824
8500,0.04202885
8501,0.3515994
8502,0.03362894
8503,0.06408946
8504,0.22055313
8505,0.0037106157
8506,0.04955841
8507,0.06594031
8508,0.017507745
8509,0.05711151
8510,0.22665998
8511,0.00297403
8512,0.060310803
8513,0.1755391
8514,0.13588819
8515,0.20719095
8516,0.31990737
8517,0.27739912
8518,0.017342871
8519,0.2726192
8520,0.1543714
8521,0.22175916
8522,0.74820507
8523,0.31492552
8524,0.45099896
8525,0.005753885
8526,0.031567812
8527,0.14199579
8528,0.009391392
8529,0.003855057
8530,0.046592545
8531,0.0034545637
8532,0.009426207
8533,0.009365337
8534,0.0018053422
8535,0.050105907
8536,0.007815061
8537,0.027483284
8538,0.045867853
8539,0.06637681
8540,0.06072449
8541,0.09391471
8542,0.082825676
8543,0.20939699
8544,0.17738506
8545,0.032105893
8546,0.10587971
8547,0.20775208
8548,0.016785566
8549,0.12663208
8550,0.9842165
8551,0.88580924
8552,0.51196355
8553,0.0059563466
8554,0.020721896
8555,0.004906141
8556,0.07474967
8557,0.34301776
8558,0.048683424
8559,0.010740066
8560,0.03037354
8561,0.004903765
8562,0.06026929
8563,0.08390773
8564,0.036748488
8565,0.007191588
8566,0.1973355
8567,0.0019135022
8568,0.011031842
8569,0.124144174
8570,0.10009913
8571,0.092316635
8572,0.05717551
8573,0.15054335
8574,0.16917863
8575,0.010566259
8576,0.10854854
8577,0.1548046
8578,0.18955688
8579,0.98307925
8580,0.881214
8581,0.6267504
8582,0.007547945
8583,0.05428515
8584,0.0408032
8585,0.17598046
8586,0.06625226
8587,0.23850322
8588,0.0259492
8589,0.089907445
8590,0.011491463
8591,0.05964791
8592,0.09508351
8593,0.11705257
8594,0.12107508
8595,0.32208633
8596,0.26988092
8597,0.17945704
8598,0.20418449
8599,0.089485966
8600,0.065589525
8601,0.15102486
8602,0.045084346
8603,0.059578944
8604,0.1717091
8605,0.16013606
8606,0.08746614
8607,0.16331476
8608,0.08500948
8609,0.9228616
8610,0.9881832
8611,0.99354154
8612,0.035144173
8613,0.037718933
8614,0.16070691
8615,0.19157067
8616,0.016470678
8617,0.005071963
8618,0.031897772
8619,0.10809654
8620,0.023506049
8621,0.31725568
8622,0.52750766
8623,0.081091955
8624,0.13879147
8625,0.08758496
8626,0.16932443
8627,0.050364345
8628,0.20324019
8629,0.1645631
8630,0.030771751
8631,0.13554926
8632,0.07027646
8633,0.17000638
8634,0.0133861285
8635,0.06104515
8636,0.3799222
8637,0.3035233
8638,0.22452223
8639,0.054890055
8640,0.05379905
8641,0.098022535
8642,0.13084015
8643,0.22100751
8644,0.01673637
8645,0.013245469
8646,0.038905393
8647,0.03974233
8648,0.013038553
8649,0.04690202
8650,0.034063976
8651,0.19406843
8652,0.4609328
8653,0.23167923
8654,0.26734096
8655,0.15980792
8656,0.22850871
8657,0.202565
8658,0.4416476
8659,0.07280116
8660,0.051846076
8661,0.056664575
8662,0.101077005
8663,0.23519787
8664,0.0850314
8665,0.35477123
8666,0.25484186
8667,0.2052939
8668,0.9913044
8669,0.102649495
8670,0.0066362447
8671,0.18043016
8672,0.18617013
8673,0.01352123
8674,0.06940772
8675,0.26067224
8676,0.06959085
8677,0.04339811
8678,0.019569715
8679,0.05887857
8680,0.14040712
8681,0.19168314
8682,0.25245512
8683,0.4193918
8684,0.2952845
8685,0.17586043
8686,0.17702793
8687,0.2329131
8688,0.009282803
8689,0.035710223
8690,0.14854522
8691,0.05327741
8692,0.047242895
8693,0.30131745
8694,0.2826664
8695,0.091465674
8696,0.47830075
8697,0.25320226
8698,0.007936918
8699,0.07063792
8700,0.059122346
8701,0.044619184
8702,0.086642176
8703,0.007595369
8704,0.013341116
8705,0.08462624
8706,0.0952993
8707,0.115060546
8708,0.1196414
8709,0.24121466
8710,0.7746976
8711,0.34593815
8712,0.24348097
8713,0.41014633
8714,0.11339857
8715,0.088955745
8716,0.09063244
8717,0.10709252
8718,0.14997205
8719,0.21384832
8720,0.06863495
8721,0.013772073
8722,0.10845362
8723,0.18101028
8724,0.02803404
8725,0.0048140856
8726,0.07625012
8727,0.067062095
8728,0.0125707565
8729,0.039054066
8730,0.024136622
8731,0.003228569
8732,0.052623194
8733,0.06451053
8734,0.07450553
8735,0.12731662
8736,0.1752801
8737,0.17699662
8738,0.10366188
8739,0.494558
8740,0.44449717
8741,0.24142388
8742,0.12778813
8743,0.0082986485
8744,0.04961601
8745,0.009118045
8746,0.0074739167
8747,0.15974586
8748,0.011621077
8749,0.0069395015
8750,0.004461053
8751,0.5112762
8752,0.09781035
8753,0.0127439555
8754,0.05092941
8755,0.0405804
8756,0.10728885
8757,0.0069594695
8758,0.12079747
8759,0.038662072
8760,0.023288244
8761,0.015535893
8762,0.007610306
8763,0.0154971685
8764,0.06075703
8765,0.088630214
8766,0.3557065
8767,0.24271598
8768,0.113959014
8769,0.63143647
8770,0.3411775
8771,0.33919734
8772,0.16559905
8773,0.017399928
8774,0.023315642
8775,0.008869421
8776,0.07121819
8777,0.0061331973
8778,0.014668504
8779,0.0043262965
8780,0.08945248
8781,0.37182704
8782,0.11267406
8783,0.27399904
8784,0.0048985197
8785,0.058980912
8786,0.0957771
8787,0.1747712
8788,0.1766357
8789,0.027480492
8790,0.06717159
8791,0.05467111
8792,0.124567464
8793,0.5401435
8794,0.24871711
8795,0.28773645
8796,0.17135087
8797,0.24644446
8798,0.21727748
8799,0.013504188
8800,0.03965401
8801,0.016566236
8802,0.010707384
8803,0.024741292
8804,0.005691056
8805,0.14907306
8806,0.0984145
8807,0.36510772
8808,0.25284734
8809,0.003960355
8810,0.0619816
8811,0.17260654
8812,0.016188715
8813,0.004433279
8814,0.008776339
8815,0.0065671704
8816,0.123235226
8817,0.12118012
8818,0.042502634
8819,0.12474046
8820,0.23019843
8821,0.0927456
8822,0.079026565
8823,0.024114378
8824,0.10027714
8825,0.053255457
8826,0.009825717
8827,0.08701817
8828,0.15606645
8829,0.011208296
8830,0.01625875
8831,0.22653183
8832,0.005823785
8833,0.003578561
8834,0.07893884
8835,0.0074455133
8836,0.049349505
8837,0.07339064
8838,0.15196742
8839,0.010933551
8840,0.016529523
8841,0.0031310506
8842,0.03654491
8843,0.21624704
8844,0.3352149
8845,0.3470673
8846,0.054778725
8847,0.008850618
8848,0.016322244
8849,0.01059604
8850,0.020523077
8851,0.07553214
8852,0.009893904
8853,0.04876413
8854,0.18075731
8855,0.008972326
8856,0.19222987
8857,0.0058133327
8858,0.0118765505
8859,0.008328927
8860,0.006583561
8861,0.008322288
8862,0.07045518
8863,0.123724006
8864,0.24809393
8865,0.0049367924
8866,0.0043558134
8867,0.009971002
8868,0.0831586
8869,0.11500485
8870,0.23376688
8871,0.03880406
8872,0.01239638
8873,0.15722117
8874,0.060542047
8875,0.0024737273
8876,0.07276927
8877,0.12291954
8878,0.10356406
8879,0.0022624582
8880,0.010737384
8881,0.00836743
8882,0.266188
8883,0.023763698
8884,0.009179461
8885,0.10155362
8886,0.07957734
8887,0.013289263
8888,0.0032384389
8889,0.010445571
8890,0.105654
8891,0.2522572
8892,0.013709085
8893,0.0043676207
8894,0.012049133
8895,0.012273568
8896,0.040762145
8897,0.061804198
8898,0.19537565
8899,0.051089056
8900,0.26025337
8901,0.15551335
8902,0.027469251
8903,0.07222277
8904,0.020868745
8905,0.01511774
8906,0.19179332
8907,0.010128626
8908,0.12848909
8909,0.017091129
8910,0.07055046
8911,0.05758559
8912,0.0037067397
8913,0.002386901
8914,0.25458068
8915,0.36393937
8916,0.1037972
8917,0.045158938
8918,0.05681215
8919,0.0040444415
8920,0.0029982158
8921,0.083300844
8922,0.11982902
8923,0.09266896
8924,0.8955142
8925,0.0033314205
8926,0.07409187
8927,0.005193145
8928,0.14025503
8929,0.11950139
8930,0.005968537
8931,0.00566279
8932,0.15311772
8933,0.50698227
8934,0.08738362
8935,0.16738756
8936,0.0012156593
8937,0.006379799
8938,0.005303589
8939,0.011243979
8940,0.012641151
8941,0.12123169
8942,0.0642163
8943,0.01851122
8944,0.09584562
8945,0.07142369
8946,0.010244964
8947,0.016139288
8948,0.015097097
8949,0.03859353
8950,0.0028138875
8951,0.115660414
8952,0.0332283
8953,0.051514186
8954,0.0028269265
8955,0.03177578
8956,0.079168156
8957,0.13928604
8958,0.0084919715
8959,0.07041787
8960,0.055254508
8961,0.50553113
8962,0.051780622
8963,0.09270054
8964,0.00789206
8965,0.040380627
8966,0.08094536
8967,0.08143226
8968,0.043555338
8969,0.44581777
8970,0.04696442
8971,0.0058202767
8972,0.00094491837
8973,0.010236206
8974,0.049660478
8975,0.14880598
8976,0.012648897
8977,0.06906961
8978,0.065610304
8979,0.07984721
8980,0.0064599365
8981,0.031499352
8982,0.2607364
8983,0.052461356
8984,0.063024774
8985,0.0068352944
8986,0.013567398
8987,0.0073986044
8988,0.07122077
8989,0.011326553
8990,0.06337853
8991,0.0033574086
8992,0.20342627
8993,0.09548875
8994,0.008331222
8995,0.01803206
8996,0.047023613
8997,0.006716547
8998,0.07375017
8999,0.12432148
9000,0.10112865
9001,0.12580092
9002,0.025294805
9003,0.0044377125
9004,0.0769765
9005,0.0017980847
9006,0.08192549
9007,0.19568227
9008,0.11516917
9009,0.0041056266
9010,0.0044937585
9011,0.03964161
9012,0.003683515
9013,0.018338613
9014,0.0014889548
9015,0.009819867
9016,0.0023434018
9017,0.0010932955
9018,0.0016940838
9019,0.0051751584
9020,0.008599447
9021,0.01445708
9022,0.011384191
9023,0.027876396
9024,0.16113982
9025,0.0047485493
9026,0.1761118
9027,0.23936749
9028,0.03286014
9029,0.011235537
9030,0.028397078
9031,0.017439578
9032,0.010334557
9033,0.017097998
9034,0.010311941
9035,0.08231851
9036,0.007132058
9037,0.007525073
9038,0.035373494
9039,0.0094439
9040,0.011277237
9041,0.037237424
9042,0.026034797
9043,0.02116789
9044,0.0050094267
9045,0.14460292
9046,0.005554285
9047,0.030161712
9048,0.004610809
9049,0.00481383
9050,0.03903049
9051,0.0052635977
9052,0.08883208
9053,0.007021107
9054,0.041390225
9055,0.12761407
9056,0.061187625
9057,0.08145449
9058,0.0072601265
9059,0.23796304
9060,0.013547379
9061,0.0010666234
9062,0.07561158
9063,0.0030390027
9064,0.051656663
9065,0.005263812
9066,0.09674137
9067,0.042409845
9068,0.003351471
9069,0.021636093
9070,0.042774923
9071,0.0541861
9072,0.0070663304
9073,0.0013554506
9074,0.014267826
9075,0.00525566
9076,0.0032622735
9077,0.022841906
9078,0.0054796115
9079,0.009084466
9080,0.004548208
9081,0.083897725
9082,0.032262765
9083,0.0055634207
9084,0.2036247
9085,0.03365282
9086,0.013332816
9087,0.020740954
9088,0.004844972
9089,0.012796029
9090,0.031670667
9091,0.024395378
9092,0.025674457
9093,0.003896324
9094,0.0029143128
9095,0.006109228
9096,0.01388182
9097,0.10788987
9098,0.16226587
9099,0.0014187417
9100,0.066531785
9101,0.0055839317
9102,0.014047372
9103,0.006657423
9104,0.011072831
9105,0.08101068
9106,0.05112151
9107,0.0068733767
9108,0.068848945
9109,0.065972984
9110,0.004904824
9111,0.091520116
9112,0.02653132
9113,0.082643285
9114,0.092557125
9115,0.30820018
9116,0.0470699
9117,0.010187472
9118,0.28334767
9119,0.07146995
9120,0.24327497
9121,0.12036501
9122,0.26441655
9123,0.062979326
9124,0.013286596
9125,0.0062113716
9126,0.0090904115
9127,0.023769464
9128,0.0035674586
9129,0.0023251162
9130,0.21744151
9131,0.03821759
9132,0.73058337
9133,0.16879216
9134,0.015792264
9135,0.033902414
9136,0.19767347
9137,0.034310844
9138,0.016635548
9139,0.027953044
9140,0.01122413
9141,0.03473977
9142,0.044826444
9143,0.18179141
9144,0.112436175
9145,0.3430596
9146,0.42797795
9147,0.008717378
9148,0.1535439
9149,0.16073033
9150,0.25675055
9151,0.045885645
9152,0.08372839
9153,0.06963294
9154,0.04217742
9155,0.032080878
9156,0.39738274
9157,0.11928938
9158,0.22772582
9159,0.41076127
9160,0.18057972
9161,0.024299817
9162,0.50756973
9163,0.0072900155
9164,0.07395843
9165,0.4075924
9166,0.0097806845
9167,0.08049622
9168,0.09824329
9169,0.016794397
9170,0.0076500103
9171,0.027851462
9172,0.062731706
9173,0.09781702
9174,0.059069734
9175,0.043614607
9176,0.09982967
9177,0.45112973
9178,0.08217803
9179,0.0034597348
9180,0.018414827
9181,0.0072429837
9182,0.01804557
9183,0.035206992
9184,0.05293433
9185,0.03197744
9186,0.119667456
9187,0.13145712
9188,0.08890367
9189,0.020308772
9190,0.21319613
9191,0.10469159
9192,0.006918639
9193,0.01698
9194,0.011245126
9195,0.012006952
9196,0.0061430344
9197,0.011651837
9198,0.012432578
9199,0.42286196
9200,0.04735356
9201,0.07558564
9202,0.31999338
9203,0.402138
9204,0.07571066
9205,0.056084294
9206,0.007586899
9207,0.02077274
9208,0.0032064375
9209,0.053255863
9210,0.0056285933
9211,0.067140274
9212,0.056770932
9213,0.12496706
9214,0.26460195
9215,0.45397264
9216,0.011441571
9217,0.049261086
9218,0.05722202
9219,0.0007370675
9220,0.005988018
9221,0.006466076
9222,0.017991703
9223,0.05045517
9224,0.20063248
9225,0.040458187
9226,0.06290937
9227,0.013937336
9228,0.06250174
9229,0.13937898
9230,0.49629545
9231,0.0025163349
9232,0.09044619
9233,0.028454686
9234,0.037481036
9235,0.04595595
9236,0.07421611
9237,0.012406653
9238,0.03013519
9239,0.10290028
9240,0.17171279
9241,0.08496191
9242,0.11045966
9243,0.0960983
9244,0.0012283189
9245,0.017450184
9246,0.037049334
9247,0.051739365
9248,0.0798381
9249,0.028573915
9250,0.11717389
9251,0.005393047
9252,0.034995437
9253,0.0037339567
9254,0.05011059
9255,0.005349959
9256,0.04493428
9257,0.04554501
9258,0.09202582
9259,0.012736194
9260,0.004877526
9261,0.13257155
9262,0.15217434
9263,0.17021026
9264,0.08031465
9265,0.05587119
9266,0.029224988
9267,0.11486892
9268,0.101488866
9269,0.0012775431
9270,0.0038424735
9271,0.06593207
9272,0.23562033
9273,0.026800558
9274,0.006465654
9275,0.021213206
9276,0.08190502
9277,0.08585478
9278,0.18705492
9279,0.09237047
9280,0.16992462
9281,0.06183035
9282,0.00973312
9283,0.013072441
9284,0.04806193
9285,0.038650654
9286,0.09397409
9287,0.06396938
9288,0.3915562
9289,0.13745646
9290,0.005515346
9291,0.0092733335
9292,0.067151085
9293,0.008441469
9294,0.049623866
9295,0.03536911
9296,0.0023342133
9297,0.09545492
9298,0.007376523
9299,0.004042852
9300,0.03459352
9301,0.08555705
9302,0.060038976
9303,0.06080997
9304,0.05174906
9305,0.14887254
9306,0.14213948
9307,0.3053432
9308,0.057708442
9309,0.012976939
9310,0.11712326
9311,0.015357338
9312,0.048771817
9313,0.0469073
9314,0.07467226
9315,0.06528156
9316,0.11588856
9317,0.04061484
9318,0.16217628
9319,0.065958805
9320,0.047353573
9321,0.031166991
9322,0.0048987526
9323,0.012496455
9324,0.18390977
9325,0.040105443
9326,0.04853308
9327,0.007864861
9328,0.009822605
9329,0.071342304
9330,0.06819358
9331,0.08829848
9332,0.14048803
9333,0.08349715
9334,0.17967054
9335,0.09534415
9336,0.123593196
9337,0.012870692
9338,0.14087442
9339,0.04079527
9340,0.06875992
9341,0.04259269
9342,0.057880364
9343,0.029217388
9344,0.002445474
9345,0.11802765
9346,0.04306359
9347,0.082153
9348,0.1127213
9349,0.022169381
9350,0.07886297
9351,0.020717327
9352,0.012236011
9353,0.014021826
9354,0.04194569
9355,0.036474757
9356,0.036638103
9357,0.07950804
9358,0.06994878
9359,0.14834942
9360,0.28120828
9361,0.09114073
9362,0.16235489
9363,0.07020476
9364,0.14586417
9365,0.094139576
9366,0.09158929
9367,0.0590482
9368,0.0021516434
9369,0.0036494962
9370,0.22224598
9371,0.09532889
9372,0.085816465
9373,0.05360518
9374,0.10368687
9375,0.0114461575
9376,0.0053366357
9377,0.010123591
9378,0.046918448
9379,0.19826722
9380,0.060883105
9381,0.04805057
9382,0.07824048
9383,0.47528157
9384,0.06790204
9385,0.04250721
9386,0.14527608
9387,0.059789695
9388,0.25960705
9389,0.29809695
9390,0.08590941
9391,0.013809627
9392,0.029817974
9393,0.080235526
9394,0.18228902
9395,0.049141288
9396,0.23097675
9397,0.07588016
9398,0.06933711
9399,0.0040085106
9400,0.036232047
9401,0.04116328
9402,0.07214601
9403,0.021320697
9404,0.117980644
9405,0.110035226
9406,0.0987141
9407,0.12381339
9408,0.04193006
9409,0.15700194
9410,0.19749501
9411,0.22461124
9412,0.072625056
9413,0.008539203
9414,0.05122878
9415,0.015617162
9416,0.010274939
9417,0.06849319
9418,0.4018623
9419,0.012721198
9420,0.05270326
9421,0.28303576
9422,0.23150316
9423,0.006392012
9424,0.015529545
9425,0.0077290954
9426,0.010848577
9427,0.037319425
9428,0.07444936
9429,0.15781567
9430,0.168821
9431,0.079183556
9432,0.06764529
9433,0.16318725
9434,0.18137619
9435,0.14804804
9436,0.20325585
9437,0.28465587
9438,0.15825474
9439,0.028595284
9440,0.026715362
9441,0.08328698
9442,0.02953522
9443,0.27004635
9444,0.9889842
9445,0.097259805
9446,0.021508029
9447,0.32638472
9448,0.06888055
9449,0.056322508
9450,0.26883885
9451,0.019008346
9452,0.025254145
9453,0.088085026
9454,0.0059330105
9455,0.054955117
9456,0.007232877
9457,0.26039723
9458,0.025019791
9459,0.10240978
9460,0.18644875
9461,0.16260356
9462,0.24183545
9463,0.317118
9464,0.28993112
9465,0.024866799
9466,0.18841405
9467,0.14222854
9468,0.09633203
9469,0.7808266
9470,0.3537311
9471,0.3087173
9472,0.008044973
9473,0.14428191
9474,0.009341533
9475,0.025333699
9476,0.01412418
9477,0.025438497
9478,0.009018039
9479,0.0040853326
9480,0.0642191
9481,0.002052796
9482,0.002452897
9483,0.02635537
9484,0.07309674
9485,0.07619299
9486,0.07841951
9487,0.117237926
9488,0.09259429
9489,0.1926864
9490,0.20116682
9491,0.051712453
9492,0.15920846
9493,0.19412215
9494,0.010908934
9495,0.041801803
9496,0.9885582
9497,0.87199676
9498,0.46713263
9499,0.006501117
9500,0.014060798
9501,0.010926526
9502,0.023936735
9503,0.29329297
9504,0.06570449
9505,0.017022766
9506,0.058452446
9507,0.017868442
9508,0.03086473
9509,0.09853907
9510,0.034585025
9511,0.0064980104
9512,0.21100509
9513,0.010730756
9514,0.010016926
9515,0.118702784
9516,0.12909424
9517,0.096297204
9518,0.067873225
9519,0.146427
9520,0.17081733
9521,0.20432928
9522,0.1443914
9523,0.115339376
9524,0.98670197
9525,0.7193318
9526,0.59937465
9527,0.008779441
9528,0.07502432
9529,0.035157744
9530,0.0202923
9531,0.17690335
9532,0.14326356
9533,0.1999607
9534,0.017385166
9535,0.09571519
9536,0.0049799024
9537,0.09188398
9538,0.06867497
9539,0.12900496
9540,0.116802216
9541,0.309571
9542,0.25280482
9543,0.18196826
9544,0.18347648
9545,0.10234375
9546,0.0795286
9547,0.102247894
9548,0.055964768
9549,0.05854339
9550,0.051568426
9551,0.17175157
9552,0.18953407
9553,0.12631877
9554,0.098898485
9555,0.04624846
9556,0.91066134
9557,0.9882771
9558,0.9930189
9559,0.083608374
9560,0.060530197
9561,0.12325348
9562,0.03559425
9563,0.2181277
9564,0.0336523
9565,0.0022875755
9566,0.009037535
9567,0.020135483
9568,0.02650277
9569,0.09381768
9570,0.020654937
9571,0.25923935
9572,0.60493207
9573,0.13667765
9574,0.13618305
9575,0.07392838
9576,0.17056406
9577,0.09512396
9578,0.21199532
9579,0.13671887
9580,0.030323252
9581,0.14354663
9582,0.11117989
9583,0.14046973
9584,0.075692005
9585,0.009722412
9586,0.36155158
9587,0.34395462
9588,0.20007053
9589,0.06458191
9590,0.07441734
9591,0.1157707
9592,0.10127787
9593,0.21875031
9594,0.014598923
9595,0.07741996
9596,0.046153333
9597,0.05046039
9598,0.04593288
9599,0.0647486
9600,0.045386843
9601,0.18895033
9602,0.47357965
9603,0.21740183
9604,0.23165727
9605,0.13360937
9606,0.21777447
9607,0.18698439
9608,0.44483957
9609,0.05845083
9610,0.006423784
9611,0.05302153
9612,0.06519788
9613,0.13959582
9614,0.19823568
9615,0.08042802
9616,0.3955116
9617,0.2131011
9618,0.18834893
9619,0.99064475
9620,0.14489716
9621,0.20927641
9622,0.16803996
9623,0.008107419
9624,0.04563925
9625,0.39601284
9626,0.08053482
9627,0.052707933
9628,0.01870937
9629,0.05636189
9630,0.14290385
9631,0.22498167
9632,0.28843576
9633,0.39213794
9634,0.3465525
9635,0.19746089
9636,0.19015338
9637,0.2179993
9638,0.009213184
9639,0.03353548
9640,0.1958315
9641,0.07820126
9642,0.029397119
9643,0.29476735
9644,0.24961786
9645,0.09380078
9646,0.5415145
9647,0.3208241
9648,0.0074280156
9649,0.08398341
9650,0.08383751
9651,0.077865586
9652,0.0669661
9653,0.009302418
9654,0.01136411
9655,0.01912539
9656,0.06252152
9657,0.12521274
9658,0.072423115
9659,0.13686123
9660,0.31328928
9661,0.8660283
9662,0.3542443
9663,0.19051877
9664,0.46727982
9665,0.1251208
9666,0.0030585253
9667,0.07555062
9668,0.05540932
9669,0.1171916
9670,0.20686407
9671,0.07718228
9672,0.004286839
9673,0.09975378
9674,0.19383757
9675,0.02409978
9676,0.0050605237
9677,0.03136721
9678,0.09520902
9679,0.04944793
9680,0.0018954858
9681,0.046789385
9682,0.017614055
9683,0.0013544724
9684,0.041973554
9685,0.06562678
9686,0.07648555
9687,0.123540044
9688,0.22817591
9689,0.22983673
9690,0.1401942
9691,0.46619463
9692,0.5553399
9693,0.26796404
9694,0.17668064
9695,0.039072562
9696,0.00652708
9697,0.06332873
9698,0.10355016
9699,0.024156854
9700,0.01951931
9701,0.6793277
9702,0.01224589
9703,0.012660635
9704,0.059385758
9705,0.049198356
9706,0.088384554
9707,0.10183152
9708,0.014325498
9709,0.0719441
9710,0.0026252815
9711,0.011422803
9712,0.040804166
9713,0.061719142
9714,0.12291832
9715,0.38377208
9716,0.21942301
9717,0.15120965
9718,0.7588438
9719,0.3658442
9720,0.36232284
9721,0.48482218
9722,0.036876865
9723,0.029449617
9724,0.05950458
9725,0.020498386
9726,0.013525873
9727,0.024196133
9728,0.057245813
9729,0.32011965
9730,0.12092233
9731,0.21623787
9732,0.013383983
9733,0.093279496
9734,0.07817222
9735,0.17052393
9736,0.17685913
9737,0.038219452
9738,0.027588904
9739,0.06669578
9740,0.121363126
9741,0.5895396
9742,0.2145629
9743,0.29841873
9744,0.2106497
9745,0.2845212
9746,0.18566297
9747,0.030595819
9748,0.024760395
9749,0.0024839886
9750,0.010509123
9751,0.010209592
9752,0.05104988
9753,0.0036328752
9754,0.12724137
9755,0.09766074
9756,0.24232224
9757,0.26058173
9758,0.016082384
9759,0.09526687
9760,0.008020988
9761,0.15988469
9762,0.008863463
9763,0.008821266
9764,0.0077145686
9765,0.12944242
9766,0.14097342
9767,0.014942293
9768,0.005263785
9769,0.13942881
9770,0.2529512
9771,0.113038875
9772,0.07458475
9773,0.15772285
9774,0.06776322
9775,0.020332102
9776,0.12410226
9777,0.13463536
9778,0.022937894
9779,0.006961722
9780,0.18639015
9781,0.0060727284
9782,0.0076525705
9783,0.010512762
9784,0.10654507
9785,0.059809703
9786,0.046382185
9787,0.18400225
9788,0.008550042
9789,0.053475518
9790,0.0074194907
9791,0.059804462
9792,0.25374347
9793,0.34159666
9794,0.38405973
9795,0.06513888
9796,0.00944046
9797,0.0405341
9798,0.05542217
9799,0.0015241129
9800,0.07297556
9801,0.01013719
9802,0.050315004
9803,0.21241137
9804,0.008802155
9805,0.15080476
9806,0.013821984
9807,0.016047366
9808,0.011049615
9809,0.009131843
9810,0.009153192
9811,0.09458236
9812,0.079924844
9813,0.2775107
9814,0.011036357
9815,0.017713653
9816,0.0026757426
9817,0.08631262
9818,0.15980205
9819,0.24852362
9820,0.079196356
9821,0.012501885
9822,0.14953026
9823,0.04975205
9824,0.10027844
9825,0.15216829
9826,0.10641352
9827,0.03275395
9828,0.009776602
9829,0.0016830766
9830,0.28276286
9831,0.011741445
9832,0.012097755
9833,0.14156437
9834,0.06273122
9835,0.045951977
9836,0.050730318
9837,0.044710647
9838,0.103485525
9839,0.2731932
9840,0.049649663
9841,0.0027513714
9842,0.036595788
9843,0.031995326
9844,0.060638893
9845,0.1699174
9846,0.07855995
9847,0.25489408
9848,0.12428941
9849,0.013170587
9850,0.023094023
9851,0.05107943
9852,0.043111067
9853,0.25776818
9854,0.09641672
9855,0.09978829
9856,0.027138522
9857,0.09236865
9858,0.05578662
9859,0.0071687503
9860,0.0077126906
9861,0.31877273
9862,0.4776245
9863,0.14734225
9864,0.07419665
9865,0.010554518
9866,0.08949143
9867,0.044285566
9868,0.008823273
9869,0.14021808
9870,0.092486754
9871,0.0750825
9872,0.94267046
9873,0.013674754
9874,0.057121478
9875,0.07430483
9876,0.07923119
9877,0.012887764
9878,0.041091856
9879,0.16396837
9880,0.40400282
9881,0.08574595
9882,0.17400703
9883,0.026664278
9884,0.03146991
9885,0.0070655495
9886,0.041995924
9887,0.12558235
9888,0.021134397
9889,0.01986751
9890,0.07326349
9891,0.010755849
9892,0.014769405
9893,0.08018015
9894,0.012651697
9895,0.13319255
9896,0.013580014
9897,0.053613234
9898,0.0111233
9899,0.002407847
9900,0.09702424
9901,0.18796723
9902,0.0782297
9903,0.47733122
9904,0.09904398
9905,0.113008246
9906,0.00902372
9907,0.06533166
9908,0.12897277
9909,0.03478129
9910,0.50646937
9911,0.07923351
9912,0.0060369605
9913,0.006328342
9914,0.06417757
9915,0.19107261
9916,0.021143088
9917,0.009506583
9918,0.10955592
9919,0.085335806
9920,0.012174179
9921,0.017634425
9922,0.31462932
9923,0.0074710026
9924,0.0069297566
9925,0.018551763
9926,0.017966092
9927,0.03784883
9928,0.033500664
9929,0.00085888896
9930,0.23183247
9931,0.11484858
9932,0.0014551651
9933,0.0038602315
9934,0.006975554
9935,0.07772088
9936,0.19723034
9937,0.11151971
9938,0.113636255
9939,0.05210504
9940,0.0149539085
9941,0.006822808
9942,0.06950382
9943,0.2048163
9944,0.13104519
9945,0.0061533377
9946,0.06075676
9947,0.0007953945
9948,0.0019794668
9949,0.013412294
9950,0.0009379044
9951,0.000978023
9952,0.004487346
9953,0.0022198944
9954,0.040488772
9955,0.019804312
9956,0.056984685
9957,0.053538132
9958,0.15813476
9959,0.010075334
9960,0.009388794
9961,0.1495959
9962,0.22017393
9963,0.005307232
9964,0.0072178105
9965,0.015768653
9966,0.023796957
9967,0.015997933
9968,0.005400458
9969,0.011697461
9970,0.012944356
9971,0.022107216
9972,0.11737555
9973,0.006589183
9974,0.007164465
9975,0.016065788
9976,0.0073377015
9977,0.032161094
9978,0.037831735
9979,0.0019590128
9980,0.0006544517
9981,0.14506881
9982,0.017372375
9983,0.06868095
9984,0.0014321713
9985,0.0057824263
9986,0.054083984
9987,0.046869345
9988,0.0019365798
9989,0.17799367
9990,0.085159644
9991,0.12041817
9992,0.057492692
9993,0.007139957
9994,0.20964205
9995,0.007994414
9996,0.008114264
9997,0.0035638406
9998,0.11009643
9999,0.06446418
10000,0.006616363
10001,0.09939029
10002,0.0020246368
10003,0.0069011883
10004,0.0016549353
10005,0.0019172747
10006,0.08508472
10007,0.0019149274
10008,0.005389247
10009,0.017145252
10010,0.06618387
10011,0.0054251193
10012,0.011510032
10013,0.004122393
10014,0.08996889
10015,0.046629015
10016,0.14824931
10017,0.014214056
10018,0.014514009
10019,0.0009915456
10020,0.014289752
10021,0.015430955
10022,0.07668074
10023,0.002672506
10024,0.02715275
10025,0.01858702
10026,0.0023580182
10027,0.0060965763
10028,0.027278787
10029,0.117932975
10030,0.22032669
10031,0.08401338
10032,0.013183488
10033,0.025070867
10034,0.045060333
10035,0.11220747
10036,0.05652628
10037,0.004273591
10038,0.06548478
10039,0.006104514
10040,0.04880365
10041,0.14082122
10042,0.028525174
10043,0.004719922
10044,0.018692141
10045,0.1227512
10046,0.023450363
10047,0.113669254
10048,0.31984064
10049,0.17758265
10050,0.011437999
10051,0.019864438
10052,0.06793055
10053,0.0080062905
10054,0.3097767
10055,0.031749852
10056,0.23763457
10057,0.09549131
10058,0.20950237
10059,0.062999785
10060,0.013396579
10061,0.022634419
10062,0.030115116
10063,0.001487777
10064,0.2431302
10065,0.03599789
10066,0.62291014
10067,0.29284504
10068,0.005509783
10069,0.034008212
10070,0.079055615
10071,0.054673932
10072,0.0060119648
10073,0.051004715
10074,0.0992774
10075,0.0043803924
10076,0.036234062
10077,0.12713079
10078,0.17593195
10079,0.50214815
10080,0.5107765
10081,0.2181613
10082,0.14207661
10083,0.3125834
10084,0.008198981
10085,0.0364699
10086,0.008046736
10087,0.039740834
10088,0.008320341
10089,0.18722224
10090,0.41735348
10091,0.13636784
10092,0.23937783
10093,0.50175524
10094,0.12833193
10095,0.0016802417
10096,0.40697446
10097,0.03461214
10098,0.4941927
10099,0.035326585
10100,0.08193046
10101,0.04799965
10102,0.065440275
10103,0.017354125
10104,0.111339234
10105,0.07673627
10106,0.049288116
10107,0.02655591
10108,0.10838862
10109,0.30965406
10110,0.07621248
10111,0.042763967
10112,0.043902222
10113,0.0138257835
10114,0.019905722
10115,0.04791682
10116,0.0114211915
10117,0.039153557
10118,0.14063801
10119,0.006146841
10120,0.064848796
10121,0.14837793
10122,0.10128307
10123,0.26740304
10124,0.022188805
10125,0.053817224
10126,0.009185897
10127,0.0065567545
10128,0.009202512
10129,0.010698831
10130,0.012028689
10131,0.45812488
10132,0.072077595
10133,0.038223933
10134,0.38174787
10135,0.35974175
10136,0.07329613
10137,0.03738669
10138,0.011134414
10139,0.011310626
10140,0.028325614
10141,0.007429966
10142,0.047660142
10143,0.0057089217
10144,0.007986046
10145,0.06955406
10146,0.109497465
10147,0.11301994
10148,0.17836025
10149,0.4224558
10150,0.0119772125
10151,0.0027069512
10152,0.049891952
10153,0.026770592
10154,0.035130303
10155,0.0041384706
10156,0.047422655
10157,0.054737665
10158,0.24359493
10159,0.028091645
10160,0.06341001
10161,0.013760058
10162,0.064630054
10163,0.15378796
10164,0.4743982
10165,0.008042315
10166,0.034338605
10167,0.04039713
10168,0.029690374
10169,0.04045747
10170,0.071178995
10171,0.0101508545
10172,0.030447593
10173,0.027011137
10174,0.14697948
10175,0.20256762
10176,0.11973145
10177,0.084863804
10178,0.10801123
10179,0.012623897
10180,0.024502594
10181,0.010704112
10182,0.020016491
10183,0.06418417
10184,0.05719775
10185,0.113367304
10186,0.013809966
10187,0.03449001
10188,0.02352578
10189,0.074016415
10190,0.020695081
10191,0.07611877
10192,0.026882375
10193,0.008328546
10194,0.0977734
10195,0.022924552
10196,0.123314165
10197,0.1975642
10198,0.14588773
10199,0.040338013
10200,0.036903564
10201,0.039469246
10202,0.112287045
10203,0.023224847
10204,0.010030215
10205,0.053436004
10206,0.24910183
10207,0.010550273
10208,0.0028179109
10209,0.010444159
10210,0.06799197
10211,0.06060016
10212,0.18058537
10213,0.11513795
10214,0.17051658
10215,0.060830604
10216,0.045305382
10217,0.039903574
10218,0.06874348
10219,0.081554
10220,0.09570269
10221,0.06557481
10222,0.44501266
10223,0.12531552
10224,0.0408944
10225,0.086415306
10226,0.00902767
10227,0.06948496
10228,0.008813833
10229,0.0927402
10230,0.029467175
10231,0.0013338166
10232,0.01059701
10233,0.0165088
10234,0.119925834
10235,0.04775096
10236,0.046007805
10237,0.061988126
10238,0.11889732
10239,0.13421035
10240,0.28415385
10241,0.09529525
10242,0.012803545
10243,0.13173442
10244,0.0579231
10245,0.06679816
10246,0.0059080557
10247,0.00710461
10248,0.08306937
10249,0.059462924
10250,0.16244829
10251,0.12416023
10252,0.17415373
10253,0.06293516
10254,0.06226305
10255,0.007422256
10256,0.010580273
10257,0.011289391
10258,0.14285891
10259,0.0063815527
10260,0.0029217382
10261,0.031735457
10262,0.001192466
10263,0.004064091
10264,0.061244387
10265,0.060906064
10266,0.09915729
10267,0.15372506
10268,0.07622041
10269,0.18868835
10270,0.10488323
10271,0.16539828
10272,0.012630843
10273,0.11601181
10274,0.05975632
10275,0.07238999
10276,0.0077522323
10277,0.014828427
10278,0.04014169
10279,0.00871807
10280,0.007956257
10281,0.085570715
10282,0.079614416
10283,0.01920027
10284,0.05867977
10285,0.08503032
10286,0.028663838
10287,0.05708348
10288,0.0077143745
10289,0.0059003728
10290,0.01166598
10291,0.055493843
10292,0.022970349
10293,0.045151632
10294,0.09297454
10295,0.05417301
10296,0.15073097
10297,0.27088574
10298,0.078911215
10299,0.09061468
10300,0.0836134
10301,0.15627506
10302,0.1190867
10303,0.12869924
10304,0.068131864
10305,0.022460274
10306,0.2605924
10307,0.07884103
10308,0.07254934
10309,0.061730366
10310,0.09718393
10311,0.014918394
10312,0.048289802
10313,0.007675212
10314,0.003409295
10315,0.056703288
10316,0.23474595
10317,0.06793689
10318,0.03265228
10319,0.091763124
10320,0.44340143
10321,0.08211076
10322,0.013004412
10323,0.11629059
10324,0.08185731
10325,0.2588113
10326,0.28159612
10327,0.117908835
10328,0.003960346
10329,0.05479284
10330,0.10822147
10331,0.24943343
10332,0.055006884
10333,0.15933041
10334,0.076278254
10335,0.056536447
10336,0.006086803
10337,0.00931534
10338,0.042664528
10339,0.047318887
10340,0.074819006
10341,0.0066450112
10342,0.123118505
10343,0.17318265
10344,0.122940764
10345,0.13742372
10346,0.05500888
10347,0.14129272
10348,0.18958874
10349,0.29676786
10350,0.09289641
10351,0.00716528
10352,0.062628604
10353,0.002551663
10354,0.014996138
10355,0.064043224
10356,0.3709705
10357,0.039487604
10358,0.032861378
10359,0.33025354
10360,0.18225065
10361,0.010168947
10362,0.004313494
10363,0.056680344
10364,0.075380765
10365,0.17346632
10366,0.18235464
10367,0.086282775
10368,0.052836347
10369,0.2082611
10370,0.17159429
10371,0.17791475
10372,0.22266898
10373,0.30460447
10374,0.15356416
10375,0.0072854413
10376,0.011649568
10377,0.062368415
10378,0.12058393
10379,0.058991443
10380,0.2705233
10381,0.9806076
10382,0.103274405
10383,0.033229716
10384,0.32569918
10385,0.071002044
10386,0.045884363
10387,0.24556112
10388,0.016491603
10389,0.035460133
10390,0.05874578
10391,0.084592834
10392,0.00921771
10393,0.05128196
10394,0.30335116
10395,0.034783084
10396,0.10470285
10397,0.21939091
10398,0.1489389
10399,0.2649606
10400,0.30991778
10401,0.30196217
10402,0.0037236358
10403,0.2917543
10404,0.098068126
10405,0.17475572
10406,0.7759539
10407,0.31480217
10408,0.33781767
10409,0.0019591036
10410,0.15472378
10411,0.010087545
10412,0.058690898
10413,0.008418944
10414,0.0034155748
10415,0.007902732
10416,0.05727405
10417,0.0072954767
10418,0.002878347
10419,0.029136648
10420,0.060194753
10421,0.07602511
10422,0.06701571
10423,0.119482994
10424,0.09878026
10425,0.2500916
10426,0.18127419
10427,0.053743362
10428,0.1196761
10429,0.20425105
10430,0.035405293
10431,0.02731829
10432,0.9873174
10433,0.950885
10434,0.46404657
10435,0.006308836
10436,0.0048446106
10437,0.0015814656
10438,0.0048694136
10439,0.28881556
10440,0.021037515
10441,0.058133505
10442,0.0050462564
10443,0.072635435
10444,0.091102324
10445,0.043868333
10446,0.0020745602
10447,0.2892379
10448,0.0019261703
10449,0.009501202
10450,0.11489759
10451,0.10232917
10452,0.10531591
10453,0.048565276
10454,0.14481345
10455,0.14092052
10456,0.006918315
10457,0.0032007596
10458,0.17013301
10459,0.11819049
10460,0.1228122
10461,0.9775904
10462,0.83497494
10463,0.59781563
10464,0.00925066
10465,0.034248125
10466,0.0034561907
10467,0.20137174
10468,0.07620452
10469,0.19688869
10470,0.024038266
10471,0.07943952
10472,0.030713867
10473,0.07708925
10474,0.12041626
10475,0.14429908
10476,0.14249688
10477,0.37049028
10478,0.3503386
10479,0.21591684
10480,0.19178537
10481,0.12499435
10482,0.13159712
10483,0.089889646
10484,0.04229005
10485,0.07029292
10486,0.15474837
10487,0.16452292
10488,0.18694851
10489,0.13264054
10490,0.06209708
10491,0.96601
10492,0.98801184
10493,0.9930768
10494,0.11518399
10495,0.0560211
10496,0.113438055
10497,0.19998753
10498,0.046711456
10499,0.013314146
10500,0.04217538
10501,0.052414097
10502,0.102742136
10503,0.049885076
10504,0.2564561
10505,0.78430367
10506,0.12723354
10507,0.1574149
10508,0.107454136
10509,0.21972951
10510,0.06160612
10511,0.1733394
10512,0.1307927
10513,0.056406945
10514,0.10508622
10515,0.10824637
10516,0.07886039
10517,0.048971057
10518,0.0068930387
10519,0.32697576
10520,0.31882143
10521,0.21617797
10522,0.04723531
10523,0.036168236
10524,0.08601626
10525,0.0715296
10526,0.28126004
10527,0.047807112
10528,0.039846558
10529,0.020997357
10530,0.052450947
10531,0.038183972
10532,0.06896375
10533,0.21616855
10534,0.525182
10535,0.2869005
10536,0.32035637
10537,0.12095882
10538,0.2948746
10539,0.22397253
10540,0.42322406
10541,0.07756965
10542,0.03248294
10543,0.0743345
10544,0.044716887
10545,0.14996359
10546,0.23512658
10547,0.121034585
10548,0.39332077
10549,0.22255647
10550,0.22499564
10551,0.9903048
10552,0.13650584
10553,0.18909727
10554,0.16924696
10555,0.02790578
10556,0.36364368
10557,0.075822115
10558,0.06946814
10559,0.046922375
10560,0.062119223
10561,0.17428839
10562,0.33425766
10563,0.30737022
10564,0.46131372
10565,0.34145755
10566,0.19788708
10567,0.18542637
10568,0.2090565
10569,0.00206571
10570,0.1563001
10571,0.081713766
10572,0.0047323713
10573,0.27044597
10574,0.23973659
10575,0.08429966
10576,0.5507356
10577,0.26690722
10578,0.0071459487
10579,0.09414734
10580,0.088035084
10581,0.069500625
10582,0.029470976
10583,0.010070833
10584,0.061364315
10585,0.09353882
10586,0.094230175
10587,0.17657351
10588,0.37982342
10589,0.87079966
10590,0.40751082
10591,0.25135565
10592,0.5149039
10593,0.13362792
10594,0.006736528
10595,0.06889733
10596,0.09075993
10597,0.08962982
10598,0.2062473
10599,0.06384102
10600,0.058381133
10601,0.092241086
10602,0.12448542
10603,0.05737753
10604,0.03273285
10605,0.06604573
10606,0.04780325
10607,0.0056334813
10608,0.067125306
10609,0.039600387
10610,0.0023798
10611,0.04306813
10612,0.07232499
10613,0.07194581
10614,0.11638703
10615,0.25322753
10616,0.25126493
10617,0.15284193
10618,0.61425024
10619,0.55991465
10620,0.28424892
10621,0.15975255
10622,0.007847859
10623,0.012535321
10624,0.053958427
10625,0.06365427
10626,0.012437275
10627,0.00834014
10628,0.043026786
10629,0.5772792
10630,0.0471771
10631,0.014512758
10632,0.13552625
10633,0.020545173
10634,0.05370565
10635,0.04617908
10636,0.09745394
10637,0.0039321766
10638,0.050526552
10639,0.0073329406
10640,0.02377573
10641,0.046854757
10642,0.07158269
10643,0.13496184
10644,0.38110524
10645,0.21172509
10646,0.15864037
10647,0.76756346
10648,0.3761759
10649,0.38710743
10650,0.4775013
10651,0.077332035
10652,0.061255086
10653,0.053908326
10654,0.016607635
10655,0.004718147
10656,0.02261753
10657,0.10152181
10658,0.3464697
10659,0.090708956
10660,0.22971416
10661,0.032052495
10662,0.104814544
10663,0.07489513
10664,0.12580797
10665,0.13759065
10666,0.062260885
10667,0.004784813
10668,0.06638478
10669,0.10798538
10670,0.6400684
10671,0.19453424
10672,0.30359828
10673,0.17569874
10674,0.23764995
10675,0.19459558
10676,0.059077244
10677,0.021556873
10678,0.012069972
10679,0.07155069
10680,0.0044473917
10681,0.12023401
10682,0.068564296
10683,0.15272892
10684,0.18787158
10685,0.014027344
10686,0.067641534
10687,0.008155294
10688,0.18043287
10689,0.048077054
10690,0.07842167
10691,0.15452702
10692,0.0122705605
10693,0.13389713
10694,0.23315606
10695,0.11604412
10696,0.122252524
10697,0.0038665489
10698,0.1457155
10699,0.06366333
10700,0.007567274
10701,0.12605664
10702,0.074649915
10703,0.043877076
10704,0.0074772784
10705,0.16303763
10706,0.0067834733
10707,0.0077221794
10708,0.014186713
10709,0.14381373
10710,0.007390867
10711,0.060418867
10712,0.06433679
10713,0.14362192
10714,0.014542441
10715,0.049298737
10716,0.0017721187
10717,0.048005827
10718,0.18297824
10719,0.3649484
10720,0.3654541
10721,0.04987385
10722,0.009227768
10723,0.011410753
10724,0.057073094
10725,0.020197561
10726,0.059235007
10727,0.011407739
10728,0.07020013
10729,0.20925644
10730,0.008540614
10731,0.050063968
10732,0.010109137
10733,0.0021359322
10734,0.012650484
10735,0.011058798
10736,0.09916849
10737,0.08822477
10738,0.2887672
10739,0.023434479
10740,0.0072808093
10741,0.032656476
10742,0.10743849
10743,0.16283579
10744,0.28718248
10745,0.05825128
10746,0.010646477
10747,0.10694432
10748,0.015571724
10749,0.0057488065
10750,0.055100907
10751,0.107927844
10752,0.1037544
10753,0.0055675926
10754,0.008743478
10755,0.015747761
10756,0.0031644367
10757,0.28773937
10758,0.0135591775
10759,0.008626339
10760,0.096952274
10761,0.063037075
10762,0.0484005
10763,0.05562678
10764,0.045768697
10765,0.11019319
10766,0.3237522
10767,0.013302432
10768,0.004053618
10769,0.008137567
10770,0.081263825
10771,0.023918565
10772,0.06270261
10773,0.19406298
10774,0.06294242
10775,0.25074428
10776,0.1296262
10777,0.05142219
10778,0.040323168
10779,0.053550273
10780,0.0047463165
10781,0.2950589
10782,0.09152585
10783,0.043436237
10784,0.07494249
10785,0.062841006
10786,0.0014042346
10787,0.0045965584
10788,0.31386414
10789,0.4520832
10790,0.15143132
10791,0.07040035
10792,0.06036692
10793,0.058163397
10794,0.031741038
10795,0.09577139
10796,0.14160994
10797,0.070715874
10798,0.87505436
10799,0.012025112
10800,0.066528775
10801,0.040466394
10802,0.10792798
10803,0.0013104739
10804,0.016638469
10805,0.19556898
10806,0.40617448
10807,0.07934619
10808,0.18274209
10809,0.012319733
10810,0.017221935
10811,0.011361059
10812,0.0955341
10813,0.049032006
10814,0.03147959
10815,0.05109317
10816,0.006596604
10817,0.11691592
10818,0.014546379
10819,0.11246059
10820,0.049245402
10821,0.043634076
10822,0.010142329
10823,0.036079638
10824,0.09824703
10825,0.062030625
10826,0.012432
10827,0.018083218
10828,0.058708657
10829,0.52236646
10830,0.118981816
10831,0.057021834
10832,0.049954392
10833,0.05207845
10834,0.09488531
10835,0.109069146
10836,0.034579787
10837,0.032667976
10838,0.46554732
10839,0.053280342
10840,0.0054762335
10841,0.04859385
10842,0.107688405
10843,0.14707883
10844,0.06864254
10845,0.041153453
10846,0.012567928
10847,0.23463932
10848,0.010438671
10849,0.043860525
10850,0.04115155
10851,0.042998455
10852,0.025639752
10853,0.0031697606
10854,0.19934037
10855,0.08787938
10856,0.0045378925
10857,0.007143156
10858,0.05569445
10859,0.14907238
10860,0.118910894
10861,0.06781925
10862,0.01680535
10863,0.0021548828
10864,0.012380727
10865,0.0629199
10866,0.1998575
10867,0.10217996
10868,0.0045225634
10869,0.00088228827
10870,0.0069225207
10871,0.0027170796
10872,0.008429774
10873,0.006145043
10874,0.009655751
10875,0.0054616155
10876,0.005746262
10877,0.005309342
10878,0.0071559087
10879,0.0021349313
10880,0.0134972725
10881,0.0038919828
10882,0.01812579
10883,0.17193475
10884,0.011474186
10885,0.009540138
10886,0.14520463
10887,0.20829561
10888,0.016745891
10889,0.01136946
10890,0.014134742
10891,0.0050885053
10892,0.013677189
10893,0.017849687
10894,0.012145786
10895,0.0044591418
10896,0.009926988
10897,0.07015351
10898,0.00728207
10899,0.00700513
10900,0.008187945
10901,0.055064607
10902,0.026138121
10903,0.04644507
10904,0.059458993
10905,0.0048856796
10906,0.14849761
10907,0.056824375
10908,0.061822366
10909,0.00558447
10910,0.0041848808
10911,0.0074489834
10912,0.0053150333
10913,0.0682802
10914,0.016466638
10915,0.0048451433
10916,0.0071208724
10917,0.0022614864
10918,0.006573666
10919,0.16540763
10920,0.0729453
10921,0.09194963
10922,0.02251418
10923,0.007068078
10924,0.0045315423
10925,0.012009395
10926,0.17778726
10927,0.0024147562
10928,0.012358072
10929,0.07413884
10930,0.0014823319
10931,0.049636878
10932,0.0055218586
10933,0.13323991
10934,0.024709662
10935,0.022240935
10936,0.025255937
10937,0.021980843
10938,0.0044090627
10939,0.00081495347
10940,0.007110088
10941,0.0206135
10942,0.016569171
10943,0.051106848
10944,0.018221362
10945,0.01188151
10946,0.065640934
10947,0.049661506
10948,0.1715598
10949,0.057524215
10950,0.02129576
10951,0.0059834756
10952,0.0027880738
10953,0.0063600005
10954,0.047806323
10955,0.001993788
10956,0.0065164617
10957,0.00960491
10958,0.040892966
10959,0.005664701
10960,0.0016547062
10961,0.04478379
10962,0.13099542
10963,0.23828349
10964,0.06754463
10965,0.02048839
10966,0.066548474
10967,0.09775841
10968,0.0575786
10969,0.03283622
10970,0.02107597
10971,0.1492758
10972,0.09914833
10973,0.019967228
10974,0.060505252
10975,0.05999892
10976,0.035601296
10977,0.016066857
10978,0.08017324
10979,0.081372924
10980,0.09374268
10981,0.17689571
10982,0.11195183
10983,0.010819276
10984,0.013563308
10985,0.010929522
10986,0.37054068
10987,0.019907758
10988,0.29025248
10989,0.20603316
10990,0.16936243
10991,0.0639135
10992,0.015399098
10993,0.013342738
10994,0.06615744
10995,0.15196893
10996,0.033758257
10997,0.59400946
10998,0.13298821
10999,0.035750356
11000,0.09994043
11001,0.08244206
11002,0.017289963
11003,0.015232673
11004,0.081212774
11005,0.09551455
11006,0.010740487
11007,0.010829655
11008,0.017792147
11009,0.17527679
11010,0.2449282
11011,0.46137196
11012,0.40464514
11013,0.061359525
11014,0.14190038
11015,0.015158415
11016,0.15698679
11017,0.3115346
11018,0.0096763205
11019,0.053689577
11020,0.077264145
11021,0.05443138
11022,0.15052542
11023,0.40746555
11024,0.04876533
11025,0.17078082
11026,0.4831063
11027,0.19650993
11028,0.43835473
11029,0.097514674
11030,0.464464
11031,0.043399386
11032,0.076569565
11033,0.04482933
11034,0.06779659
11035,0.045035295
11036,0.09368816
11037,0.082058534
11038,0.009517674
11039,0.039249327
11040,0.29722303
11041,0.07880597
11042,0.030250758
11043,0.083355345
11044,0.078759864
11045,0.017533656
11046,0.01044411
11047,0.0050925002
11048,0.039128765
11049,0.117784485
11050,0.029063355
11051,0.13269566
11052,0.19248135
11053,0.2808741
11054,0.023632012
11055,0.10648954
11056,0.10543187
11057,0.04137944
11058,0.057021093
11059,0.010844675
11060,0.5138861
11061,0.0866984
11062,0.08781413
11063,0.6638119
11064,0.35268703
11065,0.078268014
11066,0.0037296596
11067,0.01083425
11068,0.0015162475
11069,0.00720713
11070,0.049485315
11071,0.0054263407
11072,0.094042316
11073,0.11145495
11074,0.10693002
11075,0.37226143
11076,0.4899887
11077,0.0071846223
11078,0.02906019
11079,0.048321802
11080,0.0072856965
11081,0.0014676293
11082,0.012345579
11083,0.0055317855
11084,0.057475697
11085,0.22229163
11086,0.017044358
11087,0.052915074
11088,0.008043138
11089,0.009401168
11090,0.1182271
11091,0.016000079
11092,0.17926267
11093,0.3650759
11094,0.0052648704
11095,0.06574985
11096,0.014037559
11097,0.046563637
11098,0.011009989
11099,0.078279704
11100,0.06520043
11101,0.011239698
11102,0.020908404
11103,0.0028437437
11104,0.13829336
11105,0.15572795
11106,0.0964127
11107,0.021732647
11108,0.07350061
11109,0.019131945
11110,0.046636306
11111,0.07468062
11112,0.08038984
11113,0.10110911
11114,0.052930884
11115,0.13125305
11116,0.03620727
11117,0.034028932
11118,0.027214194
11119,0.044631284
11120,0.07553218
11121,0.051064014
11122,0.020618696
11123,0.093060836
11124,0.186382
11125,0.19216348
11126,0.043603204
11127,0.0060552587
11128,0.03891582
11129,0.06392491
11130,0.04008509
11131,0.011195396
11132,0.07446323
11133,0.05391379
11134,0.25509065
11135,0.015277773
11136,0.006543032
11137,0.0461803
11138,0.056097418
11139,0.07861197
11140,0.20008282
11141,0.13352299
11142,0.15728314
11143,0.06076468
11144,0.038018294
11145,0.038125332
11146,0.06429445
11147,0.11386746
11148,0.010288702
11149,0.07890115
11150,0.055236913
11151,0.4445154
11152,0.10558095
11153,0.0037383724
11154,0.009818752
11155,0.10893401
11156,0.0059296964
11157,0.018271444
11158,0.05213927
11159,0.010836365
11160,0.07242356
11161,0.04625275
11162,0.024153251
11163,0.040313356
11164,0.15789557
11165,0.07542202
11166,0.064298734
11167,0.07575142
11168,0.1008714
11169,0.11851774
11170,0.2658466
11171,0.09381142
11172,0.009585904
11173,0.12817864
11174,0.04079293
11175,0.07082605
11176,0.0061790273
11177,0.007045894
11178,0.10484282
11179,0.020384952
11180,0.16869554
11181,0.071438566
11182,0.15845549
11183,0.040582884
11184,0.05019329
11185,0.0056019775
11186,0.0031054933
11187,0.17717226
11188,0.006469015
11189,0.054082036
11190,0.04658825
11191,0.014731372
11192,0.037157424
11193,0.06951451
11194,0.06262305
11195,0.111561894
11196,0.14359777
11197,0.103731215
11198,0.20331609
11199,0.13466614
11200,0.15056922
11201,0.0070525073
11202,0.13092804
11203,0.06845531
11204,0.07843025
11205,0.0076608835
11206,0.030504594
11207,0.16084349
11208,0.024003074
11209,0.022925604
11210,0.049003795
11211,0.0040197065
11212,0.08327003
11213,0.10742328
11214,0.0026597877
11215,0.03779488
11216,0.0014435521
11217,0.010154631
11218,0.09273246
11219,0.060512632
11220,0.03269247
11221,0.09529675
11222,0.06770803
11223,0.1795149
11224,0.30674082
11225,0.06637382
11226,0.092809185
11227,0.07106069
11228,0.13239343
11229,0.09459223
11230,0.110972784
11231,0.0820264
11232,0.008556294
11233,0.007246148
11234,0.0035391587
11235,0.27619788
11236,0.08857206
11237,0.05637089
11238,0.060500037
11239,0.13771352
11240,0.0074025923
11241,0.049993537
11242,0.014868489
11243,0.07872178
11244,0.31675896
11245,0.06596107
11246,0.04396092
11247,0.119144395
11248,0.56308985
11249,0.07337274
11250,0.01437215
11251,0.1614039
11252,0.10314447
11253,0.21045876
11254,0.29108804
11255,0.11838777
11256,0.01768251
11257,0.0593972
11258,0.05296602
11259,0.07502635
11260,0.1830165
11261,0.02145248
11262,0.18767884
11263,0.08924273
11264,0.009862067
11265,0.011963414
11266,0.0076695583
11267,0.00988246
11268,0.049322803
11269,0.05099036
11270,0.07705579
11271,0.008324701
11272,0.15599425
11273,0.15423758
11274,0.13295105
11275,0.14692341
11276,0.08001128
11277,0.13640192
11278,0.2327508
11279,0.2464442
11280,0.057412423
11281,0.0073290565
11282,0.09498896
11283,0.03599236
11284,0.04441349
11285,0.39007095
11286,0.04911145
11287,0.044815227
11288,0.27761778
11289,0.21205536
11290,0.0026503832
11291,0.063206315
11292,0.07082445
11293,0.14885488
11294,0.23075604
11295,0.008846214
11296,0.08945255
11297,0.035338864
11298,0.14789489
11299,0.13797772
11300,0.16217893
11301,0.19880942
11302,0.30163607
11303,0.13798206
11304,0.038638674
11305,0.09354414
11306,0.04973179
11307,0.2950036
11308,0.96294594
11309,0.102560684
11310,0.049475912
11311,0.26178563
11312,0.032532413
11313,0.07356925
11314,0.24703996
11315,0.013955246
11316,0.072036006
11317,0.10865887
11318,0.0038843583
11319,0.04773989
11320,0.007483393
11321,0.29508442
11322,0.026060363
11323,0.07981497
11324,0.20654874
11325,0.12827939
11326,0.23077473
11327,0.28974804
11328,0.29951096
11329,0.04143979
11330,0.22022565
11331,0.12641743
11332,0.14432228
11333,0.82110435
11334,0.364246
11335,0.36797923
11336,0.033543766
11337,0.13817346
11338,0.06418054
11339,0.016214496
11340,0.011349747
11341,0.007930754
11342,0.029553235
11343,0.078567035
11344,0.00749079
11345,0.012614548
11346,0.013997586
11347,0.018082585
11348,0.072852835
11349,0.12173955
11350,0.08294994
11351,0.10906486
11352,0.219334
11353,0.15962207
11354,0.040966608
11355,0.13597614
11356,0.21884386
11357,0.04447504
11358,0.04519657
11359,0.97979605
11360,0.7651577
11361,0.5637204
11362,0.006398005
11363,0.01830921
11364,0.024506347
11365,0.29382396
11366,0.07155376
11367,0.03529531
11368,0.11871028
11369,0.10058288
11370,0.09870781
11371,0.006976898
11372,0.31030864
11373,0.011722505
11374,0.02418112
11375,0.15605506
11376,0.11792258
11377,0.11203146
11378,0.053021967
11379,0.14163062
11380,0.12498913
11381,0.018990852
11382,0.15406816
11383,0.115183905
11384,0.080671564
11385,0.9867363
11386,0.79280597
11387,0.66710216
11388,0.003661583
11389,0.042975195
11390,0.0024827917
11391,0.18866935
11392,0.10514544
11393,0.20472887
11394,0.013140194
11395,0.062121443
11396,0.032887235
11397,0.07014754
11398,0.120511636
11399,0.15847874
11400,0.12064228
11401,0.3604526
11402,0.30760282
11403,0.21537216
11404,0.16418162
11405,0.11644791
11406,0.08011989
11407,0.11563526
11408,0.058135502
11409,0.049203847
11410,0.005330527
11411,0.13318339
11412,0.1494333
11413,0.13059117
11414,0.09759009
11415,0.011344468
11416,0.91463554
11417,0.98756456
11418,0.9931741
11419,0.08375863
11420,0.049138207
11421,0.1148174
11422,0.18875307
11423,0.0066314926
11424,0.0050846925
11425,0.043089908
11426,0.052733224
11427,0.0835735
11428,0.047835644
11429,0.28558654
11430,0.6779723
11431,0.12015265
11432,0.120273784
11433,0.11062628
11434,0.20049098
11435,0.086283624
11436,0.17367461
11437,0.109400734
11438,0.02620839
11439,0.09370433
11440,0.14281861
11441,0.054014098
11442,0.046115287
11443,0.048027374
11444,0.31050915
11445,0.31433743
11446,0.14885007
11447,0.0591714
11448,0.0027266045
11449,0.07514057
11450,0.1125626
11451,0.25637782
11452,0.0029263585
11453,0.06655712
11454,0.048357926
11455,0.05489446
11456,0.020264471
11457,0.06621255
11458,0.066069424
11459,0.17913224
11460,0.54855764
11461,0.25691417
11462,0.2465853
11463,0.14409214
11464,0.2767399
11465,0.17863135
11466,0.51207626
11467,0.0593612
11468,0.0119119305
11469,0.0041429573
11470,0.08082686
11471,0.13795158
11472,0.17253926
11473,0.06994578
11474,0.34417015
11475,0.26817626
11476,0.2318674
11477,0.9900392
11478,0.089197464
11479,0.0012402132
11480,0.17982873
11481,0.16589445
11482,0.011437284
11483,0.0023082108
11484,0.28498408
11485,0.073468
11486,0.024698082
11487,0.056642335
11488,0.08277583
11489,0.13822877
11490,0.28569397
11491,0.35565767
11492,0.43601227
11493,0.30075905
11494,0.17837735
11495,0.1866916
11496,0.22608133
11497,0.0028232597
11498,0.08382254
11499,0.11118226
11500,0.0839803
11501,0.30807942
11502,0.22822237
11503,0.06886949
11504,0.45245323
11505,0.32334703
11506,0.0075742058
11507,0.082304664
11508,0.088955514
11509,0.090804495
11510,0.06870185
11511,0.043758865
11512,0.008337597
11513,0.05655855
11514,0.13707611
11515,0.07781492
11516,0.17866981
11517,0.32856634
11518,0.7625203
11519,0.35470247
11520,0.2410758
11521,0.44130355
11522,0.11034714
11523,0.08592279
11524,0.0925226
11525,0.1137777
11526,0.18424143
11527,0.04066854
11528,0.006537784
11529,0.12915525
11530,0.16356501
11531,0.050031155
11532,0.004788284
11533,0.007799118
11534,0.033944823
11535,0.011994682
11536,0.06176914
11537,0.008197377
11538,0.007256455
11539,0.057916295
11540,0.053238846
11541,0.09113647
11542,0.24289346
11543,0.20339522
11544,0.103002585
11545,0.5632912
11546,0.5027416
11547,0.2927805
11548,0.13424392
11549,0.016533561
11550,0.06191597
11551,0.15628573
11552,0.0050805085
11553,0.0072641014
11554,0.0043640747
11555,0.66196096
11556,0.016980218
11557,0.013800234
11558,0.071874365
11559,0.0670079
11560,0.089774564
11561,0.022672364
11562,0.05900545
11563,0.0028069126
11564,0.032185666
11565,0.04366892
11566,0.10290635
11567,0.13119127
11568,0.39785662
11569,0.2432096
11570,0.14679302
11571,0.79785943
11572,0.32666102
11573,0.3396074
11574,0.3013627
11575,0.03547546
11576,0.049049616
11577,0.046003126
11578,0.03656117
11579,0.024139436
11580,0.028239068
11581,0.05485191
11582,0.41720685
11583,0.15368527
11584,0.32462355
11585,0.0029122387
11586,0.084160216
11587,0.08930041
11588,0.17942616
11589,0.14893436
11590,0.037910726
11591,0.008162764
11592,0.0014876861
11593,0.035999384
11594,0.109438375
11595,0.71489197
11596,0.2140787
11597,0.3297452
11598,0.21225365
11599,0.26321077
11600,0.1843259
11601,0.05956269
11602,0.054581024
11603,0.012249333
11604,0.0038801408
11605,0.06762377
11606,0.037816603
11607,0.108858384
11608,0.076493695
11609,0.13274615
11610,0.20316036
11611,0.014542502
11612,0.05136426
11613,0.18202153
11614,0.0031622066
11615,0.007728563
11616,0.119750954
11617,0.15934105
11618,0.018135112
11619,0.15686008
11620,0.20854595
11621,0.076291025
11622,0.076844856
11623,0.15249975
11624,0.08017523
11625,0.008761266
11626,0.15645225
11627,0.12058301
11628,0.039985504
11629,0.0072411234
11630,0.19574791
11631,0.0073297173
11632,0.040133487
11633,0.090151764
11634,0.06728984
11635,0.17671293
11636,0.05030938
11637,0.053367216
11638,0.054812193
11639,0.16530982
11640,0.37262952
11641,0.39134914
11642,0.103278324
11643,0.008772974
11644,0.013203403
11645,0.020244915
11646,0.00980229
11647,0.036135953
11648,0.06658448
11649,0.19361976
11650,0.05389606
11651,0.051697068
11652,0.00736714
11653,0.011584237
11654,0.0068227462
11655,0.01060619
11656,0.109515026
11657,0.09955881
11658,0.30481428
11659,0.017400617
11660,0.015952602
11661,0.038552247
11662,0.07147511
11663,0.14156027
11664,0.28803077
11665,0.09778367
11666,0.031376235
11667,0.08224045
11668,0.0018747529
11669,0.04826977
11670,0.06612028
11671,0.15015027
11672,0.059060954
11673,0.011938143
11674,0.008741215
11675,0.0025933038
11676,0.007065546
11677,0.22996978
11678,0.016207054
11679,0.019197801
11680,0.112511575
11681,0.09561952
11682,0.026432816
11683,0.02549842
11684,0.037126962
11685,0.09283917
11686,0.32330614
11687,0.027204728
11688,0.0041696145
11689,0.009983839
11690,0.0027856464
11691,0.06763235
11692,0.044886786
11693,0.0664155
11694,0.16691105
11695,0.04470805
11696,0.22526212
11697,0.07999716
11698,0.051009685
11699,0.0047480566
11700,0.054052018
11701,0.03530668
11702,0.0041627707
11703,0.256363
11704,0.0457595
11705,0.026224542
11706,0.09287027
11707,0.07486804
11708,0.0073039206
11709,0.006644371
11710,0.33830434
11711,0.49809694
11712,0.11505232
11713,0.041253753
11714,0.067733996
11715,0.06250191
11716,0.0078109354
11717,0.096482754
11718,0.11922743
11719,0.055164658
11720,0.7824241
11721,0.052299976
11722,0.055258952
11723,0.079406634
11724,0.0019459719
11725,0.06746806
11726,0.16647545
11727,0.37361863
11728,0.07271902
11729,0.12760732
11730,0.011842497
11731,0.0047872686
11732,0.0463233
11733,0.097904235
11734,0.051791687
11735,0.049289037
11736,0.10357686
11737,0.0762947
11738,0.043125376
11739,0.016641311
11740,0.04802602
11741,0.06281708
11742,0.08401548
11743,0.0452182
11744,0.0026996958
11745,0.047379546
11746,0.07736328
11747,0.13564414
11748,0.013561902
11749,0.06876795
11750,0.53373086
11751,0.18903129
11752,0.09623085
11753,0.007967969
11754,0.0065231384
11755,0.002746959
11756,0.067489564
11757,0.09340303
11758,0.0041909674
11759,0.0041127196
11760,0.34216565
11761,0.026102934
11762,0.060216147
11763,0.19375595
11764,0.018492647
11765,0.13106425
11766,0.06210653
11767,0.03290223
11768,0.0118390545
11769,0.22992781
11770,0.051086195
11771,0.06273142
11772,0.005687412
11773,0.0138639165
11774,0.032289945
11775,0.035705216
11776,0.013723503
11777,0.007766673
11778,0.14757606
11779,0.09468905
11780,0.00854429
11781,0.0009753791
11782,0.009823537
11783,0.16293491
11784,0.07253021
11785,0.06585188
11786,0.010588026
11787,0.0021196478
11788,0.062735
11789,0.09049382
11790,0.15701956
11791,0.18854897
11792,0.004461919
11793,0.003204406
11794,0.066376075
11795,0.017789623
11796,0.0021465302
11797,0.016994467
11798,0.008769743
11799,0.005023261
11800,0.0048342207
11801,0.009523372
11802,0.006953098
11803,0.0027226757
11804,0.0105246175
11805,0.0059219645
11806,0.06494774
11807,0.15691432
11808,0.009481278
11809,0.10589439
11810,0.012553346
11811,0.22854097
11812,0.0054004956
11813,0.0101838615
11814,0.040694695
11815,0.004037383
11816,0.002858072
11817,0.021971582
11818,0.0011831932
11819,0.0047774697
11820,0.003052289
11821,0.03007845
11822,0.001377769
11823,0.007999906
11824,0.059462536
11825,0.0032710559
11826,0.06577156
11827,0.010301222
11828,0.023348395
11829,0.0081003215
11830,0.0073837438
11831,0.0006080666
11832,0.15869954
11833,0.030869773
11834,0.054954983
11835,0.0050019086
11836,0.004257054
11837,0.0043974747
11838,0.013146287
11839,0.005930528
11840,0.014470302
11841,0.07456851
11842,0.012148772
11843,0.20384724
11844,0.041504215
11845,0.10645306
11846,0.064125314
11847,0.0023216044
11848,0.1383136
11849,0.016501073
11850,0.003927824
11851,0.0033112143
11852,0.0863542
11853,0.0027119196
11854,0.059863634
11855,0.11307366
11856,0.010375668
11857,0.0064604506
11858,0.04998683
11859,0.024097389
11860,0.007346203
11861,0.00072714034
11862,0.006460757
11863,0.018078674
11864,0.0021576616
11865,0.0075480277
11866,0.012384163
11867,0.06697158
11868,0.04854264
11869,0.00543614
11870,0.15196821
11871,0.033908084
11872,0.0077323704
11873,0.0055279015
11874,0.0032747753
11875,0.010969156
11876,0.062042408
11877,0.016202074
11878,0.028218985
11879,0.008635939
11880,0.015807074
11881,0.0056120064
11882,0.026953375
11883,0.10961483
11884,0.22086191
11885,0.012966042
11886,0.061861105
11887,0.0085811
11888,0.044109315
11889,0.043359034
11890,0.0121541
11891,0.056147706
11892,0.014624337
11893,0.051086586
11894,0.030470854
11895,0.0039581186
11896,0.12532175
11897,0.08162848
11898,0.03170832
11899,0.015426038
11900,0.019583201
11901,0.08907802
11902,0.048996475
11903,0.038824096
11904,0.18665393
11905,0.02283113
11906,0.097041085
11907,0.06286153
11908,0.39423996
11909,0.047680635
11910,0.26369175
11911,0.10886036
11912,0.16756007
11913,0.06085177
11914,0.013325113
11915,0.07316284
11916,0.15814464
11917,0.018727552
11918,0.6324061
11919,0.16891626
11920,0.1293346
11921,0.16277865
11922,0.062670425
11923,0.0046288283
11924,0.06624905
11925,0.04816421
11926,0.011450402
11927,0.010398515
11928,0.054857977
11929,0.15977906
11930,0.12814634
11931,0.4319879
11932,0.37105632
11933,0.03878322
11934,0.108685955
11935,0.015905637
11936,0.08601057
11937,0.25911397
11938,0.0011723767
11939,0.0073924037
11940,0.043755054
11941,0.06841215
11942,0.049920302
11943,0.10709648
11944,0.28117087
11945,0.06443377
11946,0.22791906
11947,0.4294179
11948,0.20434482
11949,0.021124383
11950,0.47179165
11951,0.05014156
11952,0.47582683
11953,0.03418266
11954,0.05356712
11955,0.10645373
11956,0.033180278
11957,0.042874537
11958,0.16076536
11959,0.11471231
11960,0.0038858198
11961,0.004507224
11962,0.30906683
11963,0.08221098
11964,0.026350465
11965,0.07329095
11966,0.13292721
11967,0.0025630156
11968,0.0029969881
11969,0.0047062924
11970,0.035596553
11971,0.113066174
11972,0.17260595
11973,0.105669
11974,0.061676167
11975,0.24825573
11976,0.016625484
11977,0.048940502
11978,0.009569363
11979,0.023375327
11980,0.0075166533
11981,0.39539447
11982,0.15523504
11983,0.09010727
11984,0.44137678
11985,0.36808482
11986,0.0055455808
11987,0.066906735
11988,0.044251498
11989,0.007932736
11990,0.010580683
11991,0.013574457
11992,0.01471747
11993,0.0070888763
11994,0.04974782
11995,0.0075927028
11996,0.0051035928
11997,0.10978393
11998,0.073737085
11999,0.10526651
12000,0.28220272
12001,0.4615127
12002,0.0026700157
12003,0.011208614
12004,0.069158174
12005,0.0073399106
12006,0.034475915
12007,0.028463637
12008,0.013364094
12009,0.048712187
12010,0.231536
12011,0.0029023443
12012,0.0641046
12013,0.009664772
12014,0.08754413
12015,0.00881574
12016,0.17354113
12017,0.3838598
12018,0.006103227
12019,0.014975032
12020,0.05223062
12021,0.014508049
12022,0.028576976
12023,0.0035043922
12024,0.06863052
12025,0.0118291555
12026,0.018143583
12027,0.017148182
12028,0.13554023
12029,0.13858017
12030,0.122744404
12031,0.07205625
12032,0.078370705
12033,0.013014938
12034,0.04725071
12035,0.068468735
12036,0.06161953
12037,0.11858406
12038,0.08225926
12039,0.15392599
12040,0.00568845
12041,0.03647809
12042,0.035588756
12043,0.05216937
12044,0.05152431
12045,0.08388294
12046,0.0127675515
12047,0.0027241004
12048,0.12559547
12049,0.21516976
12050,0.2241772
12051,0.06095634
12052,0.0644593
12053,0.018800516
12054,0.1380773
12055,0.043717217
12056,0.009512889
12057,0.045052998
12058,0.0028603529
12059,0.02170774
12060,0.17806216
12061,0.018330261
12062,0.023404311
12063,0.047513857
12064,0.06647661
12065,0.096493244
12066,0.16846827
12067,0.1625837
12068,0.18010971
12069,0.033011686
12070,0.04539108
12071,0.039410897
12072,0.06830107
12073,0.06401694
12074,0.073251724
12075,0.032965206
12076,0.4146257
12077,0.14577064
12078,0.013727729
12079,0.10726509
12080,0.068542436
12081,0.05314188
12082,0.032584675
12083,0.0020288737
12084,0.124141715
12085,0.030429313
12086,0.032665774
12087,0.03249983
12088,0.12524778
12089,0.0672109
12090,0.07062618
12091,0.06635853
12092,0.06798957
12093,0.17523876
12094,0.32754892
12095,0.073243394
12096,0.020722216
12097,0.08316583
12098,0.036847573
12099,0.07897721
12100,0.0087807495
12101,0.006796761
12102,0.04853909
12103,0.034515385
12104,0.106763676
12105,0.03363758
12106,0.11651941
12107,0.012395909
12108,0.07379736
12109,0.020730073
12110,0.16933057
12111,0.006305632
12112,0.05010519
12113,0.039047267
12114,0.028252011
12115,0.009610729
12116,0.006485287
12117,0.03385707
12118,0.05089704
12119,0.047838923
12120,0.076270975
12121,0.15673885
12122,0.109432206
12123,0.20560047
12124,0.17372862
12125,0.14186856
12126,0.04726268
12127,0.15807559
12128,0.041340306
12129,0.07942369
12130,0.02202961
12131,0.15932845
12132,0.05339579
12133,0.027385894
12134,0.07217736
12135,0.014050176
12136,0.037639044
12137,0.0711578
12138,0.082732245
12139,0.05715986
12140,0.013416618
12141,0.08977672
12142,0.05328676
12143,0.071707994
12144,0.071540914
12145,0.093064114
12146,0.1499039
12147,0.29748294
12148,0.10178866
12149,0.08943168
12150,0.05394547
12151,0.08551822
12152,0.08037514
12153,0.11396275
12154,0.09128542
12155,0.035003934
12156,0.29686397
12157,0.053358953
12158,0.08637218
12159,0.011397864
12160,0.14801314
12161,0.03435392
12162,0.0021570483
12163,0.0048467377
12164,0.056560684
12165,0.33524674
12166,0.054172285
12167,0.052910436
12168,0.1165818
12169,0.5529432
12170,0.066334486
12171,0.0016453483
12172,0.14748088
12173,0.062337607
12174,0.24460864
12175,0.28369787
12176,0.088242665
12177,0.017499179
12178,0.0616781
12179,0.084140405
12180,0.1607111
12181,0.010446273
12182,0.17949018
12183,0.09886817
12184,0.045900054
12185,0.0024786808
12186,0.007509259
12187,0.048158176
12188,0.06746413
12189,0.083692096
12190,0.010760997
12191,0.12726068
12192,0.10908766
12193,0.1462518
12194,0.10041845
12195,0.04608997
12196,0.12572892
12197,0.22566397
12198,0.2294776
12199,0.0261955
12200,0.069087125
12201,0.05028082
12202,0.06784322
12203,0.5146398
12204,0.047963418
12205,0.025406647
12206,0.2772435
12207,0.22642902
12208,0.008864984
12209,0.07352083
12210,0.050932776
12211,0.21879575
12212,0.21390018
12213,0.07087204
12214,0.058559258
12215,0.13900232
12216,0.13133785
12217,0.18823533
12218,0.17600505
12219,0.2625368
12220,0.12003001
12221,0.032485556
12222,0.059761785
12223,0.040669072
12224,0.3082951
12225,0.89305323
12226,0.0986431
12227,0.045931242
12228,0.28501606
12229,0.00419999
12230,0.039951127
12231,0.25244427
12232,0.008866637
12233,0.1051587
12234,0.102946855
12235,0.023919169
12236,0.10418892
12237,0.0063599823
12238,0.35988787
12239,0.012270262
12240,0.09982115
12241,0.198199
12242,0.12969717
12243,0.22362342
12244,0.26514268
12245,0.34577495
12246,0.029193008
12247,0.19565561
12248,0.12462509
12249,0.15820937
12250,0.6506677
12251,0.43010145
12252,0.36728898
12253,0.03642558
12254,0.16584568
12255,0.0031545074
12256,0.041679658
12257,0.0083292695
12258,0.06294517
12259,0.0064465674
12260,0.0071854033
12261,0.0018611439
12262,0.051482566
12263,0.0698454
12264,0.11526313
12265,0.13941033
12266,0.09907372
12267,0.2125468
12268,0.14280231
12269,0.009558095
12270,0.095600456
12271,0.21451347
12272,0.041642427
12273,0.9881938
12274,0.7424924
12275,0.49356636
12276,0.027745064
12277,0.020598983
12278,0.051953048
12279,0.35225463
12280,0.107344426
12281,0.06059844
12282,0.002563624
12283,0.09490468
12284,0.082435764
12285,0.05944745
12286,0.0012239559
12287,0.24256852
12288,0.011754639
12289,0.03953511
12290,0.12429424
12291,0.12673381
12292,0.08272769
12293,0.05744695
12294,0.19307639
12295,0.13121122
12296,0.021079045
12297,0.1763671
12298,0.1365433
12299,0.10501406
12300,0.9888606
12301,0.8340247
12302,0.6615155
12303,0.091144376
12304,0.02793681
12305,0.0064448626
12306,0.19717893
12307,0.1606687
12308,0.23617402
12309,0.037055694
12310,0.054669928
12311,0.013600607
12312,0.06428571
12313,0.076493986
12314,0.16053352
12315,0.15110856
12316,0.33926475
12317,0.26488212
12318,0.22268741
12319,0.14773658
12320,0.1211345
12321,0.07557148
12322,0.11571755
12323,0.046318293
12324,0.054897487
12325,0.0049886443
12326,0.16162927
12327,0.1713117
12328,0.044266574
12329,0.11557826
12330,0.04428506
12331,0.966617
12332,0.987486
12333,0.99327314
12334,0.071435526
12335,0.0052513434
12336,0.16653594
12337,0.0045692185
12338,0.21071628
12339,0.037482064
12340,0.008427671
12341,0.00784972
12342,0.029901242
12343,0.11383809
12344,0.042457484
12345,0.25740266
12346,0.6989807
12347,0.09670388
12348,0.11303693
12349,0.08757366
12350,0.18108688
12351,0.060991544
12352,0.18136811
12353,0.14361715
12354,0.004293301
12355,0.11869856
12356,0.10798367
12357,0.05055054
12358,0.008911324
12359,0.021413915
12360,0.28307202
12361,0.27386013
12362,0.15800247
12363,0.0677861
12364,0.0768396
12365,0.11187025
12366,0.23733516
12367,0.018878143
12368,0.065112375
12369,0.022541692
12370,0.009093609
12371,0.07560055
12372,0.053355403
12373,0.16683687
12374,0.48741174
12375,0.2807719
12376,0.24159797
12377,0.13674355
12378,0.22145721
12379,0.1959904
12380,0.4959166
12381,0.035510924
12382,0.010234994
12383,0.005321026
12384,0.024277654
12385,0.088152185
12386,0.18010123
12387,0.17091979
12388,0.31950957
12389,0.26512757
12390,0.25499722
12391,0.99048024
12392,0.13844334
12393,0.01600416
12394,0.13517904
12395,0.21890612
12396,0.05495111
12397,0.20624313
12398,0.06804981
12399,0.0045347596
12400,0.05053885
12401,0.04512935
12402,0.17963895
12403,0.2272499
12404,0.30545065
12405,0.42244282
12406,0.2670449
12407,0.18516497
12408,0.1653978
12409,0.222912
12410,0.0012613354
12411,0.17537265
12412,0.07374729
12413,0.09038866
12414,0.28871801
12415,0.2853159
12416,0.068617634
12417,0.4753117
12418,0.23691407
12419,0.103984594
12420,0.04740984
12421,0.10953589
12422,0.039293777
12423,0.010000335
12424,0.03382013
12425,0.0031892345
12426,0.09361045
12427,0.11976814
12428,0.07787235
12429,0.17282924
12430,0.30411643
12431,0.72033316
12432,0.35278112
12433,0.22195807
12434,0.44993433
12435,0.10302073
12436,0.12577464
12437,0.06927631
12438,0.13702552
12439,0.20875815
12440,0.06929375
12441,0.04713284
12442,0.08044174
12443,0.17170803
12444,0.004833108
12445,0.011168418
12446,0.10347694
12447,0.032195084
12448,0.050583504
12449,0.006312211
12450,0.03708328
12451,0.0143292155
12452,0.008519335
12453,0.011378823
12454,0.029754201
12455,0.073738046
12456,0.10495231
12457,0.18582004
12458,0.21391186
12459,0.0936643
12460,0.5457684
12461,0.528062
12462,0.28068262
12463,0.12620589
12464,0.02994969
12465,0.014019251
12466,0.05910023
12467,0.112070546
12468,0.009486093
12469,0.0041481317
12470,0.8780781
12471,0.04535843
12472,0.046226703
12473,0.04076595
12474,0.12818037
12475,0.03420963
12476,0.07883869
12477,0.0028786093
12478,0.034059834
12479,0.008056631
12480,0.004768296
12481,0.044302337
12482,0.11412243
12483,0.12225558
12484,0.40752783
12485,0.27532667
12486,0.14132431
12487,0.90815574
12488,0.33116904
12489,0.31222838
12490,0.26907533
12491,0.007124798
12492,0.025059309
12493,0.022230718
12494,0.047417425
12495,0.05744505
12496,0.061717995
12497,0.04401388
12498,0.10113406
12499,0.3970725
12500,0.16257837
12501,0.2759353
12502,0.008387059
12503,0.08718215
12504,0.13988957
12505,0.15605395
12506,0.17970774
12507,0.015084025
12508,0.011093675
12509,0.008833605
12510,0.04742208
12511,0.15495157
12512,0.66338146
12513,0.25594696
12514,0.36573726
12515,0.21834989
12516,0.2483172
12517,0.19507486
12518,0.074794754
12519,0.020790208
12520,0.011693693
12521,0.010259531
12522,0.04766249
12523,0.023280332
12524,0.14009307
12525,0.11755429
12526,0.15335509
12527,0.23606077
12528,0.006039541
12529,0.03142723
12530,0.18574195
12531,0.00995087
12532,0.0076879836
12533,0.033805646
12534,0.019509604
12535,0.11702355
12536,0.11850946
12537,0.04069258
12538,0.1404961
12539,0.18685323
12540,0.10250123
12541,0.11666542
12542,0.01533415
12543,0.11879301
12544,0.106410965
12545,0.010481204
12546,0.1531072
12547,0.13008699
12548,0.022345629
12549,0.015408242
12550,0.006936512
12551,0.16897252
12552,0.011683455
12553,0.078149855
12554,0.05570724
12555,0.08664827
12556,0.17988138
12557,0.01484773
12558,0.055500984
12559,0.007545466
12560,0.046797287
12561,0.17685238
12562,0.31817454
12563,0.4462902
12564,0.05918762
12565,0.041311294
12566,0.0019415449
12567,0.038393486
12568,0.06994951
12569,0.14681062
12570,0.0041469187
12571,0.027415132
12572,0.0035234701
12573,0.0034902736
12574,0.006642899
12575,0.08430323
12576,0.09884276
12577,0.25096935
12578,0.0030812458
12579,0.020090919
12580,0.036877476
12581,0.05547875
12582,0.1744519
12583,0.25138995
12584,0.08127664
12585,0.0036010984
12586,0.13057229
12587,0.027965028
12588,0.010155722
12589,0.06474606
12590,0.15100954
12591,0.05957086
12592,0.008672961
12593,0.008287545
12594,0.002277254
12595,0.007700421
12596,0.21414098
12597,0.025874281
12598,0.0081074145
12599,0.1250182
12600,0.09252859
12601,0.046962593
12602,0.021977715
12603,0.036376942
12604,0.05172196
12605,0.29258195
12606,0.04815961
12607,0.0041265576
12608,0.0035219963
12609,0.04720948
12610,0.050298028
12611,0.09694407
12612,0.118644774
12613,0.058540814
12614,0.21952705
12615,0.08850034
12616,0.08318939
12617,0.010298309
12618,0.04808885
12619,0.014412908
12620,0.0036721616
12621,0.23427896
12622,0.10046865
12623,0.06918223
12624,0.048594482
12625,0.07929376
12626,0.078210846
12627,0.0072124973
12628,0.0065568895
12629,0.33353138
12630,0.5880374
12631,0.14021355
12632,0.05343912
12633,0.06717699
12634,0.0637786
12635,0.017391985
12636,0.10249813
12637,0.08840139
12638,0.121490836
12639,0.76208663
12640,0.007035362
12641,0.06517041
12642,0.05295244
12643,0.093252584
12644,0.035732843
12645,0.018657614
12646,0.08368533
12647,0.3632293
12648,0.077418484
12649,0.13132234
12650,0.011816902
12651,0.029516375
12652,0.008673201
12653,0.022057654
12654,0.096188374
12655,0.016785096
12656,0.0026829438
12657,0.029018184
12658,0.100891665
12659,0.09915357
12660,0.041386127
12661,0.016585875
12662,0.04099736
12663,0.030280108
12664,0.081668876
12665,0.057858728
12666,0.026027765
12667,0.005008506
12668,0.075300455
12669,0.10859966
12670,0.010602662
12671,0.04255112
12672,0.54627454
12673,0.12754679
12674,0.1263872
12675,0.041117854
12676,0.08008894
12677,0.054578684
12678,0.06364224
12679,0.016647894
12680,0.047138594
12681,0.3738776
12682,0.032578506
12683,0.0053075748
12684,0.0015826784
12685,0.013274322
12686,0.003664101
12687,0.10366674
12688,0.005742411
12689,0.09866328
12690,0.053488195
12691,0.047227137
12692,0.048616234
12693,0.21320283
12694,0.0066874363
12695,0.005525978
12696,0.015345318
12697,0.030934498
12698,0.03238869
12699,0.14108558
12700,0.08682762
12701,0.00825006
12702,0.007668755
12703,0.012038654
12704,0.07472883
12705,0.17189822
12706,0.083318934
12707,0.0736893
12708,0.08421889
12709,0.030809164
12710,0.081276685
12711,0.009584943
12712,0.039965138
12713,0.16351032
12714,0.15379424
12715,0.0027326108
12716,0.0061234892
12717,0.004318932
12718,0.01238993
12719,0.0064145094
12720,0.011206689
12721,0.010791879
12722,0.009884857
12723,0.004257678
12724,0.0013660665
12725,0.024590733
12726,0.0051963255
12727,0.0058484944
12728,0.010637663
12729,0.040006526
12730,0.075153105
12731,0.1273476
12732,0.0052180686
12733,0.004222727
12734,0.006299126
12735,0.14798644
12736,0.24569973
12737,0.0022541718
12738,0.012073743
12739,0.013443872
12740,0.029907366
12741,0.0063385502
12742,0.0012931138
12743,0.019043151
12744,0.0008482835
12745,0.0047275443
12746,0.0020614
12747,0.028061565
12748,0.0043143095
12749,0.006822441
12750,0.008305605
12751,0.029294293
12752,0.007999642
12753,0.003701524
12754,0.04161744
12755,0.007591364
12756,0.002726678
12757,0.0050550406
12758,0.13992582
12759,0.009558087
12760,0.034189723
12761,0.003602386
12762,0.0042188047
12763,0.0043344526
12764,0.045991056
12765,0.0057131154
12766,0.033129454
12767,0.02244792
12768,0.043890398
12769,0.0066312216
12770,0.22809276
12771,0.025688529
12772,0.10149486
12773,0.004090588
12774,0.11165197
12775,0.015484544
12776,0.0010788252
12777,0.003271569
12778,0.08624484
12779,0.013179949
12780,0.11172271
12781,0.0051684408
12782,0.15547217
12783,0.0063568256
12784,0.014733961
12785,0.022922033
12786,0.0029074475
12787,0.006932241
12788,0.0031002914
12789,0.0015411507
12790,0.0011787276
12791,0.0074904896
12792,0.0018631279
12793,0.007815007
12794,0.07820134
12795,0.087274715
12796,0.14923684
12797,0.047592126
12798,0.019557383
12799,0.0030401112
12800,0.0060575507
12801,0.020193944
12802,0.06368659
12803,0.022526354
12804,0.011356056
12805,0.007367174
12806,0.0021806266
12807,0.05377506
12808,0.012045504
12809,0.008854206
12810,0.08723737
12811,0.16578962
12812,0.0136298165
12813,0.04704549
12814,0.005776049
12815,0.041438214
12816,0.087948665
12817,0.026408458
12818,0.013256086
12819,0.104921386
12820,0.009069737
12821,0.024984002
12822,0.04600667
12823,0.12400291
12824,0.04512134
12825,0.033605404
12826,0.087234214
12827,0.0394271
12828,0.09530126
12829,0.11117413
12830,0.14383586
12831,0.056949835
12832,0.10160196
12833,0.01285437
12834,0.31460142
12835,0.085987456
12836,0.3556685
12837,0.13995515
12838,0.14335316
12839,0.05682974
12840,0.10721703
12841,0.1487108
12842,0.04790545
12843,0.75173384
12844,0.13091028
12845,0.11653191
12846,0.16712083
12847,0.08726609
12848,0.0073885843
12849,0.11001499
12850,0.01679734
12851,0.0059857
12852,0.0111031765
12853,0.06687559
12854,0.10168421
12855,0.18279806
12856,0.45457038
12857,0.34358808
12858,0.05155609
12859,0.016482582
12860,0.20795918
12861,0.15322757
12862,0.058318872
12863,0.097387865
12864,0.010510062
12865,0.05638237
12866,0.10811732
12867,0.2786445
12868,0.07447924
12869,0.1995035
12870,0.47615337
12871,0.18260714
12872,0.45058852
12873,0.0062347287
12874,0.06456611
12875,0.41945848
12876,0.071423694
12877,0.046121947
12878,0.08648691
12879,0.0063244314
12880,0.014938459
12881,0.058249265
12882,0.082774654
12883,0.040323347
12884,0.016064558
12885,0.020285906
12886,0.08547491
12887,0.2560811
12888,0.09080628
12889,0.03347615
12890,0.07311791
12891,0.108862795
12892,0.10126599
12893,0.005509925
12894,0.034871995
12895,0.0677037
12896,0.009359254
12897,0.114537895
12898,0.19125041
12899,0.010218772
12900,0.27306774
12901,0.008864215
12902,0.045936164
12903,0.02290625
12904,0.0060586655
12905,0.010950213
12906,0.48280954
12907,0.15323183
12908,0.059768595
12909,0.43042535
12910,0.43116674
12911,0.026289186
12912,0.060260378
12913,0.010535176
12914,0.049563993
12915,0.003150253
12916,0.0074940063
12917,0.020982858
12918,0.098330274
12919,0.004553304
12920,0.10776472
12921,0.03784681
12922,0.20532353
12923,0.3029405
12924,0.35628802
12925,0.001553023
12926,0.075024396
12927,0.038420208
12928,0.0012008372
12929,0.0022918505
12930,0.051589586
12931,0.2042493
12932,0.014463578
12933,0.0045211837
12934,0.007989734
12935,0.009657943
12936,0.09285262
12937,0.10891477
12938,0.4482178
12939,0.0097048655
12940,0.07189278
12941,0.00505511
12942,0.005754313
12943,0.03746742
12944,0.07007457
12945,0.0103719225
12946,0.019086342
12947,0.06775086
12948,0.11751858
12949,0.17420729
12950,0.112018965
12951,0.097634055
12952,0.062871
12953,0.0039433013
12954,0.047848232
12955,0.054408602
12956,0.06103422
12957,0.10027903
12958,0.10973968
12959,0.1275686
12960,0.0022325343
12961,0.04807485
12962,0.019613065
12963,0.013372129
12964,0.027226249
12965,0.032285616
12966,0.059833717
12967,0.0018084826
12968,0.13839623
12969,0.20111105
12970,0.22714019
12971,0.045171145
12972,0.0076656505
12973,0.027522981
12974,0.08942576
12975,0.057854135
12976,0.009681324
12977,0.08797559
12978,0.0041182423
12979,0.15518999
12980,0.015224906
12981,0.045765635
12982,0.045057822
12983,0.007914571
12984,0.050533522
12985,0.08601198
12986,0.17534342
12987,0.13405065
12988,0.17068093
12989,0.08514997
12990,0.0552216
12991,0.005450132
12992,0.06792973
12993,0.06970465
12994,0.0033596293
12995,0.11162479
12996,0.0406152
12997,0.40388718
12998,0.16789484
12999,0.13650563
13000,0.06412022
13001,0.020579824
13002,0.020248022
13003,0.01190975
13004,0.19237095
13005,0.07749431
13006,0.00929648
13007,0.025515249
13008,0.1161412
13009,0.041678876
13010,0.04192414
13011,0.06619292
13012,0.10346375
13013,0.18245472
13014,0.34943736
13015,0.06565626
13016,0.009674825
13017,0.10090444
13018,0.02285889
13019,0.053679906
13020,0.004454643
13021,0.006901714
13022,0.08223807
13023,0.031478584
13024,0.11275264
13025,0.03327274
13026,0.12721273
13027,0.009915171
13028,0.05698539
13029,0.0067717684
13030,0.012816951
13031,0.011720185
13032,0.13580953
13033,0.019139552
13034,0.11085896
13035,0.037297934
13036,0.031406704
13037,0.008003107
13038,0.005899774
13039,0.04285755
13040,0.028488886
13041,0.066461764
13042,0.08013338
13043,0.13932012
13044,0.11944522
13045,0.18995038
13046,0.15101302
13047,0.12765199
13048,0.060896087
13049,0.09860626
13050,0.07858185
13051,0.013120994
13052,0.022567611
13053,0.17441969
13054,0.0751842
13055,0.012494447
13056,0.03744734
13057,0.031718593
13058,0.016250778
13059,0.020213434
13060,0.074420735
13061,0.063923135
13062,0.0050190464
13063,0.013292136
13064,0.05731697
13065,0.01928897
13066,0.050356083
13067,0.09051744
13068,0.109370686
13069,0.20125985
13070,0.32845613
13071,0.11435796
13072,0.08282603
13073,0.06581007
13074,0.1027948
13075,0.101222396
13076,0.11005579
13077,0.036737125
13078,0.0075992034
13079,0.0021050468
13080,0.26632532
13081,0.03567381
13082,0.074487686
13083,0.028625458
13084,0.0833421
13085,0.0014456533
13086,0.01664251
13087,0.013819332
13088,0.037735827
13089,0.04131492
13090,0.30214867
13091,0.03780897
13092,0.047476634
13093,0.1307913
13094,0.5053256
13095,0.051925343
13096,0.015192596
13097,0.14047217
13098,0.04696825
13099,0.22160499
13100,0.23747687
13101,0.07695312
13102,0.0015229762
13103,0.0053121187
13104,0.08758809
13105,0.07650032
13106,0.03798635
13107,0.15327257
13108,0.06603365
13109,0.05821389
13110,0.00932396
13111,0.047517758
13112,0.023589807
13113,0.07288014
13114,0.015706781
13115,0.08895642
13116,0.11480826
13117,0.15789364
13118,0.09121562
13119,0.05232749
13120,0.10436418
13121,0.15131263
13122,0.21150652
13123,0.06349986
13124,0.0072210073
13125,0.10019243
13126,0.017667
13127,0.06904244
13128,0.55269444
13129,0.034979917
13130,0.042108495
13131,0.3138644
13132,0.18071522
13133,0.009556135
13134,0.05845505
13135,0.08038266
13136,0.23015504
13137,0.26553586
13138,0.072280005
13139,0.072525054
13140,0.10680965
13141,0.103789344
13142,0.15196109
13143,0.17404921
13144,0.30770603
13145,0.1465811
13146,0.023002733
13147,0.053942215
13148,0.010808656
13149,0.023841932
13150,0.21170059
13151,0.8008936
13152,0.09408973
13153,0.013628604
13154,0.26465735
13155,0.0115505075
13156,0.018635463
13157,0.23550467
13158,0.038807176
13159,0.053857643
13160,0.07635776
13161,0.017893413
13162,0.13178273
13163,0.010035888
13164,0.34939516
13165,0.028539995
13166,0.07782293
13167,0.22954436
13168,0.09765295
13169,0.21567965
13170,0.28101593
13171,0.31259674
13172,0.21845555
13173,0.12195917
13174,0.13991556
13175,0.5927602
13176,0.3432308
13177,0.43097663
13178,0.041665684
13179,0.13543257
13180,0.063004
13181,0.018911254
13182,0.08784227
13183,0.0074590966
13184,0.008141468
13185,0.0024556485
13186,0.057718854
13187,0.07870969
13188,0.08303143
13189,0.07558358
13190,0.07516775
13191,0.20698991
13192,0.15941963
13193,0.067135334
13194,0.122568205
13195,0.25105944
13196,0.030640885
13197,0.98934966
13198,0.66714954
13199,0.5212522
13200,0.005894251
13201,0.011361192
13202,0.004870826
13203,0.056156926
13204,0.304246
13205,0.13221566
13206,0.037487708
13207,0.006364326
13208,0.09161799
13209,0.08899461
13210,0.052005164
13211,0.0023432071
13212,0.20439795
13213,0.011976128
13214,0.0020322488
13215,0.12794991
13216,0.11974062
13217,0.05163775
13218,0.06623974
13219,0.18886155
13220,0.10806304
13221,0.020652518
13222,0.14535674
13223,0.15201811
13224,0.07110309
13225,0.9894246
13226,0.8465332
13227,0.60408205
13228,0.0014865376
13229,0.039103467
13230,0.028891448
13231,0.032759793
13232,0.29803658
13233,0.13713749
13234,0.21676657
13235,0.009965664
13236,0.06107693
13237,0.0037063942
13238,0.11899318
13239,0.05974106
13240,0.12937817
13241,0.330288
13242,0.2897995
13243,0.27058774
13244,0.19274214
13245,0.1397879
13246,0.093244344
13247,0.08195176
13248,0.104820654
13249,0.03577831
13250,0.046332948
13251,0.0032939352
13252,0.15018745
13253,0.14822383
13254,0.08945888
13255,0.12955198
13256,0.05452163
13257,0.9280182
13258,0.98779505
13259,0.99307823
13260,0.18704632
13261,0.033555113
13262,0.12302133
13263,0.19276138
13264,0.029552411
13265,0.04773056
13266,0.006728477
13267,0.031678982
13268,0.09729289
13269,0.01555409
13270,0.29089314
13271,0.76105547
13272,0.0819184
13273,0.123150215
13274,0.06394531
13275,0.17248926
13276,0.05743848
13277,0.15241732
13278,0.14387439
13279,0.015552175
13280,0.12396159
13281,0.10625273
13282,0.082112476
13283,0.051524807
13284,0.021247206
13285,0.31455374
13286,0.32166833
13287,0.20878363
13288,0.035101682
13289,0.071389444
13290,0.12456167
13291,0.20840463
13292,0.0052963165
13293,0.026485408
13294,0.020702962
13295,0.055564303
13296,0.024614498
13297,0.0657241
13298,0.037335765
13299,0.18230614
13300,0.43471113
13301,0.23917285
13302,0.226397
13303,0.11699553
13304,0.18822089
13305,0.14870355
13306,0.47145066
13307,0.038997017
13308,0.0065076323
13309,0.050192088
13310,0.04923722
13311,0.16500899
13312,0.16749051
13313,0.1336061
13314,0.2926624
13315,0.2746588
13316,0.20134035
13317,0.9906969
13318,0.14536357
13319,0.0013020982
13320,0.19322774
13321,0.24519308
13322,0.002997849
13323,0.0059326133
13324,0.14909932
13325,0.069855556
13326,0.014754534
13327,0.06398313
13328,0.072665006
13329,0.14261656
13330,0.19985673
13331,0.2671021
13332,0.32816538
13333,0.27449432
13334,0.15799294
13335,0.1978128
13336,0.23808353
13337,0.008554828
13338,0.030775998
13339,0.1927968
13340,0.12040528
13341,0.08775371
13342,0.35132682
13343,0.27003092
13344,0.043965753
13345,0.46826968
13346,0.21840565
13347,0.09130201
13348,0.13490194
13349,0.09969399
13350,0.034220207
13351,0.009718337
13352,0.011383447
13353,0.036215425
13354,0.015202878
13355,0.079270855
13356,0.109501764
13357,0.04347335
13358,0.17371532
13359,0.27000308
13360,0.6788645
13361,0.3851947
13362,0.23142798
13363,0.41614598
13364,0.08441569
13365,0.09990622
13366,0.10541328
13367,0.122767374
13368,0.17516619
13369,0.049669333
13370,0.0032447248
13371,0.069183245
13372,0.13525786
13373,0.0049166917
13374,0.0076807574
13375,0.13530341
13376,0.014194766
13377,0.05789548
13378,0.011681718
13379,0.013320346
13380,0.014254612
13381,0.0043961992
13382,0.005074839
13383,0.050666947
13384,0.0714834
13385,0.10349002
13386,0.18107073
13387,0.19592598
13388,0.13113523
13389,0.50871515
13390,0.4588104
13391,0.2591549
13392,0.1630089
13393,0.057152748
13394,0.01406919
13395,0.06125455
13396,0.15522406
13397,0.019036425
13398,0.022395063
13399,0.85154295
13400,0.004357502
13401,0.008080219
13402,0.06481417
13403,0.030371482
13404,0.17588615
13405,0.0013606811
13406,0.07023261
13407,0.061882276
13408,0.0072520897
13409,0.00091280334
13410,0.07408632
13411,0.102432884
13412,0.111804046
13413,0.38039416
13414,0.27002543
13415,0.10778145
13416,0.88997394
13417,0.31170207
13418,0.31938654
13419,0.21665616
13420,0.05117648
13421,0.010203925
13422,0.0032659732
13423,0.071853146
13424,0.06552528
13425,0.019896299
13426,0.07017906
13427,0.4061678
13428,0.14609279
13429,0.2721435
13430,0.0025693527
13431,0.03937143
13432,0.12581895
13433,0.16600785
13434,0.16583553
13435,0.037466794
13436,0.0064584897
13437,0.009113999
13438,0.06172357
13439,0.15453741
13440,0.765175
13441,0.19874421
13442,0.407502
13443,0.22773126
13444,0.24177232
13445,0.19461863
13446,0.051891677
13447,0.05297339
13448,0.010433624
13449,0.08935924
13450,0.014749346
13451,0.1598303
13452,0.121348545
13453,0.12377707
13454,0.25038165
13455,0.03678298
13456,0.07632853
13457,0.007843578
13458,0.1803442
13459,0.036251824
13460,0.029373994
13461,0.1543925
13462,0.16092831
13463,0.012273539
13464,0.005233935
13465,0.12532777
13466,0.18165031
13467,0.063704394
13468,0.12951915
13469,0.08693197
13470,0.14269176
13471,0.10761871
13472,0.04136294
13473,0.183936
13474,0.12493539
13475,0.0034101005
13476,0.0070652454
13477,0.118709385
13478,0.0075236717
13479,0.0032233638
13480,0.11119592
13481,0.04108009
13482,0.050300192
13483,0.1225397
13484,0.038007658
13485,0.019521344
13486,0.0071339807
13487,0.053874988
13488,0.15546642
13489,0.29955754
13490,0.40330935
13491,0.06632624
13492,0.009079531
13493,0.04041782
13494,0.020030787
13495,0.033513986
13496,0.09133906
13497,0.14842503
13498,0.008699268
13499,0.018959418
13500,0.033922266
13501,0.016692024
13502,0.0016003537
13503,0.001966253
13504,0.054085232
13505,0.094221584
13506,0.25516886
13507,0.001454138
13508,0.009392079
13509,0.021014053
13510,0.06251052
13511,0.14854579
13512,0.2584495
13513,0.07094645
13514,0.010019068
13515,0.087954566
13516,0.05549719
13517,0.06543611
13518,0.17219402
13519,0.022463802
13520,0.008764533
13521,0.0014014175
13522,0.0070767165
13523,0.19163716
13524,0.021983426
13525,0.001522222
13526,0.00590531
13527,0.14434884
13528,0.05511886
13529,0.04843388
13530,0.0063709593
13531,0.036835764
13532,0.0709975
13533,0.2966884
13534,0.007626881
13535,0.0030039274
13536,0.0075790673
13537,0.08120234
13538,0.020355867
13539,0.13321666
13540,0.08554571
13541,0.27728614
13542,0.10313934
13543,0.0047229603
13544,0.010883216
13545,0.016936768
13546,0.020439878
13547,0.04063051
13548,0.18965323
13549,0.1508942
13550,0.019760694
13551,0.056371458
13552,0.058062304
13553,0.0077033364
13554,0.0064842217
13555,0.354863
13556,0.66200304
13557,0.1155781
13558,0.067991726
13559,0.0013653323
13560,0.07542946
13561,0.06906011
13562,0.0069754077
13563,0.17405744
13564,0.034715395
13565,0.120884396
13566,0.92230046
13567,0.013377994
13568,0.0402124
13569,0.004635571
13570,0.08455546
13571,0.042442687
13572,0.018267814
13573,0.049567882
13574,0.106440805
13575,0.3940398
13576,0.06885062
13577,0.20881453
13578,0.012163387
13579,0.05842167
13580,0.069875374
13581,0.011451909
13582,0.0958999
13583,0.0090839965
13584,0.003631904
13585,0.09039693
13586,0.00978756
13587,0.016132867
13588,0.003166514
13589,0.013440947
13590,0.01071719
13591,0.16452754
13592,0.02528498
13593,0.017304376
13594,0.04376208
13595,0.030800998
13596,0.1490402
13597,0.033233862
13598,0.0664455
13599,0.57385385
13600,0.20803165
13601,0.12972672
13602,0.02788487
13603,0.09257997
13604,0.04949508
13605,0.2835316
13606,0.03197826
13607,0.0070106834
13608,0.0056966166
13609,0.013714072
13610,0.007107217
13611,0.108576074
13612,0.012425438
13613,0.14726394
13614,0.06168735
13615,0.036057554
13616,0.031522676
13617,0.2032418
13618,0.014135167
13619,0.007859833
13620,0.026869887
13621,0.014730528
13622,0.051915
13623,0.08094931
13624,0.10311949
13625,0.08094766
13626,0.0048350645
13627,0.0067147515
13628,0.0028121066
13629,0.04834795
13630,0.12606812
13631,0.056533806
13632,0.045053046
13633,0.06775101
13634,0.015906269
13635,0.076722965
13636,0.010575324
13637,0.08844607
13638,0.17661925
13639,0.11379602
13640,0.07277875
13641,0.0026207739
13642,0.0021777365
13643,0.035328627
13644,0.013503375
13645,0.0075679496
13646,0.005013613
13647,0.0014142761
13648,0.0029600058
13649,0.010007595
13650,0.0037721538
13651,0.06065175
13652,0.1294287
13653,0.008818561
13654,0.1385021
13655,0.0076153846
13656,0.25920695
13657,0.0054890523
13658,0.013132167
13659,0.021427976
13660,0.0010116373
13661,0.022126677
13662,0.0018511384
13663,0.008620438
13664,0.00084656815
13665,0.0032950952
13666,0.006823762
13667,0.006970927
13668,0.011156204
13669,0.026917618
13670,0.002822125
13671,0.055546075
13672,0.002541038
13673,0.0054391203
13674,0.005234199
13675,0.14089422
13676,0.004965909
13677,0.02258033
13678,0.019300867
13679,0.004190519
13680,0.0050198976
13681,0.0040572872
13682,0.011294058
13683,0.0012068091
13684,0.07597661
13685,0.0013107279
13686,0.18369602
13687,0.014746806
13688,0.063562736
13689,0.07093541
13690,0.0070198826
13691,0.10051463
13692,0.024002697
13693,0.0045662997
13694,0.07517342
13695,0.0025094408
13696,0.101484224
13697,0.11014811
13698,0.041596472
13699,0.0022328205
13700,0.0024783488
13701,0.034585457
13702,0.013399486
13703,0.0059458474
13704,0.014006865
13705,0.005939903
13706,0.05070287
13707,0.0050368137
13708,0.043938525
13709,0.10611911
13710,0.09102415
13711,0.18454961
13712,0.009925449
13713,0.042161085
13714,0.019461611
13715,0.046800137
13716,0.0029437959
13717,0.030996254
13718,0.055674672
13719,0.011877766
13720,0.021160312
13721,0.0044637523
13722,0.011809202
13723,0.014062842
13724,0.0050889705
13725,0.008679257
13726,0.05348438
13727,0.11903492
13728,0.1172359
13729,0.013134092
13730,0.012357657
13731,0.008462739
13732,0.0041165217
13733,0.09245734
13734,0.08999781
13735,0.0448605
13736,0.12213139
13737,0.009644194
13738,0.09397885
13739,0.05766491
13740,0.005868677
13741,0.1042223
13742,0.025105465
13743,0.004521326
13744,0.015627975
13745,0.01822305
13746,0.11728187
13747,0.07379013
13748,0.07881959
13749,0.0793884
13750,0.19633302
13751,0.08406904
13752,0.027007367
13753,0.0091414135
13754,0.29647845
13755,0.055227242
13756,0.34197894
13757,0.0764072
13758,0.071335874
13759,0.012679699
13760,0.015471956
13761,0.17498687
13762,0.037710313
13763,0.7767522
13764,0.21919656
13765,0.10433471
13766,0.2230804
13767,0.03396015
13768,0.0058904267
13769,0.015997669
13770,0.13346753
13771,0.006264369
13772,0.010575445
13773,0.01035739
13774,0.03386357
13775,0.18381633
13776,0.16434404
13777,0.52919525
13778,0.5133957
13779,0.06962617
13780,0.14122513
13781,0.24187699
13782,0.03521078
13783,0.037134368
13784,0.0102720205
13785,0.09631605
13786,0.18322669
13787,0.32939655
13788,0.04739801
13789,0.35387903
13790,0.44594726
13791,0.015062067
13792,0.37321132
13793,0.059339873
13794,0.43417057
13795,0.060040127
13796,0.09525424
13797,0.035913
13798,0.009523804
13799,0.030331273
13800,0.122261025
13801,0.14283471
13802,0.017627442
13803,0.040186558
13804,0.034315996
13805,0.2355263
13806,0.10045284
13807,0.029612476
13808,0.07916278
13809,0.096418515
13810,0.092274204
13811,0.04249769
13812,0.0059947344
13813,0.004494156
13814,0.16958722
13815,0.023933504
13816,0.044553302
13817,0.29584098
13818,0.3020441
13819,0.020030368
13820,0.101207934
13821,0.022960167
13822,0.4087186
13823,0.033421524
13824,0.12115377
13825,0.43984103
13826,0.38926572
13827,0.056865048
13828,0.034917235
13829,0.0136054605
13830,0.0055277534
13831,0.0075004
13832,0.059145797
13833,0.006680207
13834,0.09848839
13835,0.15036564
13836,0.06707325
13837,0.07699464
13838,0.33229184
13839,0.3675724
13840,0.007082564
13841,0.01070664
13842,0.08231641
13843,0.019101268
13844,0.0058196024
13845,0.008222606
13846,0.019024283
13847,0.0745389
13848,0.28278312
13849,0.016228506
13850,0.025455248
13851,0.11454441
13852,0.16474159
13853,0.43160516
13854,0.006756493
13855,0.038347572
13856,0.05483694
13857,0.03744531
13858,0.0023896135
13859,0.06561755
13860,0.008726497
13861,0.0107661495
13862,0.019126942
13863,0.16834047
13864,0.18066607
13865,0.111029565
13866,0.09597233
13867,0.07185439
13868,0.0056040315
13869,0.002426548
13870,0.04815377
13871,0.05494382
13872,0.051682286
13873,0.10275513
13874,0.068767205
13875,0.1269358
13876,0.009350963
13877,0.039367776
13878,0.035415314
13879,0.010835501
13880,0.02065544
13881,0.0331393
13882,0.04935672
13883,0.09178366
13884,0.01670942
13885,0.11469591
13886,0.18950427
13887,0.22752455
13888,0.048883248
13889,0.06010575
13890,0.011526233
13891,0.090529874
13892,0.036722325
13893,0.0017217312
13894,0.14394647
13895,0.021782845
13896,0.15509212
13897,0.016301345
13898,0.053007863
13899,0.02800774
13900,0.0065572364
13901,0.05485521
13902,0.10593251
13903,0.19046536
13904,0.11597051
13905,0.1590261
13906,0.060465
13907,0.024303779
13908,0.024265487
13909,0.0800814
13910,0.058895685
13911,0.008017727
13912,0.103929184
13913,0.005904187
13914,0.41544008
13915,0.14836027
13916,0.12415788
13917,0.0679345
13918,0.03664692
13919,0.042371847
13920,0.012588978
13921,0.0010719113
13922,0.10249064
13923,0.013314341
13924,0.006825353
13925,0.0014381421
13926,0.048834823
13927,0.059708428
13928,0.047988504
13929,0.060640745
13930,0.10428188
13931,0.17885336
13932,0.29187113
13933,0.049792543
13934,0.0058592553
13935,0.095523015
13936,0.0055198795
13937,0.059217215
13938,0.004790272
13939,0.0048254123
13940,0.085132584
13941,0.06563229
13942,0.10961262
13943,0.010437648
13944,0.100461364
13945,0.011021922
13946,0.05104494
13947,0.009362922
13948,0.014333105
13949,0.014551084
13950,0.16960074
13951,0.07479886
13952,0.051053744
13953,0.00296601
13954,0.03890704
13955,0.023986306
13956,0.042427756
13957,0.0393786
13958,0.05723388
13959,0.13137814
13960,0.12450812
13961,0.19722883
13962,0.12246561
13963,0.16593757
13964,0.022916356
13965,0.08753055
13966,0.08950205
13967,0.0014566213
13968,0.025883328
13969,0.130734
13970,0.03755868
13971,0.03201792
13972,0.04133595
13973,0.041954618
13974,0.056599565
13975,0.06244908
13976,0.0465812
13977,0.06101784
13978,0.0048194625
13979,0.01810892
13980,0.05265482
13981,0.07345347
13982,0.03743297
13983,0.03310568
13984,0.08035491
13985,0.062152784
13986,0.16233596
13987,0.30623838
13988,0.0962014
13989,0.09145078
13990,0.062450368
13991,0.07958174
13992,0.12718375
13993,0.11616981
13994,0.053352147
13995,0.006456864
13996,0.014053109
13997,0.26991907
13998,0.025021631
13999,0.06766428
14000,0.026858395
14001,0.11396919
14002,0.018415865
14003,0.006159301
14004,0.01943409
14005,0.29387194
14006,0.07160443
14007,0.03975465
14008,0.1205094
14009,0.53854
14010,0.061407994
14011,0.0048411293
14012,0.14329647
14013,0.07318942
14014,0.2449774
14015,0.2524814
14016,0.094780885
14017,0.02633201
14018,0.10209656
14019,0.11627214
14020,0.007852312
14021,0.16981086
14022,0.07141312
14023,0.03890758
14024,0.012428046
14025,0.010469043
14026,0.02753749
14027,0.06841241
14028,0.0016672632
14029,0.0975228
14030,0.10338672
14031,0.13940223
14032,0.10558393
14033,0.064820684
14034,0.12735033
14035,0.18324521
14036,0.22252873
14037,0.049359
14038,0.007152735
14039,0.07061513
14040,0.027550256
14041,0.011919443
14042,0.11235131
14043,0.51719624
14044,0.035345964
14045,0.04296617
14046,0.29565963
14047,0.17643943
14048,0.007595434
14049,0.009240715
14050,0.050387036
14051,0.045324627
14052,0.206332
14053,0.27331263
14054,0.07747815
14055,0.068765506
14056,0.09764947
14057,0.13546704
14058,0.14569245
14059,0.18800695
14060,0.2538603
14061,0.16622414
14062,0.05763828
14063,0.05398788
14064,0.052217502
14065,0.208219
14066,0.8993575
14067,0.09517077
14068,0.03244205
14069,0.3208124
14070,0.01994731
14071,0.009525464
14072,0.2514143
14073,0.06202785
14074,0.09621821
14075,0.043753818
14076,0.11457659
14077,0.37051168
14078,0.05029152
14079,0.076610394
14080,0.21997014
14081,0.16890554
14082,0.24425678
14083,0.2704466
14084,0.34455675
14085,0.0045890138
14086,0.25659066
14087,0.14659087
14088,0.13908812
14089,0.70023775
14090,0.36088067
14091,0.34873778
14092,0.036807664
14093,0.15181372
14094,0.044566005
14095,0.04910066
14096,0.01230743
14097,0.09238011
14098,0.008138289
14099,0.006853305
14100,0.0036738827
14101,0.06246209
14102,0.08134737
14103,0.051940065
14104,0.06992922
14105,0.068422355
14106,0.24824841
14107,0.16687827
14108,0.01853666
14109,0.09598456
14110,0.24843356
14111,0.009910838
14112,0.005846946
14113,0.9922527
14114,0.79347926
14115,0.53232515
14116,0.0060706427
14117,0.012644638
14118,0.015138825
14119,0.06363529
14120,0.29201776
14121,0.0760365
14122,0.025379634
14123,0.0051657804
14124,0.0714222
14125,0.10904777
14126,0.055843107
14127,0.0011833928
14128,0.24766132
14129,0.010535558
14130,0.0021880302
14131,0.10867332
14132,0.13114043
14133,0.063631795
14134,0.06038013
14135,0.15732631
14136,0.15415943
14137,0.014793098
14138,0.13091964
14139,0.12556669
14140,0.087600216
14141,0.9857256
14142,0.7845453
14143,0.56484234
14144,0.008363197
14145,0.036967337
14146,0.02777179
14147,0.0028378454
14148,0.29391882
14149,0.081050925
14150,0.2294867
14151,0.015894514
14152,0.061983816
14153,0.0015060499
14154,0.10586701
14155,0.07556997
14156,0.09593177
14157,0.44494337
14158,0.3283407
14159,0.3067512
14160,0.21853833
14161,0.15180509
14162,0.10432519
14163,0.081765555
14164,0.09638021
14165,0.050917767
14166,0.061762165
14167,0.0034406162
14168,0.118950725
14169,0.12753002
14170,0.09218292
14171,0.096077956
14172,0.024394587
14173,0.91553247
14174,0.9883485
14175,0.9932434
14176,0.17868331
14177,0.018106513
14178,0.049634323
14179,0.21588843
14180,0.0028260406
14181,0.058282178
14182,0.029231042
14183,0.032917034
14184,0.10911647
14185,0.027354753
14186,0.30543977
14187,0.6830134
14188,0.08001744
14189,0.10503252
14190,0.0775527
14191,0.17290655
14192,0.02951459
14193,0.2048709
14194,0.14951858
14195,0.050488066
14196,0.091494694
14197,0.15454581
14198,0.05490933
14199,0.032492988
14200,0.0030382518
14201,0.28709036
14202,0.28160065
14203,0.15700586
14204,0.016205622
14205,0.09210895
14206,0.1066424
14207,0.21450265
14208,0.0031389806
14209,0.060630895
14210,0.014279594
14211,0.037252985
14212,0.04181365
14213,0.02855295
14214,0.07416866
14215,0.15082434
14216,0.43120354
14217,0.21594556
14218,0.25009948
14219,0.13370691
14220,0.23417571
14221,0.18326207
14222,0.43818706
14223,0.056940358
14224,0.018518472
14225,0.073026665
14226,0.0585284
14227,0.19911027
14228,0.18886128
14229,0.0635059
14230,0.3228219
14231,0.29469064
14232,0.17791101
14233,0.9904291
14234,0.11511727
14235,0.038426913
14236,0.15886025
14237,0.229942
14238,0.013264981
14239,0.021649633
14240,0.2181668
14241,0.0060703433
14242,0.082299404
14243,0.045083527
14244,0.031938992
14245,0.06798315
14246,0.14047603
14247,0.22978608
14248,0.26778024
14249,0.31485868
14250,0.3007788
14251,0.16054456
14252,0.19848529
14253,0.21311168
14254,0.040052284
14255,0.16370542
14256,0.088752866
14257,0.04737758
14258,0.34625295
14259,0.2769255
14260,0.1142241
14261,0.5287908
14262,0.21122365
14263,0.0074365675
14264,0.103738174
14265,0.14419666
14266,0.07346393
14267,0.046373416
14268,0.03357455
14269,0.006301938
14270,0.01484109
14271,0.11420281
14272,0.07198345
14273,0.079365715
14274,0.15009956
14275,0.2950408
14276,0.7135339
14277,0.42652768
14278,0.23117134
14279,0.428366
14280,0.120019995
14281,0.012050544
14282,0.07790363
14283,0.10358243
14284,0.10037482
14285,0.18054593
14286,0.080033064
14287,0.018131351
14288,0.08502583
14289,0.17287089
14290,0.011245428
14291,0.063438304
14292,0.003983549
14293,0.01670208
14294,0.0056212195
14295,0.0030147638
14296,0.005844494
14297,0.056767423
14298,0.066523865
14299,0.085292265
14300,0.22111306
14301,0.17924392
14302,0.11546205
14303,0.5466042
14304,0.41800413
14305,0.24940214
14306,0.1401939
14307,0.01054834
14308,0.05106803
14309,0.07340498
14310,0.03946389
14311,0.015479572
14312,0.96620405
14313,0.011244171
14314,0.01753003
14315,0.059751153
14316,0.03976821
14317,0.10464187
14318,0.0022721721
14319,0.06922376
14320,0.043736495
14321,0.08174658
14322,0.0012083709
14323,0.0016952083
14324,0.07218695
14325,0.074787036
14326,0.11447854
14327,0.3812875
14328,0.29162428
14329,0.13282958
14330,0.8964451
14331,0.3091467
14332,0.35512018
14333,0.21917948
14334,0.06764343
14335,0.005374764
14336,0.027336676
14337,0.07902692
14338,0.07704036
14339,0.08682297
14340,0.40442556
14341,0.119610585
14342,0.2878894
14343,0.014858378
14344,0.049388308
14345,0.08936923
14346,0.12615773
14347,0.19566314
14348,0.03574016
14349,0.010726125
14350,0.009391317
14351,0.04155509
14352,0.16780207
14353,0.7451222
14354,0.23669127
14355,0.40563077
14356,0.2312717
14357,0.2928482
14358,0.16692796
14359,0.066872634
14360,0.08055348
14361,0.0013419806
14362,0.013082111
14363,0.044606484
14364,0.15517661
14365,0.122188926
14366,0.100469604
14367,0.24190995
14368,0.02333432
14369,0.057595283
14370,0.023850499
14371,0.17573729
14372,0.036135107
14373,0.013798421
14374,0.0035863915
14375,0.12940207
14376,0.15304458
14377,0.041355483
14378,0.13685817
14379,0.19662523
14380,0.06032009
14381,0.1100528
14382,0.05041321
14383,0.1320987
14384,0.0863744
14385,0.052573837
14386,0.1560139
14387,0.14285345
14388,0.027683774
14389,0.0016549279
14390,0.114027515
14391,0.039625376
14392,0.1279532
14393,0.02732167
14394,0.15909033
14395,0.04227033
14396,0.052380312
14397,0.0019680844
14398,0.05673333
14399,0.16962847
14400,0.3352426
14401,0.4032715
14402,0.05918138
14403,0.03117179
14404,0.019155813
14405,0.047930397
14406,0.06912547
14407,0.15786254
14408,0.0060545704
14409,0.014717442
14410,0.01459482
14411,0.0016541828
14412,0.0067547066
14413,0.009607585
14414,0.07201613
14415,0.11852507
14416,0.28673133
14417,0.002134161
14418,0.0019896808
14419,0.044823498
14420,0.07744547
14421,0.12331842
14422,0.275105
14423,0.093592204
14424,0.002355341
14425,0.13216576
14426,0.072914146
14427,0.059913196
14428,0.11457376
14429,0.005194232
14430,0.025433447
14431,0.1975185
14432,0.01160257
14433,0.001961961
14434,0.13998148
14435,0.07222577
14436,0.010371418
14437,0.014736673
14438,0.03209033
14439,0.07590201
14440,0.2782289
14441,0.01875614
14442,0.0017076569
14443,0.058017395
14444,0.014922564
14445,0.24296193
14446,0.026869709
14447,0.2355278
14448,0.13731836
14449,0.04581184
14450,0.009596994
14451,0.08037763
14452,0.009106199
14453,0.00664009
14454,0.2007894
14455,0.095730804
14456,0.13357669
14457,0.070564665
14458,0.056339853
14459,0.0028855545
14460,0.0026962887
14461,0.35806802
14462,0.5953148
14463,0.1465329
14464,0.06652905
14465,0.03360372
14466,0.07950336
14467,0.07599462
14468,0.025299257
14469,0.09733151
14470,0.09328939
14471,0.07225402
14472,0.9481376
14473,0.0031094775
14474,0.13045114
14475,0.10298495
14476,0.025705913
14477,0.13580343
14478,0.4095892
14479,0.07940105
14480,0.15024742
14481,0.0127110705
14482,0.028276186
14483,0.031416826
14484,0.006507147
14485,0.07085054
14486,0.01895563
14487,0.033410184
14488,0.097021185
14489,0.10189827
14490,0.030547645
14491,0.037053768
14492,0.049211863
14493,0.0073026195
14494,0.11288037
14495,0.020336945
14496,0.009778881
14497,0.08536365
14498,0.03824105
14499,0.09199162
14500,0.00228635
14501,0.02745169
14502,0.08133795
14503,0.57542354
14504,0.10614513
14505,0.14086819
14506,0.043098025
14507,0.021248003
14508,0.10160607
14509,0.0727863
14510,0.009612946
14511,0.030528659
14512,0.20843089
14513,0.041582953
14514,0.007904535
14515,0.050728463
14516,0.1408153
14517,0.030695299
14518,0.0085446695
14519,0.10799895
14520,0.081037804
14521,0.021438356
14522,0.03432558
14523,0.22723722
14524,0.0024022558
14525,0.0012793178
14526,0.00094034243
14527,0.05684162
14528,0.03331608
14529,0.0774298
14530,0.07582839
14531,0.030829277
14532,0.015514575
14533,0.007462918
14534,0.18511745
14535,0.014596125
14536,0.06845959
14537,0.08350514
14538,0.012575689
14539,0.06632452
14540,0.07602285
14541,0.2089947
14542,0.11795919
14543,0.072389126
14544,0.0058556497
14545,0.0072882385
14546,0.024223756
14547,0.006159688
14548,0.009534213
14549,0.009165069
14550,0.01563171
14551,0.0010898247
14552,0.0022397651
14553,0.0025603569
14554,0.05815772
14555,0.13268855
14556,0.009614917
14557,0.13363278
14558,0.0074073495
14559,0.2309864
14560,0.006303709
14561,0.011393463
14562,0.023330327
14563,0.0067030387
14564,0.0087326635
14565,0.003772347
14566,0.0018593598
14567,0.0055064233
14568,0.0012241096
14569,0.006750133
14570,0.0060128625
14571,0.007178162
14572,0.026026081
14573,0.005786374
14574,0.06229658
14575,0.009870943
14576,0.018551342
14577,0.0028705315
14578,0.0043676663
14579,0.13923451
14580,0.0094441455
14581,0.018105676
14582,0.004467191
14583,0.013320443
14584,0.0013954712
14585,0.008589954
14586,0.1449993
14587,0.0067460327
14588,0.18310806
14589,0.013957125
14590,0.06494257
14591,0.070946515
14592,0.13167885
14593,0.026925987
14594,0.0054111397
14595,0.05834768
14596,0.0024602537
14597,0.104494974
14598,0.0049618846
14599,0.106099986
14600,0.0073547177
14601,0.0014437556
14602,0.0021589547
14603,0.0018217576
14604,0.01432305
14605,0.006736522
14606,0.005357017
14607,0.0032257747
14608,0.026064927
14609,0.002326164
14610,0.019557934
14611,0.033190858
14612,0.08900486
14613,0.050682086
14614,0.11450837
14615,0.008246156
14616,0.014737183
14617,0.07026462
14618,0.059874497
14619,0.002207397
14620,0.0146763
14621,0.028050324
14622,0.014232571
14623,0.02823456
14624,0.014640579
14625,0.01261981
14626,0.023944607
14627,0.0017060463
14628,0.004908518
14629,0.10644241
14630,0.22716406
14631,0.04186128
14632,0.011172792
14633,0.016515788
14634,0.11484836
14635,0.06982608
14636,0.01051291
14637,0.04973941
14638,0.031823885
14639,0.057454377
14640,0.017433962
14641,0.1444358
14642,0.05785194
14643,0.0059341355
14644,0.0028693923
14645,0.018690228
14646,0.0071103396
14647,0.11725281
14648,0.021785669
14649,0.20350023
14650,0.16613798
14651,0.01465808
14652,0.058208454
14653,0.33369386
14654,0.12606828
14655,0.39239565
14656,0.32175115
14657,0.19501881
14658,0.019530969
14659,0.012707105
14660,0.005015939
14661,0.12716605
14662,0.2537165
14663,0.6808983
14664,0.15550108
14665,0.009301209
14666,0.1295814
14667,0.045656912
14668,0.007024838
14669,0.05716607
14670,0.013164217
14671,0.11428068
14672,0.031949814
14673,0.009750189
14674,0.11949684
14675,0.07324503
14676,0.26238722
14677,0.49569464
14678,0.4565938
14679,0.16122648
14680,0.19664487
14681,0.20805827
14682,0.009750086
14683,0.042783897
14684,0.016211495
14685,0.08433407
14686,0.06522907
14687,0.37269205
14688,0.17705289
14689,0.31892666
14690,0.44307297
14691,0.20377159
14692,0.009892921
14693,0.45553675
14694,0.0750152
14695,0.43492118
14696,0.052072775
14697,0.06296323
14698,0.044793207
14699,0.030327147
14700,0.17043138
14701,0.13387644
14702,0.11609304
14703,0.027714944
14704,0.28806883
14705,0.08957693
14706,0.0068954946
14707,0.055147193
14708,0.0115616415
14709,0.09689611
14710,0.13384911
14711,0.040299747
14712,0.06734732
14713,0.060054976
14714,0.15602514
14715,0.038273036
14716,0.2803042
14717,0.23389442
14718,0.020256838
14719,0.06415742
14720,0.010669401
14721,0.008505652
14722,0.44804248
14723,0.17543156
14724,0.16989121
14725,0.39496827
14726,0.34203947
14727,0.12299398
14728,0.065119535
14729,0.02053833
14730,0.0073492816
14731,0.04983479
14732,0.0064276448
14733,0.10358746
14734,0.1129416
14735,0.0087571945
14736,0.12557663
14737,0.2601872
14738,0.3509226
14739,0.0013880266
14740,0.06325723
14741,0.04014176
14742,0.068987444
14743,0.044420134
14744,0.05957622
14745,0.20386526
14746,0.010995196
14747,0.052727677
14748,0.1141956
14749,0.0741453
14750,0.18253237
14751,0.3817675
14752,0.054047097
14753,0.068716966
14754,0.011702726
14755,0.005356702
14756,0.02900599
14757,0.06538151
14758,0.04780799
14759,0.01052253
14760,0.044710595
14761,0.119829275
14762,0.21887226
14763,0.08311783
14764,0.095041364
14765,0.058075458
14766,0.013359079
14767,0.053605508
14768,0.026299736
14769,0.02774406
14770,0.047278903
14771,0.083208635
14772,0.062381793
14773,0.13774993
14774,0.01005816
14775,0.026605349
14776,0.029212888
14777,0.007943039
14778,0.0024785872
14779,0.045154892
14780,0.04846058
14781,0.019049175
14782,0.04191832
14783,0.10510504
14784,0.2524485
14785,0.21582846
14786,0.06168885
14787,0.048753414
14788,0.04565478
14789,0.11694606
14790,0.09455311
14791,0.011921698
14792,0.06234019
14793,0.009912019
14794,0.043764383
14795,0.16696754
14796,0.037791513
14797,0.065827444
14798,0.04624649
14799,0.011750719
14800,0.046992
14801,0.06604602
14802,0.16134393
14803,0.102300525
14804,0.12958634
14805,0.06599863
14806,0.0542429
14807,0.0062629385
14808,0.11477234
14809,0.074117176
14810,0.0046808287
14811,0.008370404
14812,0.08628114
14813,0.05451688
14814,0.40488577
14815,0.14451802
14816,0.036715098
14817,0.15435076
14818,0.044613898
14819,0.053053953
14820,0.010012106
14821,0.11294546
14822,0.006871505
14823,0.0119121
14824,0.014650057
14825,0.0939578
14826,0.06855043
14827,0.031144854
14828,0.09833597
14829,0.09040162
14830,0.15189852
14831,0.34617463
14832,0.07106806
14833,0.011981568
14834,0.06831549
14835,0.03527712
14836,0.06475358
14837,0.004564307
14838,0.016989613
14839,0.11559832
14840,0.068093285
14841,0.09494347
14842,0.0030690175
14843,0.12154095
14844,0.049914908
14845,0.03579681
14846,0.010615194
14847,0.13392785
14848,0.014057825
14849,0.046120595
14850,0.026989296
14851,0.0013837169
14852,0.008775869
14853,0.038879186
14854,0.05320273
14855,0.07789343
14856,0.08472833
14857,0.19696087
14858,0.10869618
14859,0.19949695
14860,0.12848738
14861,0.14268373
14862,0.025459582
14863,0.09867661
14864,0.011073518
14865,0.105730794
14866,0.0487953
14867,0.1168959
14868,0.06483497
14869,0.013705874
14870,0.02470859
14871,0.0031446584
14872,0.051517665
14873,0.06835351
14874,0.053536247
14875,0.06388179
14876,0.001442929
14877,0.01919614
14878,0.086784795
14879,0.03839145
14880,0.06240628
14881,0.09930631
14882,0.073748186
14883,0.20826633
14884,0.31432438
14885,0.06045891
14886,0.11361666
14887,0.09273836
14888,0.08328238
14889,0.12527032
14890,0.08936991
14891,0.06886833
14892,0.04114301
14893,0.2949084
14894,0.046441756
14895,0.10117473
14896,0.041337933
14897,0.002150766
14898,0.0019664778
14899,0.008314731
14900,0.012856272
14901,0.28302795
14902,0.05018835
14903,0.07418158
14904,0.1604605
14905,0.5730289
14906,0.04098764
14907,0.019111726
14908,0.11448272
14909,0.07078597
14910,0.22286431
14911,0.25774896
14912,0.099062696
14913,0.019373436
14914,0.12119307
14915,0.18225917
14916,0.041297033
14917,0.09361781
14918,0.102735564
14919,0.07082381
14920,0.009943242
14921,0.033049423
14922,0.014229591
14923,0.063673824
14924,0.013024837
14925,0.12124552
14926,0.1278032
14927,0.15691726
14928,0.063486405
14929,0.113528095
14930,0.14945507
14931,0.19455427
14932,0.21874753
14933,0.06568529
14934,0.06891315
14935,0.012254479
14936,0.0115153175
14937,0.06747022
14938,0.50560206
14939,0.09426434
14940,0.059613664
14941,0.33269477
14942,0.19826277
14943,0.008015298
14944,0.009105725
14945,0.006400308
14946,0.06892954
14947,0.041493393
14948,0.2288396
14949,0.25048265
14950,0.03985823
14951,0.065915346
14952,0.14136271
14953,0.14306779
14954,0.15077958
14955,0.2245374
14956,0.26078707
14957,0.14814344
14958,0.072123416
14959,0.06899708
14960,0.06404164
14961,0.2874945
14962,0.9543244
14963,0.10039963
14964,0.03412593
14965,0.3043641
14966,0.0085203275
14967,0.06785642
14968,0.25570998
14969,0.01112724
14970,0.0352205
14971,0.030785006
14972,0.08804534
14973,0.04724845
14974,0.09960953
14975,0.32979265
14976,0.00592965
14977,0.07399579
14978,0.23008421
14979,0.1313974
14980,0.2115916
14981,0.2652444
14982,0.3244409
14983,0.0022308757
14984,0.17906706
14985,0.12887672
14986,0.13151495
14987,0.72013324
14988,0.2809833
14989,0.39476764
14990,0.055277266
14991,0.14720644
14992,0.081906326
14993,0.0018781619
14994,0.005982931
14995,0.08163236
14996,0.008617022
14997,0.006908208
14998,0.027751759
14999,0.08053046
15000,0.08375208
15001,0.06619654
15002,0.064876005
15003,0.09223248
15004,0.18876204
15005,0.14713344
15006,0.012492965
15007,0.06821421
15008,0.23785004
15009,0.008816736
15010,0.04946783
15011,0.99159795
15012,0.7094901
15013,0.5709268
15014,0.010221715
15015,0.01313639
15016,0.109073736
15017,0.25922146
15018,0.09058112
15019,0.062631354
15020,0.0075527234
15021,0.010576187
15022,0.06015543
15023,0.09575094
15024,0.09915055
15025,0.001097797
15026,0.27595544
15027,0.010772188
15028,0.021481628
15029,0.1252579
15030,0.13182285
15031,0.084150806
15032,0.031981777
15033,0.20486447
15034,0.14043579
15035,0.032768935
15036,0.12126211
15037,0.16430087
15038,0.120838605
15039,0.9890113
15040,0.7000782
15041,0.6363465
15042,0.005076435
15043,0.08045231
15044,0.012163029
15045,0.007700893
15046,0.2775435
15047,0.080816664
15048,0.23890877
15049,0.03400138
15050,0.09897021
15051,0.0017951336
15052,0.10997482
15053,0.12578014
15054,0.12227501
15055,0.3660991
15056,0.33990198
15057,0.34996384
15058,0.21084806
15059,0.17404604
15060,0.085070536
15061,0.057755493
15062,0.113732085
15063,0.021843586
15064,0.049856037
15065,0.0031726912
15066,0.14032507
15067,0.10008411
15068,0.0681493
15069,0.12155875
15070,0.0061439867
15071,0.96898663
15072,0.9874914
15073,0.99254096
15074,0.14555734
15075,0.058071207
15076,0.07204868
15077,0.24460216
15078,0.045025602
15079,0.007840936
15080,0.0047062854
15081,0.009987162
15082,0.0923785
15083,0.05828669
15084,0.27636576
15085,0.87636817
15086,0.11293252
15087,0.1333042
15088,0.083508216
15089,0.18881357
15090,0.06920086
15091,0.2257154
15092,0.17709868
15093,0.004638793
15094,0.1517504
15095,0.093729675
15096,0.07523193
15097,0.05446114
15098,0.023140702
15099,0.2658923
15100,0.25483045
15101,0.1978676
15102,0.06995
15103,0.022479188
15104,0.12449805
15105,0.11730554
15106,0.19950299
15107,0.0063579925
15108,0.01901163
15109,0.059564322
15110,0.050160207
15111,0.057127733
15112,0.06402777
15113,0.02946788
15114,0.19574478
15115,0.48427415
15116,0.25283533
15117,0.22454384
15118,0.1154186
15119,0.20120406
15120,0.16087165
15121,0.47143015
15122,0.05140971
15123,0.024745807
15124,0.058695268
15125,0.19597563
15126,0.20545621
15127,0.14475141
15128,0.366987
15129,0.2868066
15130,0.19652289
15131,0.99050367
15132,0.12676623
15133,0.0025291475
15134,0.1787403
15135,0.21520296
15136,0.04172188
15137,0.30815896
15138,0.08059825
15139,0.042299427
15140,0.018404655
15141,0.04288753
15142,0.097527675
15143,0.23225936
15144,0.24906135
15145,0.29127097
15146,0.227597
15147,0.16468635
15148,0.19278261
15149,0.25928813
15150,0.015070019
15151,0.12937845
15152,0.074523985
15153,0.005534102
15154,0.313682
15155,0.27503762
15156,0.08643091
15157,0.553414
15158,0.26525575
15159,0.0069419397
15160,0.03238549
15161,0.14571318
15162,0.11018237
15163,0.012703751
15164,0.03706165
15165,0.025987253
15166,0.016660128
15167,0.1022643
15168,0.1110364
15169,0.08705507
15170,0.13970456
15171,0.2891596
15172,0.75265884
15173,0.35311788
15174,0.2682342
15175,0.39265049
15176,0.1119081
15177,0.016073873
15178,0.043763366
15179,0.14334229
15180,0.13736895
15181,0.1822212
15182,0.08367051
15183,0.032602172
15184,0.022174254
15185,0.19752395
15186,0.0074873017
15187,0.1500198
15188,0.012609902
15189,0.009390269
15190,0.055906903
15191,0.00644133
15192,0.0052270265
15193,0.008481165
15194,0.035643242
15195,0.0540514
15196,0.09770002
15197,0.09614644
15198,0.20355532
15199,0.19167218
15200,0.1074425
15201,0.5345558
15202,0.45063835
15203,0.2561496
15204,0.17591849
15205,0.042567465
15206,0.01623561
15207,0.014776443
15208,0.09059673
15209,0.01379635
15210,0.015965478
15211,0.9845995
15212,0.0032352372
15213,0.0047359383
15214,0.08884022
15215,0.07490923
15216,0.053847034
15217,0.0041834367
15218,0.05281212
15219,0.040020145
15220,0.0725381
15221,0.0051688612
15222,0.01051748
15223,0.06290996
15224,0.10415348
15225,0.13665661
15226,0.3817177
15227,0.2928389
15228,0.14315945
15229,0.8738149
15230,0.32438537
15231,0.34737748
15232,0.2296462
15233,0.045667972
15234,0.03558194
15235,0.002529769
15236,0.023104917
15237,0.022874856
15238,0.035669535
15239,0.07883601
15240,0.3703087
15241,0.11057874
15242,0.26075146
15243,0.036869224
15244,0.049559247
15245,0.082608685
15246,0.11739467
15247,0.22820774
15248,0.058860887
15249,0.012525544
15250,0.068049654
15251,0.16680327
15252,0.846255
15253,0.19884932
15254,0.39946312
15255,0.19619548
15256,0.24897525
15257,0.20884438
15258,0.08610071
15259,0.0646819
15260,0.014381258
15261,0.043551397
15262,0.13820872
15263,0.17471823
15264,0.083061285
15265,0.18947166
15266,0.059710182
15267,0.0034640492
15268,0.25635293
15269,0.0059557427
15270,0.009713665
15271,0.0099903885
15272,0.15838835
15273,0.16672568
15274,0.045312174
15275,0.005341704
15276,0.15450089
15277,0.19799958
15278,0.08680054
15279,0.110086106
15280,0.054498233
15281,0.10963319
15282,0.0934046
15283,0.004370945
15284,0.13783963
15285,0.08365898
15286,0.040588576
15287,0.0076821437
15288,0.080457665
15289,0.0009107385
15290,0.08741854
15291,0.022602838
15292,0.20315644
15293,0.046634737
15294,0.011251496
15295,0.050921597
15296,0.14944348
15297,0.31053331
15298,0.46855932
15299,0.09584027
15300,0.013044004
15301,0.052450173
15302,0.02855974
15303,0.06791027
15304,0.046529636
15305,0.07962586
15306,0.059602536
15307,0.006336359
15308,0.02296809
15309,0.013463942
15310,0.027649457
15311,0.01168895
15312,0.0071210773
15313,0.10179317
15314,0.084317245
15315,0.31191263
15316,0.010601884
15317,0.0034290068
15318,0.050364006
15319,0.104287565
15320,0.107735656
15321,0.3024251
15322,0.08637778
15323,0.009077166
15324,0.0022869841
15325,0.14706844
15326,0.024312356
15327,0.09244356
15328,0.11441668
15329,0.055745758
15330,0.008418138
15331,0.006981779
15332,0.013223762
15333,0.0064822
15334,0.32720083
15335,0.011984391
15336,0.0121124685
15337,0.11900178
15338,0.07101816
15339,0.034700632
15340,0.031538382
15341,0.05493983
15342,0.074160405
15343,0.34484705
15344,0.0046423827
15345,0.014084019
15346,0.05138997
15347,0.052605323
15348,0.10032012
15349,0.18704847
15350,0.036339678
15351,0.18095055
15352,0.1579304
15353,0.01334058
15354,0.035585564
15355,0.009109551
15356,0.0034220475
15357,0.18003294
15358,0.10156195
15359,0.010129834
15360,0.11993091
15361,0.0052256333
15362,0.07180139
15363,0.05884826
15364,0.0036628763
15365,0.3708809
15366,0.4991815
15367,0.1357697
15368,0.069622636
15369,0.002689701
15370,0.06799336
15371,0.06617205
15372,0.025901705
15373,0.18668807
15374,0.09531693
15375,0.08351312
15376,0.8371633
15377,0.010099347
15378,0.016914396
15379,0.026404053
15380,0.055610824
15381,0.08900681
15382,0.0023529301
15383,0.05604862
15384,0.16092458
15385,0.37580574
15386,0.061418988
15387,0.20585778
15388,0.02052505
15389,0.015123652
15390,0.07247622
15391,0.044426903
15392,0.035395417
15393,0.103109196
15394,0.07075907
15395,0.030260343
15396,0.037505694
15397,0.012630248
15398,0.05024507
15399,0.11253192
15400,0.062420804
15401,0.004321817
15402,0.06054039
15403,0.07994411
15404,0.07123755
15405,0.045886472
15406,0.024037367
15407,0.057191752
15408,0.64848727
15409,0.08599819
15410,0.17029591
15411,0.08254282
15412,0.013607544
15413,0.082377
15414,0.06252013
15415,0.0020488962
15416,0.03960366
15417,0.19618735
15418,0.06536696
15419,0.005530735
15420,0.009908771
15421,0.031927995
15422,0.11487222
15423,0.01897657
15424,0.095101625
15425,0.01893728
15426,0.0033943697
15427,0.024550918
15428,0.24299598
15429,0.019891609
15430,0.013084766
15431,0.0032149174
15432,0.02830876
15433,0.02901845
15434,0.024587044
15435,0.10174881
15436,0.09443849
15437,0.012995057
15438,0.0021407534
15439,0.036181003
15440,0.09511243
15441,0.11935492
15442,0.051284008
15443,0.11194761
15444,0.013165462
15445,0.0284232
15446,0.117117845
15447,0.18602014
15448,0.11276907
15449,0.0029790257
15450,0.0038185976
15451,0.038720112
15452,0.004783598
15453,0.038045354
15454,0.017892012
15455,0.013945686
15456,0.0063451095
15457,0.0070655374
15458,0.031765927
15459,0.0012754552
15460,0.001232078
15461,0.015073856
15462,0.019943109
15463,0.05011965
15464,0.10745858
15465,0.10094974
15466,0.1295673
15467,0.0037335493
15468,0.23996969
15469,0.010768779
15470,0.025036594
15471,0.011976542
15472,0.004845294
15473,0.00078263646
15474,0.025995512
15475,0.021729736
15476,0.0069672777
15477,0.007070376
15478,0.032068994
15479,0.012183493
15480,0.034039658
15481,0.014820183
15482,0.0072105764
15483,0.00590849
15484,0.0039660893
15485,0.11752617
15486,0.0022903825
15487,0.02992564
15488,0.0037219129
15489,0.0049230144
15490,0.008997412
15491,0.0022338773
15492,0.11646366
15493,0.0064903526
15494,0.0019776404
15495,0.22190037
15496,0.05429756
15497,0.07617507
15498,0.0666502
15499,0.068750724
15500,0.009580184
15501,0.0005714897
15502,0.09398004
15503,0.010230375
15504,0.115596436
15505,0.0048621064
15506,0.082549356
15507,0.0050145835
15508,0.025403062
15509,0.010380818
15510,0.0021896153
15511,0.0034708097
15512,0.0008952295
15513,0.0049538584
15514,0.007818988
15515,0.043096982
15516,0.005747128
15517,0.0058318353
15518,0.054916196
15519,0.056869514
15520,0.005249831
15521,0.118933044
15522,0.016293576
15523,0.034772478
15524,0.0015945412
15525,0.016625341
15526,0.026290989
15527,0.015298742
15528,0.028182274
15529,0.019973872
15530,0.009352122
15531,0.0076925578
15532,0.059277453
15533,0.12000197
15534,0.22089534
15535,0.014863515
15536,0.004956761
15537,0.049126588
15538,0.025978288
15539,0.05748843
15540,0.04713017
15541,0.059114445
15542,0.04270224
15543,0.15992995
15544,0.031736795
15545,0.015314828
15546,0.14004672
15547,0.050780542
15548,0.18118133
15549,0.030648991
15550,0.24667922
15551,0.20799074
15552,0.060484063
15553,0.34044933
15554,0.08112001
15555,0.34984225
15556,0.23110597
15557,0.1766162
15558,0.047615655
15559,0.0129601685
15560,0.110148534
15561,0.008716511
15562,0.30318236
15563,0.14298552
15564,0.035636015
15565,0.57165265
15566,0.185527
15567,0.054790635
15568,0.19957182
15569,0.008322041
15570,0.08658862
15571,0.013274844
15572,0.08798759
15573,0.078848094
15574,0.010613208
15575,0.019520232
15576,0.17901996
15577,0.4211533
15578,0.41976652
15579,0.063423485
15580,0.15495403
15581,0.16634783
15582,0.009396886
15583,0.020148838
15584,0.012748567
15585,0.0733352
15586,0.023971483
15587,0.26357207
15588,0.20825621
15589,0.38080293
15590,0.41061282
15591,0.13125327
15592,0.017284608
15593,0.40734315
15594,0.04944717
15595,0.03524369
15596,0.4925789
15597,0.020809075
15598,0.12896457
15599,0.006803905
15600,0.06434598
15601,0.067337714
15602,0.17470594
15603,0.03582904
15604,0.0036599382
15605,0.017839802
15606,0.1905503
15607,0.0725067
15608,0.04960181
15609,0.047897596
15610,0.06443233
15611,0.10209545
15612,0.07144834
15613,0.033333316
15614,0.004791755
15615,0.0038891286
15616,0.077525206
15617,0.038515534
15618,0.11929127
15619,0.16618374
15620,0.018882386
15621,0.1940747
15622,0.01989204
15623,0.05656808
15624,0.10542436
15625,0.009405078
15626,0.001647618
15627,0.32130834
15628,0.14152975
15629,0.099128835
15630,0.29283732
15631,0.23875919
15632,0.08169892
15633,0.069584206
15634,0.0011343986
15635,0.0490411
15636,0.014854133
15637,0.007308769
15638,0.0016978026
15639,0.017819589
15640,0.07239804
15641,0.04073521
15642,0.12537368
15643,0.21480021
15644,0.3021263
15645,0.006468208
15646,0.010999473
15647,0.05224977
15648,0.018142289
15649,0.0146862315
15650,0.011961621
15651,0.031444054
15652,0.26808298
15653,0.013519937
15654,0.102887645
15655,0.0074999733
15656,0.103218436
15657,0.1640946
15658,0.42968965
15659,0.021015627
15660,0.055598587
15661,0.010466549
15662,0.014297789
15663,0.042496867
15664,0.05769802
15665,0.0032715094
15666,0.023842942
15667,0.011107527
15668,0.10616
15669,0.15857545
15670,0.10349008
15671,0.06517984
15672,0.07666917
15673,0.05517844
15674,0.014117527
15675,0.019063774
15676,0.08330406
15677,0.09518888
15678,0.05056416
15679,0.10667505
15680,0.035012636
15681,0.07884796
15682,0.03054304
15683,0.0024337913
15684,0.010719393
15685,0.016671505
15686,0.019646024
15687,0.0018377246
15688,0.083010234
15689,0.2983099
15690,0.24343777
15691,0.07760271
15692,0.053030472
15693,0.0062785945
15694,0.13995886
15695,0.07398282
15696,0.0025427877
15697,0.02197566
15698,0.034266964
15699,0.010178633
15700,0.23102494
15701,0.04168762
15702,0.04776243
15703,0.041291934
15704,0.10303123
15705,0.08820601
15706,0.20255096
15707,0.13046376
15708,0.14849098
15709,0.07088604
15710,0.060400177
15711,0.005786717
15712,0.080439046
15713,0.061828583
15714,0.0047690165
15715,0.16515961
15716,0.09305072
15717,0.44973713
15718,0.13046353
15719,0.17768648
15720,0.059091877
15721,0.017509311
15722,0.02576952
15723,0.13127476
15724,0.0015572887
15725,0.005940893
15726,0.04156824
15727,0.09593404
15728,0.06211997
15729,0.059682213
15730,0.067416795
15731,0.09133725
15732,0.1694997
15733,0.33745483
15734,0.07848105
15735,0.022133928
15736,0.08643999
15737,0.03626616
15738,0.057779998
15739,0.030303726
15740,0.10997679
15741,0.04117917
15742,0.10212158
15743,0.03666129
15744,0.110161304
15745,0.0051063867
15746,0.10528965
15747,0.059883785
15748,0.045794122
15749,0.19257578
15750,0.0013711393
15751,0.058770917
15752,0.044223677
15753,0.059726227
15754,0.0012955747
15755,0.004840357
15756,0.017206298
15757,0.060504466
15758,0.07699068
15759,0.15810707
15760,0.14776799
15761,0.19404864
15762,0.1257335
15763,0.17792405
15764,0.03271582
15765,0.10802768
15766,0.008156549
15767,0.07672691
15768,0.027348619
15769,0.15547508
15770,0.061143227
15771,0.03303299
15772,0.025924135
15773,0.0064205057
15774,0.011814913
15775,0.06957935
15776,0.048619717
15777,0.046089407
15778,0.044083107
15779,0.097668655
15780,0.043245487
15781,0.03323713
15782,0.099786475
15783,0.09410797
15784,0.1729343
15785,0.35681924
15786,0.1313467
15787,0.098997265
15788,0.04693837
15789,0.12021258
15790,0.09928863
15791,0.1160429
15792,0.045922704
15793,0.0070841922
15794,0.038748052
15795,0.27217785
15796,0.05768597
15797,0.10174056
15798,0.03037709
15799,0.0740869
15800,0.0022018007
15801,0.015664686
15802,0.0024108859
15803,0.053616308
15804,0.31266552
15805,0.054200716
15806,0.043664597
15807,0.1578732
15808,0.59703076
15809,0.06422366
15810,0.02081273
15811,0.16363426
15812,0.048109062
15813,0.22974023
15814,0.35103005
15815,0.09181866
15816,0.01368776
15817,0.0070093856
15818,0.09936587
15819,0.16457036
15820,0.05923473
15821,0.13202088
15822,0.124198295
15823,0.060730737
15824,0.010178635
15825,0.005675209
15826,0.016429631
15827,0.007520621
15828,0.0694297
15829,0.052677263
15830,0.013355842
15831,0.10175048
15832,0.1166382
15833,0.13640149
15834,0.05009827
15835,0.09570009
15836,0.15542106
15837,0.2230874
15838,0.19490507
15839,0.073617026
15840,0.07661514
15841,0.05323101
15842,0.09942495
15843,0.51287377
15844,0.058305927
15845,0.030327251
15846,0.26227093
15847,0.17314868
15848,0.007347584
15849,0.061991654
15850,0.23677906
15851,0.20033738
15852,0.008792301
15853,0.070444345
15854,0.06258778
15855,0.15234022
15856,0.15052679
15857,0.18135598
15858,0.1839842
15859,0.28683797
15860,0.14669815
15861,0.065874174
15862,0.096283555
15863,0.05915287
15864,0.29963115
15865,0.8664872
15866,0.09694193
15867,0.0026186868
15868,0.32982755
15869,0.030857738
15870,0.2604243
15871,0.011087944
15872,0.005040015
15873,0.049922712
15874,0.095326945
15875,0.011033566
15876,0.06671246
15877,0.0077237547
15878,0.3414987
15879,0.038910527
15880,0.12192221
15881,0.22138217
15882,0.112293184
15883,0.20878485
15884,0.27241126
15885,0.3106123
15886,0.012097076
15887,0.18483904
15888,0.11471651
15889,0.08878978
15890,0.6766857
15891,0.28615412
15892,0.339568
15893,0.003616097
15894,0.13133296
15895,0.09850148
15896,0.00249289
15897,0.00330453
15898,0.057560265
15899,0.0068918704
15900,0.004529002
15901,0.08770682
15902,0.09426335
15903,0.08918832
15904,0.06925076
15905,0.10628901
15906,0.1691115
15907,0.12580112
15908,0.0023482193
15909,0.107887566
15910,0.22534874
15911,0.009153409
15912,0.025284756
15913,0.9919961
15914,0.7754582
15915,0.69882363
15916,0.0064246533
15917,0.0049647926
15918,0.09252261
15919,0.3056119
15920,0.10115143
15921,0.07630728
15922,0.070454486
15923,0.07738028
15924,0.08443767
15925,0.008707113
15926,0.29650107
15927,0.0026740157
15928,0.049003355
15929,0.110568725
15930,0.071405485
15931,0.06012877
15932,0.04965192
15933,0.1968778
15934,0.10184437
15935,0.04567073
15936,0.10158227
15937,0.108999826
15938,0.08769927
15939,0.98999196
15940,0.81411827
15941,0.64909726
15942,0.031970304
15943,0.061239075
15944,0.022660663
15945,0.29176813
15946,0.06856342
15947,0.22928023
15948,0.056128025
15949,0.08357278
15950,0.0013233277
15951,0.12589853
15952,0.19713494
15953,0.14762324
15954,0.23471089
15955,0.33827576
15956,0.37569857
15957,0.21134679
15958,0.1749079
15959,0.0755522
15960,0.060579013
15961,0.10242107
15962,0.04088926
15963,0.040949963
15964,0.0028117057
15965,0.19470999
15966,0.14497374
15967,0.12571216
15968,0.11054359
15969,0.018557336
15970,0.9660657
15971,0.9882437
15972,0.99273956
15973,0.12994531
15974,0.062036674
15975,0.14314069
15976,0.212598
15977,0.006739157
15978,0.016220704
15979,0.029484594
15980,0.039025523
15981,0.106538
15982,0.02477628
15983,0.24001367
15984,0.94766235
15985,0.12915121
15986,0.09548226
15987,0.08149316
15988,0.14709362
15989,0.06886329
15990,0.17646334
15991,0.16862255
15992,0.06400837
15993,0.14938557
15994,0.082480356
15995,0.083190955
15996,0.054451127
15997,0.28054398
15998,0.31096706
15999,0.19969538
16000,0.13038075
16001,0.022617763
16002,0.088461325
16003,0.067154095
16004,0.20676431
16005,0.022616552
16006,0.01714015
16007,0.036686298
16008,0.011463933
16009,0.0250976
16010,0.047411256
16011,0.07525723
16012,0.20838003
16013,0.43700948
16014,0.21569726
16015,0.2292779
16016,0.11157237
16017,0.20320389
16018,0.16851719
16019,0.4912792
16020,0.053295635
16021,0.01116349
16022,0.045699246
16023,0.07288108
16024,0.15356617
16025,0.26078564
16026,0.07892428
16027,0.31968507
16028,0.26277664
16029,0.19490507
16030,0.9903817
16031,0.1271363
16032,0.0016311014
16033,0.16008183
16034,0.2246298
16035,0.041891098
16036,0.2034574
16037,0.10886653
16038,0.025837475
16039,0.024020642
16040,0.024159865
16041,0.13649581
16042,0.28855017
16043,0.2699642
16044,0.30937433
16045,0.2560991
16046,0.16395757
16047,0.13585614
16048,0.24315505
16049,0.13931414
16050,0.12413762
16051,0.06002441
16052,0.25418362
16053,0.27915832
16054,0.061199196
16055,0.031992182
16056,0.47184372
16057,0.35762697
16058,0.08053896
16059,0.12754175
16060,0.051306278
16061,0.0666589
16062,0.008853832
16063,0.0059884554
16064,0.005090165
16065,0.04348914
16066,0.07765054
16067,0.13112031
16068,0.08225201
16069,0.17566706
16070,0.30072966
16071,0.73882544
16072,0.3177423
16073,0.25890738
16074,0.41063946
16075,0.09644957
16076,0.024276756
16077,0.09225805
16078,0.049624484
16079,0.15299812
16080,0.1979538
16081,0.076009676
16082,0.0033479477
16083,0.07319399
16084,0.13693976
16085,0.0034474502
16086,0.0033106445
16087,0.10653488
16088,0.009636369
16089,0.04035101
16090,0.0139171425
16091,0.0087246215
16092,0.05418382
16093,0.050580353
16094,0.06612563
16095,0.060973115
16096,0.22619887
16097,0.18534002
16098,0.118138984
16099,0.50970703
16100,0.44417602
16101,0.3244838
16102,0.13108715
16103,0.070944965
16104,0.085473455
16105,0.044713218
16106,0.118215896
16107,0.99200934
16108,0.030007472
16109,0.04629591
16110,0.080195665
16111,0.04377046
16112,0.07852848
16113,0.0051701865
16114,0.0662569
16115,0.007500156
16116,0.068213776
16117,0.0045488444
16118,0.008979212
16119,0.04412092
16120,0.08761702
16121,0.108952835
16122,0.41466856
16123,0.28808218
16124,0.13398674
16125,0.936622
16126,0.370754
16127,0.31862813
16128,0.22073066
16129,0.010996181
16130,0.016378248
16131,0.004082456
16132,0.045731872
16133,0.02752513
16134,0.09193627
16135,0.38350126
16136,0.12408014
16137,0.25955242
16138,0.010328136
16139,0.06201006
16140,0.10301274
16141,0.14346436
16142,0.19578205
16143,0.08200118
16144,0.009380047
16145,0.067759305
16146,0.16767733
16147,0.7798281
16148,0.20482874
16149,0.40507373
16150,0.17001459
16151,0.24657877
16152,0.19934769
16153,0.10180049
16154,0.053511046
16155,0.009274284
16156,0.0136317015
16157,0.010642934
16158,0.06237217
16159,0.0027287502
16160,0.14206073
16161,0.1591346
16162,0.0502851
16163,0.25813466
16164,0.06789752
16165,0.008880982
16166,0.24875137
16167,0.0013206423
16168,0.037751433
16169,0.006152169
16170,0.16335312
16171,0.18947022
16172,0.029263144
16173,0.0050217533
16174,0.11160381
16175,0.19701102
16176,0.08262715
16177,0.10378148
16178,0.024928639
16179,0.104876794
16180,0.08939238
16181,0.020556837
16182,0.10917518
16183,0.10279957
16184,0.039508484
16185,0.0526766
16186,0.007684463
16187,0.06933458
16188,0.007863884
16189,0.007018341
16190,0.115904346
16191,0.05007999
16192,0.01916832
16193,0.21888256
16194,0.028714469
16195,0.040167734
16196,0.00760701
16197,0.015478194
16198,0.16630118
16199,0.29827717
16200,0.4439164
16201,0.12674972
16202,0.038651355
16203,0.015238503
16204,0.039936803
16205,0.097014986
16206,0.10499982
16207,0.0066475766
16208,0.026104499
16209,0.006518724
16210,0.010130381
16211,0.0047526746
16212,0.0067811953
16213,0.009488742
16214,0.08205984
16215,0.13404672
16216,0.28083697
16217,0.011710835
16218,0.011554794
16219,0.033696733
16220,0.10880085
16221,0.0996071
16222,0.32862255
16223,0.16741827
16224,0.018885765
16225,0.06739511
16226,0.008804641
16227,0.0018210728
16228,0.083493695
16229,0.11443212
16230,0.05288173
16231,0.035692103
16232,0.012225285
16233,0.29181555
16234,0.0019147459
16235,0.010531515
16236,0.12705107
16237,0.057912774
16238,0.058004964
16239,0.012511507
16240,0.02482065
16241,0.038550556
16242,0.30288365
16243,0.0049067466
16244,0.0083067
16245,0.02460957
16246,0.045589678
16247,0.09758636
16248,0.16204962
16249,0.058041114
16250,0.2354484
16251,0.11233491
16252,0.040913552
16253,0.009902568
16254,0.021402176
16255,0.060665786
16256,0.03448975
16257,0.21178332
16258,0.13292012
16259,0.03491614
16260,0.07204799
16261,0.051989198
16262,0.003071081
16263,0.33568147
16264,0.4651215
16265,0.09278164
16266,0.04975457
16267,0.012115637
16268,0.066163205
16269,0.06034436
16270,0.14936975
16271,0.08733084
16272,0.059336502
16273,0.8868683
16274,0.0112710195
16275,0.035154916
16276,0.008040112
16277,0.07332332
16278,0.056641728
16279,0.024921214
16280,0.15944266
16281,0.3809626
16282,0.040412713
16283,0.1473987
16284,0.027113011
16285,0.05274286
16286,0.08467524
16287,0.077514336
16288,0.0132335005
16289,0.09834741
16290,0.07706391
16291,0.01921377
16292,0.003381636
16293,0.013157296
16294,0.032852944
16295,0.0010130445
16296,0.0046687573
16297,0.104937956
16298,0.02063166
16299,0.053212278
16300,0.008937934
16301,0.0048859864
16302,0.047951862
16303,0.12493644
16304,0.0026306978
16305,0.682615
16306,0.0705989
16307,0.14170815
16308,0.01596151
16309,0.024184894
16310,0.05555408
16311,0.014771687
16312,0.25495368
16313,0.04144569
16314,0.008055426
16315,0.009776557
16316,0.025466826
16317,0.1059186
16318,0.0020996684
16319,0.12374016
16320,0.04145386
16321,0.013139913
16322,0.21824932
16323,0.011112628
16324,0.04161025
16325,0.007283413
16326,0.0033296407
16327,0.011681428
16328,0.0055105845
16329,0.00075376296
16330,0.025996039
16331,0.1271179
16332,0.078081876
16333,0.005881566
16334,0.008423255
16335,0.021481346
16336,0.18504448
16337,0.0763482
16338,0.07462022
16339,0.0758877
16340,0.011932346
16341,0.054665107
16342,0.07886982
16343,0.21048017
16344,0.16187164
16345,0.0018677715
16346,0.0026738518
16347,0.0022898533
16348,0.014968129
16349,0.013255167
16350,0.0074957972
16351,0.023082305
16352,0.0022003332
16353,0.0021420177
16354,0.020182814
16355,0.0054587894
16356,0.0021298176
16357,0.018944986
16358,0.07580626
16359,0.15122491
16360,0.004662861
16361,0.14985439
16362,0.006290923
16363,0.23995373
16364,0.00069500424
16365,0.007144671
16366,0.008937331
16367,0.0120684225
16368,0.019710809
16369,0.0013083718
16370,0.015066152
16371,0.0057239183
16372,0.0058668233
16373,0.006633916
16374,0.017086374
16375,0.020882279
16376,0.03235892
16377,0.052497335
16378,0.0011715834
16379,0.005556822
16380,0.010707704
16381,0.0043889447
16382,0.1212851
16383,0.009231595
16384,0.0150845
16385,0.0041624205
16386,0.0012286238
16387,0.08691473
16388,0.0067763776
16389,0.21423805
16390,0.09047199
16391,0.03942104
16392,0.043351173
16393,0.0066762925
16394,0.06402075
16395,0.017025644
16396,0.005051219
16397,0.07482848
16398,0.010852443
16399,0.07539842
16400,0.0051447065
16401,0.1423659
16402,0.0133199515
16403,0.02811877
16404,0.033845782
16405,0.002330245
16406,0.003845275
16407,0.0013726025
16408,0.0014772678
16409,0.006093701
16410,0.0054316646
16411,0.019805819
16412,0.034762785
16413,0.05956188
16414,0.006709706
16415,0.17850837
16416,0.013196053
16417,0.030279946
16418,0.012132316
16419,0.008380599
16420,0.05061374
16421,0.02209721
16422,0.039450817
16423,0.051331364
16424,0.05142293
16425,0.008252634
16426,0.033088844
16427,0.112807095
16428,0.23540433
16429,0.08242182
16430,0.0085102245
16431,0.048772477
16432,0.020716518
16433,0.055394936
16434,0.048938714
16435,0.0033987504
16436,0.02818166
16437,0.01355805
16438,0.042571124
16439,0.008588137
16440,0.04203972
16441,0.11227907
16442,0.024997717
16443,0.09824124
16444,0.06345792
16445,0.19366571
16446,0.1203359
16447,0.014865065
16448,0.01094199
16449,0.23542745
16450,0.10103035
16451,0.31920055
16452,0.2682423
16453,0.1325312
16454,0.007363169
16455,0.012646278
16456,0.08012958
16457,0.008717945
16458,0.38500243
16459,0.003761451
16460,0.18800882
16461,0.039516184
16462,0.6285995
16463,0.18048133
16464,0.12095386
16465,0.12191166
16466,0.086386696
16467,0.010091838
16468,0.05391985
16469,0.15896463
16470,0.1869381
16471,0.4302725
16472,0.39256176
16473,0.015431027
16474,0.12600999
16475,0.10712536
16476,0.00815809
16477,0.024421725
16478,0.06890081
16479,0.083525226
16480,0.0065421103
16481,0.04925994
16482,0.37781078
16483,0.1860101
16484,0.13131887
16485,0.49026394
16486,0.08951418
16487,0.044898372
16488,0.36896965
16489,0.030151892
16490,0.65772307
16491,0.07794051
16492,0.08383457
16493,0.023144891
16494,0.059480708
16495,0.11880098
16496,0.10417686
16497,0.10197314
16498,0.022130169
16499,0.02853179
16500,0.06976197
16501,0.27545816
16502,0.0640365
16503,0.031182673
16504,0.09362998
16505,0.059152387
16506,0.13587935
16507,0.09224465
16508,0.14545092
16509,0.03407908
16510,0.2173954
16511,0.21404743
16512,0.0026966047
16513,0.06208673
16514,0.049425993
16515,0.041740216
16516,0.3839419
16517,0.23761883
16518,0.0832759
16519,0.26881084
16520,0.3601605
16521,0.110359475
16522,0.041809417
16523,0.013078304
16524,0.03895436
16525,0.0014932405
16526,0.06953634
16527,0.0067999177
16528,0.004680085
16529,0.0051914444
16530,0.09925209
16531,0.10122869
16532,0.25992176
16533,0.33161068
16534,0.011012716
16535,0.049098592
16536,0.06969372
16537,0.006538677
16538,0.0076091113
16539,0.20534737
16540,0.084229074
16541,0.046557873
16542,0.0062604113
16543,0.07189706
16544,0.010423266
16545,0.09079702
16546,0.41441384
16547,0.07412372
16548,0.014418657
16549,0.052654862
16550,0.011534503
16551,0.0108163785
16552,0.014075545
16553,0.13310377
16554,0.15703854
16555,0.11356743
16556,0.08267923
16557,0.08694909
16558,0.0068039126
16559,0.035140265
16560,0.033006188
16561,0.026030893
16562,0.076804854
16563,0.034479465
16564,0.08841407
16565,0.0042944746
16566,0.06427328
16567,0.024092983
16568,0.013507764
16569,0.04321621
16570,0.040778954
16571,0.035762668
16572,0.0022502001
16573,0.013934079
16574,0.020678788
16575,0.24111488
16576,0.20009068
16577,0.04690208
16578,0.0124465
16579,0.004195352
16580,0.15366891
16581,0.029373635
16582,0.007195124
16583,0.065498866
16584,0.036139645
16585,0.1904951
16586,0.04189679
16587,0.04382718
16588,0.012027209
16589,0.11263857
16590,0.036463186
16591,0.18143614
16592,0.1495466
16593,0.16660932
16594,0.094400495
16595,0.06085366
16596,0.044018958
16597,0.060171597
16598,0.051807873
16599,0.103414275
16600,0.038756642
16601,0.4321186
16602,0.10504681
16603,0.051671546
16604,0.10714267
16605,0.058857225
16606,0.08839585
16607,0.012573667
16608,0.0058341115
16609,0.008719791
16610,0.15180877
16611,0.02860998
16612,0.001977835
16613,0.018147234
16614,0.12491624
16615,0.036314167
16616,0.047944337
16617,0.055826962
16618,0.123537734
16619,0.17807108
16620,0.30356306
16621,0.059475087
16622,0.04688098
16623,0.10260807
16624,0.04038646
16625,0.08333608
16626,0.016009782
16627,0.0067709247
16628,0.101024315
16629,0.09101595
16630,0.113736235
16631,0.045352254
16632,0.12910037
16633,0.002275585
16634,0.06492728
16635,0.080479085
16636,0.1752818
16637,0.00161861
16638,0.038136136
16639,0.0740719
16640,0.08379301
16641,0.001431026
16642,0.008179037
16643,0.0058527403
16644,0.09530849
16645,0.06745525
16646,0.15534727
16647,0.13920608
16648,0.22004724
16649,0.1318647
16650,0.22546223
16651,0.037718277
16652,0.09757525
16653,0.07014653
16654,0.0073489123
16655,0.027914995
16656,0.10254067
16657,0.035300694
16658,0.013869382
16659,0.06872021
16660,0.043441452
16661,0.07144474
16662,0.12068313
16663,0.0036500476
16664,0.08736392
16665,0.009972301
16666,0.0069492357
16667,0.108211115
16668,0.043918982
16669,0.044138618
16670,0.14865978
16671,0.06632388
16672,0.15178803
16673,0.3412611
16674,0.09016918
16675,0.13630995
16676,0.05534889
16677,0.13762717
16678,0.08759649
16679,0.102932096
16680,0.052271504
16681,0.019755166
16682,0.32020688
16683,0.0994045
16684,0.10367086
16685,0.07165262
16686,0.1067224
16687,0.0019303809
16688,0.010151541
16689,0.012174917
16690,0.02081826
16691,0.04167543
16692,0.34412593
16693,0.031308584
16694,0.05816514
16695,0.12823544
16696,0.5312115
16697,0.059321433
16698,0.0039817123
16699,0.19055529
16700,0.065977134
16701,0.27442262
16702,0.26488975
16703,0.09809142
16704,0.018736944
16705,0.018654479
16706,0.0032026016
16707,0.08909035
16708,0.15830153
16709,0.025101537
16710,0.20239596
16711,0.06797007
16712,0.06254273
16713,0.005131147
16714,0.012839829
16715,0.019643968
16716,0.06748955
16717,0.06719641
16718,0.0035913293
16719,0.122725025
16720,0.10957577
16721,0.18905267
16722,0.096292295
16723,0.06441273
16724,0.1746376
16725,0.20075174
16726,0.1506488
16727,0.0735243
16728,0.10067167
16729,0.008134646
16730,0.06561092
16731,0.48336372
16732,0.056724437
16733,0.055996858
16734,0.25814846
16735,0.17954114
16736,0.0076912185
16737,0.009638531
16738,0.005932213
16739,0.059907757
16740,0.037166554
16741,0.22775307
16742,0.20957784
16743,0.008288165
16744,0.06851525
16745,0.050853074
16746,0.17824344
16747,0.14361796
16748,0.15887505
16749,0.22219786
16750,0.24323721
16751,0.1446714
16752,0.07859776
16753,0.12874834
16754,0.03752536
16755,0.26922765
16756,0.8633968
16757,0.10223651
16758,0.028458098
16759,0.34853262
16760,0.06883645
16761,0.19446924
16762,0.05511541
16763,0.07546118
16764,0.0015096336
16765,0.04918679
16766,0.0071204333
16767,0.32231927
16768,0.010290824
16769,0.076349124
16770,0.2172724
16771,0.12828448
16772,0.26351544
16773,0.34301984
16774,0.26008305
16775,0.008045696
16776,0.17625839
16777,0.09848459
16778,0.11491372
16779,0.8213234
16780,0.29274338
16781,0.3855458
16782,0.05010689
16783,0.18106717
16784,0.07396965
16785,0.043080736
16786,0.007880986
16787,0.07484492
16788,0.0015283736
16789,0.0068304436
16790,0.029655974
16791,0.026995758
16792,0.079633154
16793,0.094381005
16794,0.1326299
16795,0.13052551
16796,0.16223143
16797,0.12873685
16798,0.14574797
16799,0.22383776
16800,0.009405471
16801,0.045636725
16802,0.99172723
16803,0.84867114
16804,0.59867394
16805,0.013760252
16806,0.009045793
16807,0.13315353
16808,0.36183363
16809,0.08078305
16810,0.008935669
16811,0.048962057
16812,0.0053738034
16813,0.07218857
16814,0.07246937
16815,0.06293551
16816,0.008568318
16817,0.31718844
16818,0.010038773
16819,0.044425353
16820,0.13582703
16821,0.06282107
16822,0.098526075
16823,0.07551841
16824,0.20590751
16825,0.13679226
16826,0.02809084
16827,0.11208179
16828,0.16004097
16829,0.17316315
16830,0.99134815
16831,0.8579993
16832,0.6761268
16833,0.011510168
16834,0.04018043
16835,0.021920573
16836,0.32804155
16837,0.09662972
16838,0.28852326
16839,0.026940858
16840,0.0842924
16841,0.006937716
16842,0.17247002
16843,0.15106906
16844,0.15713815
16845,0.23977351
16846,0.3201045
16847,0.4115509
16848,0.20977525
16849,0.15499958
16850,0.11647066
16851,0.07627815
16852,0.13956764
16853,0.01600374
16854,0.036148556
16855,0.01676226
16856,0.16193494
16857,0.112966
16858,0.118012235
16859,0.15164621
16860,0.020456463
16861,0.9164435
16862,0.9875552
16863,0.99269325
16864,0.16998684
16865,0.05617585
16866,0.17510808
16867,0.22491834
16868,0.003456474
16869,0.025545204
16870,0.0134404795
16871,0.031735245
16872,0.10084665
16873,0.040709198
16874,0.30050367
16875,0.97971886
16876,0.10495554
16877,0.111235596
16878,0.077410504
16879,0.18657967
16880,0.06328493
16881,0.13831884
16882,0.16375488
16883,0.059956126
16884,0.12752238
16885,0.11139804
16886,0.09083166
16887,0.05528965
16888,0.0044329884
16889,0.27292266
16890,0.30650958
16891,0.21666536
16892,0.14456972
16893,0.0055303276
16894,0.068587616
16895,0.05865537
16896,0.21024267
16897,0.018363554
16898,0.015119982
16899,0.064738885
16900,0.01439966
16901,0.008285569
16902,0.025503654
16903,0.083699286
16904,0.19907703
16905,0.4508478
16906,0.20596603
16907,0.17889364
16908,0.10299138
16909,0.15713432
16910,0.2206692
16911,0.50634515
16912,0.007870864
16913,0.03394408
16914,0.02485137
16915,0.08229853
16916,0.24033399
16917,0.14953682
16918,0.37384278
16919,0.25523296
16920,0.19353272
16921,0.9903115
16922,0.15624575
16923,0.0014880348
16924,0.15163425
16925,0.21619682
16926,0.010761851
16927,0.05189144
16928,0.16765232
16929,0.1056077
16930,0.033139538
16931,0.05216967
16932,0.044501387
16933,0.13734627
16934,0.265208
16935,0.28532267
16936,0.2812985
16937,0.2558152
16938,0.14008793
16939,0.12376531
16940,0.21219933
16941,0.00626231
16942,0.16559008
16943,0.04353978
16944,0.08690342
16945,0.2928768
16946,0.25956613
16947,0.09913929
16948,0.03217162
16949,0.46132827
16950,0.31609488
16951,0.070365906
16952,0.1219414
16953,0.06805377
16954,0.08009925
16955,0.0021296884
16956,0.014623715
16957,0.064559236
16958,0.115694486
16959,0.106136225
16960,0.1682017
16961,0.307163
16962,0.6828483
16963,0.2923928
16964,0.18381889
16965,0.38397688
16966,0.06674085
16967,0.101502284
16968,0.11049744
16969,0.15426366
16970,0.17184123
16971,0.055390544
16972,0.021705966
16973,0.097535096
16974,0.110253
16975,0.003988467
16976,0.020184135
16977,0.087603934
16978,0.008504683
16979,0.05261023
16980,0.0143690435
16981,0.0030993526
16982,0.05103591
16983,0.05815854
16984,0.07429387
16985,0.04457485
16986,0.20914344
16987,0.1891543
16988,0.09147996
16989,0.54818904
16990,0.45896095
16991,0.2889393
16992,0.12649949
16993,0.08419449
16994,0.060484946
16995,0.053082723
16996,0.061884433
16997,0.012009955
16998,0.007924901
16999,0.04472857
17000,0.9920486
17001,0.031351686
17002,0.016396452
17003,0.052246936
17004,0.07481738
17005,0.098933816
17006,0.009638259
17007,0.07387781
17008,0.011927225
17009,0.014704642
17010,0.0010891568
17011,0.010932431
17012,0.042302787
17013,0.1090042
17014,0.09309967
17015,0.42246062
17016,0.26117083
17017,0.1737839
17018,0.915805
17019,0.30626774
17020,0.31758487
17021,0.19833212
17022,0.03808292
17023,0.04516676
17024,0.00676866
17025,0.058173846
17026,0.02785725
17027,0.06768493
17028,0.09472426
17029,0.37426987
17030,0.12601545
17031,0.22748747
17032,0.0045321146
17033,0.05241518
17034,0.11465056
17035,0.10397732
17036,0.1457732
17037,0.04003849
17038,0.027619774
17039,0.036215954
17040,0.04110401
17041,0.1602141
17042,0.8558113
17043,0.24012963
17044,0.43737197
17045,0.22050822
17046,0.19457802
17047,0.19268367
17048,0.13200437
17049,0.006097445
17050,0.009011732
17051,0.0073466166
17052,0.043054406
17053,0.12648608
17054,0.14985557
17055,0.0393266
17056,0.22974773
17057,0.06608672
17058,0.008916618
17059,0.28768808
17060,0.046206407
17061,0.010232882
17062,0.16890231
17063,0.1771811
17064,0.023693606
17065,0.0051224167
17066,0.13478464
17067,0.1677571
17068,0.100688145
17069,0.13335693
17070,0.010302305
17071,0.10515223
17072,0.08874109
17073,0.050597697
17074,0.06811704
17075,0.1516825
17076,0.042043462
17077,0.008118981
17078,0.095692284
17079,0.007275642
17080,0.12917133
17081,0.009314376
17082,0.12130104
17083,0.04913551
17084,0.02848214
17085,0.0034754158
17086,0.06368022
17087,0.17657669
17088,0.31665885
17089,0.44444817
17090,0.13549194
17091,0.017730286
17092,0.022840584
17093,0.004770387
17094,0.1279144
17095,0.18088536
17096,0.028854573
17097,0.023676783
17098,0.0011527326
17099,0.04630964
17100,0.0010677803
17101,0.0028091068
17102,0.08611519
17103,0.09179565
17104,0.31258112
17105,0.009651684
17106,0.0065531405
17107,0.028381482
17108,0.0653853
17109,0.09580201
17110,0.31122705
17111,0.15397877
17112,0.020139813
17113,0.15551685
17114,0.022760918
17115,0.048112586
17116,0.14744751
17117,0.011123553
17118,0.055935957
17119,0.2534155
17120,0.0109283505
17121,0.0113182645
17122,0.00263838
17123,0.123327315
17124,0.05970501
17125,0.049157083
17126,0.008533926
17127,0.06266622
17128,0.02513131
17129,0.22717194
17130,0.01174319
17131,0.049497627
17132,0.0645053
17133,0.013370712
17134,0.08225594
17135,0.19097488
17136,0.05877762
17137,0.21709311
17138,0.1291843
17139,0.05053696
17140,0.011093624
17141,0.023188487
17142,0.06477635
17143,0.005021476
17144,0.23639259
17145,0.1338459
17146,0.011952522
17147,0.07130832
17148,0.025687188
17149,0.011356552
17150,0.30656904
17151,0.47940287
17152,0.121762656
17153,0.031267855
17154,0.01084031
17155,0.0585752
17156,0.124030806
17157,0.06153453
17158,0.08690908
17159,0.08730524
17160,0.7754164
17161,0.011683595
17162,0.015214564
17163,0.04854546
17164,0.052547257
17165,0.017875183
17166,0.055953454
17167,0.11455816
17168,0.3914092
17169,0.067970954
17170,0.16401777
17171,0.004360066
17172,0.0117126545
17173,0.05471601
17174,0.0920035
17175,0.030960625
17176,0.010405125
17177,0.103400454
17178,0.06424978
17179,0.042126376
17180,0.002330436
17181,0.06177237
17182,0.008729145
17183,0.012027001
17184,0.10552968
17185,0.0044427915
17186,0.064814724
17187,0.005799213
17188,0.008284306
17189,0.054127634
17190,0.10004642
17191,0.017321
17192,0.010116845
17193,0.8146906
17194,0.021592159
17195,0.08849595
17196,0.030286884
17197,0.044436403
17198,0.08558963
17199,0.060231604
17200,0.020839516
17201,0.025502557
17202,0.27865443
17203,0.06497354
17204,0.0054616034
17205,0.0051774457
17206,0.0066790045
17207,0.007878612
17208,0.010148373
17209,0.008134956
17210,0.11953585
17211,0.018954344
17212,0.008076912
17213,0.1606543
17214,0.006701724
17215,0.015976802
17216,0.005773963
17217,0.25225133
17218,0.020142272
17219,0.0063210977
17220,0.00440907
17221,0.028482342
17222,0.0047874404
17223,0.016954176
17224,0.13363345
17225,0.074007474
17226,0.0062565827
17227,0.03630212
17228,0.04888902
17229,0.10765137
17230,0.11872301
17231,0.054414548
17232,0.015852759
17233,0.025754958
17234,0.0074140728
17235,0.0011302117
17236,0.09356932
17237,0.20980644
17238,0.13931862
17239,0.00452141
17240,0.0008191864
17241,0.025401961
17242,0.0034530193
17243,0.018987566
17244,0.0019658506
17245,0.0058049867
17246,0.019789318
17247,0.018834874
17248,0.04723371
17249,0.0058955867
17250,0.037855115
17251,0.048336286
17252,0.030749356
17253,0.14044665
17254,0.005006428
17255,0.12693694
17256,0.0052794386
17257,0.24346118
17258,0.0064555346
17259,0.017641205
17260,0.00068728335
17261,0.001682776
17262,0.003430708
17263,0.008790927
17264,0.0287283
17265,0.011444573
17266,0.008905408
17267,0.0067842305
17268,0.038705148
17269,0.020024586
17270,0.0022552093
17271,0.0645944
17272,0.010125788
17273,0.0010215926
17274,0.0039684055
17275,0.1380223
17276,0.016982853
17277,0.02142872
17278,0.004160221
17279,0.0040510884
17280,0.034921713
17281,0.08126752
17282,0.097814746
17283,0.00667912
17284,0.21242318
17285,0.05718599
17286,0.05334114
17287,0.07509227
17288,0.006326689
17289,0.094905816
17290,0.024553144
17291,0.0007609717
17292,0.0022081474
17293,0.13543783
17294,0.07723753
17295,0.0049343943
17296,0.14113955
17297,0.0094027845
17298,0.003111665
17299,0.073819555
17300,0.014338052
17301,0.012972717
17302,0.0025178432
17303,0.0055917357
17304,0.0010766966
17305,0.048696153
17306,0.034804985
17307,0.06855129
17308,0.06913048
17309,0.0054877535
17310,0.19359979
17311,0.02043412
17312,0.056866866
17313,0.006297649
17314,0.00308655
17315,0.0041053565
17316,0.04419203
17317,0.03163569
17318,0.022257298
17319,0.011451529
17320,0.04201525
17321,0.051048435
17322,0.01487111
17323,0.020950887
17324,0.11679982
17325,0.22137015
17326,0.064856514
17327,0.011209227
17328,0.03582991
17329,0.017289663
17330,0.04877341
17331,0.10861013
17332,0.041216835
17333,0.011697272
17334,0.06978139
17335,0.037605286
17336,0.015368226
17337,0.2079267
17338,0.10284369
17339,0.04637218
17340,0.18455459
17341,0.13929823
17342,0.011513677
17343,0.012520531
17344,0.015769046
17345,0.25285712
17346,0.078664854
17347,0.2749941
17348,0.21391615
17349,0.08809735
17350,0.015297575
17351,0.012220679
17352,0.010765029
17353,0.0027491841
17354,0.008568063
17355,0.19329557
17356,0.034024063
17357,0.6095975
17358,0.21718459
17359,0.04794551
17360,0.14626758
17361,0.048318338
17362,0.1239313
17363,0.11712991
17364,0.007937716
17365,0.03984459
17366,0.14183466
17367,0.1833282
17368,0.42423993
17369,0.3879568
17370,0.20213857
17371,0.22411065
17372,0.036640838
17373,0.030306209
17374,0.06672478
17375,0.008333387
17376,0.019154863
17377,0.00987689
17378,0.3112914
17379,0.16787007
17380,0.15892044
17381,0.39149237
17382,0.057524968
17383,0.0028108642
17384,0.3757596
17385,0.06252169
17386,0.56489354
17387,0.10452886
17388,0.116959274
17389,0.0070009343
17390,0.07035022
17391,0.01720727
17392,0.11777167
17393,0.101470314
17394,0.10345354
17395,0.006845802
17396,0.003330756
17397,0.066008106
17398,0.34380665
17399,0.086726636
17400,0.08236253
17401,0.03834267
17402,0.059578598
17403,0.13597086
17404,0.08964138
17405,0.026289616
17406,0.0061961315
17407,0.14487442
17408,0.024000105
17409,0.011240581
17410,0.20781355
17411,0.14727703
17412,0.056455772
17413,0.04900429
17414,0.008557847
17415,0.021422362
17416,0.0026473503
17417,0.41898924
17418,0.22493926
17419,0.15497053
17420,0.31700078
17421,0.38891965
17422,0.007224992
17423,0.12173121
17424,0.037410866
17425,0.0045999386
17426,0.011356541
17427,0.007485633
17428,0.006684386
17429,0.02921946
17430,0.0054688766
17431,0.10420772
17432,0.11259558
17433,0.1175458
17434,0.16696146
17435,0.24227667
17436,0.2722519
17437,0.011793391
17438,0.045636732
17439,0.05593093
17440,0.031922497
17441,0.0045023737
17442,0.022234365
17443,0.0093044955
17444,0.22273917
17445,0.05550856
17446,0.0011611294
17447,0.11577165
17448,0.1100289
17449,0.18411672
17450,0.3492275
17451,0.048356682
17452,0.040985815
17453,0.014342658
17454,0.05045394
17455,0.07944449
17456,0.0017165411
17457,0.09913723
17458,0.0059077935
17459,0.20277238
17460,0.18920699
17461,0.106176235
17462,0.088494904
17463,0.06339829
17464,0.0008923928
17465,0.010564538
17466,0.01327874
17467,0.045792073
17468,0.09765353
17469,0.052397322
17470,0.103367604
17471,0.0015652854
17472,0.05098222
17473,0.042404745
17474,0.018005542
17475,0.00323951
17476,0.05495138
17477,0.018533014
17478,0.025193159
17479,0.013394038
17480,0.059792947
17481,0.24143676
17482,0.21434125
17483,0.060056884
17484,0.015495667
17485,0.0030137277
17486,0.13636917
17487,0.07012596
17488,0.01326143
17489,0.06734041
17490,0.00804396
17491,0.031012502
17492,0.19948868
17493,0.03259056
17494,0.05650425
17495,0.049672585
17496,0.061255924
17497,0.05048629
17498,0.17366688
17499,0.12046254
17500,0.17942572
17501,0.088914886
17502,0.02796776
17503,0.03373642
17504,0.06971717
17505,0.07231538
17506,0.009054495
17507,0.10312052
17508,0.0573937
17509,0.4476182
17510,0.10476484
17511,0.08399748
17512,0.11134134
17513,0.058003
17514,0.09058245
17515,0.009805612
17516,0.1520184
17517,0.0032136054
17518,0.0076347813
17519,0.0820605
17520,0.05932066
17521,0.03653861
17522,0.051526736
17523,0.1254104
17524,0.20043054
17525,0.30283028
17526,0.07705379
17527,0.010621825
17528,0.106939435
17529,0.04161926
17530,0.065764286
17531,0.06198144
17532,0.047577985
17533,0.1303211
17534,0.0018772365
17535,0.13489792
17536,0.013378863
17537,0.07948285
17538,0.09168953
17539,0.012059027
17540,0.16533192
17541,0.0042732013
17542,0.062464915
17543,0.0841014
17544,0.052393585
17545,0.021599023
17546,0.025112474
17547,0.033305734
17548,0.065793894
17549,0.06122645
17550,0.14496379
17551,0.13636789
17552,0.20700967
17553,0.17777385
17554,0.21762338
17555,0.008021768
17556,0.13442591
17557,0.10308683
17558,0.02435725
17559,0.10150981
17560,0.08077259
17561,0.014697745
17562,0.020823732
17563,0.050263096
17564,0.05520442
17565,0.017396599
17566,0.12700291
17567,0.0016976226
17568,0.043450695
17569,0.0170876
17570,0.13050836
17571,0.016382668
17572,0.06160404
17573,0.11501505
17574,0.060711034
17575,0.16557935
17576,0.3015697
17577,0.076963745
17578,0.13156636
17579,0.05681322
17580,0.12876895
17581,0.08561107
17582,0.107381225
17583,0.052830517
17584,0.00567945
17585,0.0061233463
17586,0.3075335
17587,0.06769944
17588,0.13926242
17589,0.09861283
17590,0.08808714
17591,0.038037278
17592,0.022205437
17593,0.043885373
17594,0.035446696
17595,0.3671952
17596,0.046470158
17597,0.10121602
17598,0.13967945
17599,0.57933134
17600,0.08726229
17601,0.00636107
17602,0.19435027
17603,0.09290047
17604,0.251111
17605,0.27131572
17606,0.0785874
17607,0.07546508
17608,0.046227157
17609,0.11262605
17610,0.15106177
17611,0.051215857
17612,0.17214742
17613,0.0570126
17614,0.1036245
17615,0.010416621
17616,0.03543722
17617,0.017412184
17618,0.058314074
17619,0.069528
17620,0.010603143
17621,0.1101316
17622,0.09072931
17623,0.16734567
17624,0.0619514
17625,0.052096635
17626,0.1577467
17627,0.19562264
17628,0.14678894
17629,0.067941524
17630,0.094518445
17631,0.026213413
17632,0.026343787
17633,0.06262387
17634,0.4590013
17635,0.0633861
17636,0.33166686
17637,0.21247074
17638,0.009588047
17639,0.0014700482
17640,0.0075538964
17641,0.09133174
17642,0.027632046
17643,0.19964859
17644,0.20927782
17645,0.051728696
17646,0.03378547
17647,0.10490124
17648,0.1293633
17649,0.16337968
17650,0.18389651
17651,0.27527753
17652,0.14789239
17653,0.06340994
17654,0.037229504
17655,0.03553786
17656,0.27753347
17657,0.8049344
17658,0.06048868
17659,0.34351635
17660,0.06251006
17661,0.24663958
17662,0.0021130214
17663,0.052724738
17664,0.07471289
17665,0.0108548
17666,0.06302117
17667,0.0064885067
17668,0.34109655
17669,0.042720884
17670,0.101908244
17671,0.21216759
17672,0.119269945
17673,0.2216382
17674,0.3126406
17675,0.27072424
17676,0.1476907
17677,0.11011945
17678,0.14424619
17679,0.8346753
17680,0.31973404
17681,0.43902272
17682,0.002119511
17683,0.14031993
17684,0.0778325
17685,0.008223731
17686,0.0012142344
17687,0.0048790677
17688,0.07543578
17689,0.006542244
17690,0.017593011
17691,0.076667726
17692,0.083580405
17693,0.13739517
17694,0.12391484
17695,0.10242617
17696,0.1784701
17697,0.16464403
17698,0.12337099
17699,0.23370346
17700,0.03368909
17701,0.060822885
17702,0.99135554
17703,0.8526821
17704,0.65901434
17705,0.0057032444
17706,0.012396945
17707,0.010039593
17708,0.12634182
17709,0.37128192
17710,0.071271226
17711,0.010790342
17712,0.058689505
17713,0.0009815653
17714,0.067075826
17715,0.10029777
17716,0.066481434
17717,0.0012392837
17718,0.29808003
17719,0.0058210804
17720,0.036661513
17721,0.15723816
17722,0.12043141
17723,0.08543087
17724,0.023402937
17725,0.20616642
17726,0.118866846
17727,0.015274364
17728,0.12931007
17729,0.1463347
17730,0.12195895
17731,0.99168146
17732,0.8433913
17733,0.6393172
17734,0.00928511
17735,0.008729143
17736,0.0020797239
17737,0.27642626
17738,0.09093579
17739,0.2612095
17740,0.06688223
17741,0.01630155
17742,0.15327375
17743,0.13073547
17744,0.17302127
17745,0.23199554
17746,0.37173435
17747,0.41249076
17748,0.17831442
17749,0.15198365
17750,0.100190304
17751,0.058304407
17752,0.10707543
17753,0.075162694
17754,0.057534765
17755,0.17209235
17756,0.16174105
17757,0.080663204
17758,0.13371615
17759,0.0018793384
17760,0.8666549
17761,0.9872816
17762,0.9921007
17763,0.19875155
17764,0.08025657
17765,0.124844216
17766,0.21755585
17767,0.040464003
17768,0.041057307
17769,0.019495316
17770,0.11150092
17771,0.046525847
17772,0.23348191
17773,0.9901511
17774,0.09365107
17775,0.0865343
17776,0.11532096
17777,0.17726946
17778,0.062025487
17779,0.1735357
17780,0.11563101
17781,0.05565247
17782,0.12241061
17783,0.092504084
17784,0.13260867
17785,0.014544157
17786,0.006130228
17787,0.27801245
17788,0.30683064
17789,0.18714397
17790,0.10914254
17791,0.07259907
17792,0.056673817
17793,0.22564831
17794,0.0030461492
17795,0.0046821013
17796,0.024927061
17797,0.055769764
17798,0.015227923
17799,0.060512323
17800,0.07230328
17801,0.22758374
17802,0.43673468
17803,0.21383123
17804,0.2117455
17805,0.11859165
17806,0.18234281
17807,0.1950815
17808,0.4719727
17809,0.0033925876
17810,0.016255554
17811,0.060388576
17812,0.007084018
17813,0.09049548
17814,0.20506647
17815,0.14111367
17816,0.45062065
17817,0.30846208
17818,0.18750644
17819,0.989818
17820,0.11279347
17821,0.043322295
17822,0.16331953
17823,0.25754708
17824,0.021133844
17825,0.10670105
17826,0.18262382
17827,0.11337845
17828,0.015244417
17829,0.049152233
17830,0.011992675
17831,0.18396553
17832,0.28321898
17833,0.31261915
17834,0.32263082
17835,0.24949436
17836,0.16041379
17837,0.1569533
17838,0.19964468
17839,0.0019492276
17840,0.14826259
17841,0.09953036
17842,0.10491798
17843,0.35286802
17844,0.28636727
17845,0.12071953
17846,0.030814812
17847,0.471874
17848,0.32479852
17849,0.05508552
17850,0.1349188
17851,0.07031511
17852,0.05918763
17853,0.008504056
17854,0.007168159
17855,0.05352085
17856,0.18102029
17857,0.13512322
17858,0.15579452
17859,0.2832302
17860,0.6816262
17861,0.33961338
17862,0.2533662
17863,0.3466834
17864,0.1129666
17865,0.08411886
17866,0.0712433
17867,0.11629726
17868,0.17560203
17869,0.09629004
17870,0.015421483
17871,0.15212154
17872,0.10863985
17873,0.014778644
17874,0.008355986
17875,0.08081047
17876,0.047597155
17877,0.0017470246
17878,0.01696386
17879,0.02212013
17880,0.042287044
17881,0.023493411
17882,0.07910514
17883,0.076373294
17884,0.2150012
17885,0.2207135
17886,0.088197686
17887,0.5653001
17888,0.52422917
17889,0.28153113
17890,0.122893766
17891,0.0725651
17892,0.03720857
17893,0.0377717
17894,0.052535754
17895,0.00215463
17896,0.007810276
17897,0.036956463
17898,0.9921175
17899,0.027630959
17900,0.0087749455
17901,0.11088417
17902,0.099494085
17903,0.09318672
17904,0.0028342933
17905,0.080461994
17906,0.011983102
17907,0.016903987
17908,0.014102435
17909,0.0066951155
17910,0.036216576
17911,0.09924724
17912,0.13283847
17913,0.48178416
17914,0.27660978
17915,0.16029108
17916,0.8886544
17917,0.30889186
17918,0.30858102
17919,0.17975737
17920,0.036229365
17921,0.03710298
17922,0.02658112
17923,0.058853973
17924,0.046349548
17925,0.046579335
17926,0.114820704
17927,0.3647953
17928,0.09147134
17929,0.25860524
17930,0.025692007
17931,0.071913704
17932,0.0967046
17933,0.109971225
17934,0.110850476
17935,0.015294379
17936,0.004642418
17937,0.055404603
17938,0.15889105
17939,0.82139033
17940,0.22661614
17941,0.4567942
17942,0.23919323
17943,0.21772417
17944,0.20764449
17945,0.11197182
17946,0.07591665
17947,0.005893002
17948,0.010154374
17949,0.0041893264
17950,0.01359016
17951,0.097084
17952,0.09983243
17953,0.060943462
17954,0.15920858
17955,0.0143362405
17956,0.053012192
17957,0.006455146
17958,0.27358425
17959,0.028245557
17960,0.009178685
17961,0.0014870486
17962,0.15232696
17963,0.17126535
17964,0.049340613
17965,0.0052920957
17966,0.15682474
17967,0.1507056
17968,0.09608875
17969,0.102191105
17970,0.046638623
17971,0.13286029
17972,0.06980735
17973,0.049588755
17974,0.09254263
17975,0.13776961
17976,0.036517523
17977,0.0026816612
17978,0.06626926
17979,0.09299922
17980,0.047958408
17981,0.121216
17982,0.051442157
17983,0.039040886
17984,0.038252436
17985,0.05781843
17986,0.19113354
17987,0.31929436
17988,0.5131574
17989,0.13067383
17990,0.011971497
17991,0.058654737
17992,0.018142518
17993,0.03774082
17994,0.07201137
17995,0.10360923
17996,0.009952473
17997,0.0049456973
17998,0.00963545
17999,0.0028478722
18000,0.0058904346
18001,0.007748051
18002,0.07734515
18003,0.0630762
18004,0.33889887
18005,0.03972379
18006,0.0013413023
18007,0.045575753
18008,0.078659594
18009,0.0869856
18010,0.33703458
18011,0.13880694
18012,0.0041662767
18013,0.15095955
18014,0.08084195
18015,0.08689393
18016,0.14991078
18017,0.024577964
18018,0.3203481
18019,0.008504327
18020,0.12013175
18021,0.0594782
18022,0.06336169
18023,0.0037864626
18024,0.0503835
18025,0.05339861
18026,0.20629251
18027,0.009082264
18028,0.0029757067
18029,0.04682151
18030,0.0539051
18031,0.13456193
18032,0.17339328
18033,0.061567843
18034,0.21620007
18035,0.13789733
18036,0.060750514
18037,0.004391936
18038,0.03025873
18039,0.03863486
18040,0.012103664
18041,0.2343851
18042,0.11860412
18043,0.024191841
18044,0.110427454
18045,0.047430094
18046,0.012964927
18047,0.006746123
18048,0.3347283
18049,0.47958103
18050,0.107203886
18051,0.048161887
18052,0.06275345
18053,0.07772852
18054,0.00310427
18055,0.09980555
18056,0.10966748
18057,0.072116986
18058,0.88069075
18059,0.060378224
18060,0.0015993363
18061,0.023331594
18062,0.07579674
18063,0.01314682
18064,0.071444586
18065,0.11544929
18066,0.34693184
18067,0.05453985
18068,0.2042081
18069,0.0016238469
18070,0.04113046
18071,0.047239397
18072,0.0759844
18073,0.029845726
18074,0.052142613
18075,0.10406307
18076,0.059125133
18077,0.026100451
18078,0.0048409654
18079,0.020608565
18080,0.04266858
18081,0.0043459134
18082,0.10057839
18083,0.004215784
18084,0.043486472
18085,0.009750034
18086,0.032275867
18087,0.083561614
18088,0.14944825
18089,0.058930654
18090,0.0024636216
18091,0.7727934
18092,0.045702923
18093,0.18732157
18094,0.06230715
18095,0.045421395
18096,0.06473999
18097,0.04947882
18098,0.002620386
18099,0.22330347
18100,0.036906492
18101,0.0053878576
18102,0.011291739
18103,0.019323999
18104,0.083380826
18105,0.004605849
18106,0.1585978
18107,0.039282367
18108,0.0018659483
18109,0.041548107
18110,0.2983827
18111,0.018534377
18112,0.01267723
18113,0.005676766
18114,0.015947971
18115,0.007509289
18116,0.027874488
18117,0.0064750784
18118,0.12954597
18119,0.07613288
18120,0.00923676
18121,0.04225932
18122,0.15958983
18123,0.09035535
18124,0.059400536
18125,0.10107131
18126,0.07447859
18127,0.049934857
18128,0.10879217
18129,0.18170747
18130,0.123238325
18131,0.0046643303
18132,0.047874644
18133,0.0005741608
18134,0.005388367
18135,0.009046927
18136,0.0019035477
18137,0.016051723
18138,0.008381337
18139,0.0013830054
18140,0.021468615
18141,0.012874691
18142,0.1683836
18143,0.004225058
18144,0.17995307
18145,0.001117077
18146,0.28991848
18147,0.010902673
18148,0.01180176
18149,0.0051037455
18150,0.008230739
18151,0.0017326571
18152,0.007620801
18153,0.032901138
18154,0.007228418
18155,0.08547656
18156,0.024079403
18157,0.04861344
18158,0.034315504
18159,0.042551193
18160,0.0016693848
18161,0.006025129
18162,0.0057516186
18163,0.0046729827
18164,0.10817991
18165,0.010815014
18166,0.013797922
18167,0.0043388857
18168,0.021321421
18169,0.00443655
18170,0.12446835
18171,0.21286535
18172,0.08094455
18173,0.11192147
18174,0.06261595
18175,0.07669608
18176,0.016206395
18177,0.0013895312
18178,0.13330463
18179,0.08362406
18180,0.005105569
18181,0.14395425
18182,0.045448124
18183,0.014138311
18184,0.047465097
18185,0.06918931
18186,0.014856282
18187,0.011870502
18188,0.004002249
18189,0.007593324
18190,0.0045307013
18191,0.0030526912
18192,0.025604462
18193,0.012241478
18194,0.005832225
18195,0.02958095
18196,0.079495564
18197,0.005895733
18198,0.004989671
18199,0.19929495
18200,0.008570464
18201,0.013930726
18202,0.009739241
18203,0.0040676473
18204,0.010518797
18205,0.0020395597
18206,0.0018915087
18207,0.03848952
18208,0.007734455
18209,0.005032481
18210,0.028421393
18211,0.02502415
18212,0.0051477365
18213,0.0060229003
18214,0.028182078
18215,0.12803312
18216,0.28611678
18217,0.013038583
18218,0.029358808
18219,0.009540306
18220,0.0067874095
18221,0.039499905
18222,0.049314573
18223,0.16135247
18224,0.023752302
18225,0.011088571
18226,0.16258004
18227,0.040888075
18228,0.014809532
18229,0.30175862
18230,0.07525317
18231,0.12822948
18232,0.06807811
18233,0.19593498
18234,0.10187329
18235,0.05239395
18236,0.1340737
18237,0.08751504
18238,0.38092205
18239,0.14177905
18240,0.16705993
18241,0.012449155
18242,0.01746136
18243,0.1763793
18244,0.008462514
18245,0.16275209
18246,0.03364318
18247,0.6349114
18248,0.10727988
18249,0.0048979525
18250,0.12870473
18251,0.0303613
18252,0.001959553
18253,0.104879774
18254,0.0125468895
18255,0.10073602
18256,0.06646427
18257,0.0069940635
18258,0.012712325
18259,0.12594415
18260,0.21408518
18261,0.34545603
18262,0.47365612
18263,0.036097195
18264,0.10596965
18265,0.012572694
18266,0.106217206
18267,0.069890186
18268,0.090867
18269,0.13015243
18270,0.29190648
18271,0.119448885
18272,0.2095006
18273,0.3550973
18274,0.060748406
18275,0.020248184
18276,0.4260636
18277,0.061477333
18278,0.6316758
18279,0.11041691
18280,0.08150796
18281,0.052699566
18282,0.017708713
18283,0.10089729
18284,0.11594021
18285,0.09793905
18286,0.022496449
18287,0.041773014
18288,0.07337457
18289,0.28003842
18290,0.0045189816
18291,0.06545661
18292,0.06171332
18293,0.07375841
18294,0.07386725
18295,0.039001122
18296,0.029215593
18297,0.093297824
18298,0.08503479
18299,0.16184804
18300,0.23915565
18301,0.003216456
18302,0.076246865
18303,0.019974016
18304,0.035595585
18305,0.33562374
18306,0.16310026
18307,0.12905553
18308,0.22783768
18309,0.29599848
18310,0.14803067
18311,0.05011574
18312,0.012890773
18313,0.044414025
18314,0.03264631
18315,0.0067126504
18316,0.0050680162
18317,0.107907794
18318,0.0049940967
18319,0.1361746
18320,0.110821865
18321,0.11280481
18322,0.26483688
18323,0.29312652
18324,0.011455177
18325,0.022507187
18326,0.059211403
18327,0.005155014
18328,0.02232736
18329,0.0022500083
18330,0.28969747
18331,0.047773875
18332,0.009657168
18333,0.09150546
18334,0.15510239
18335,0.04151984
18336,0.09504802
18337,0.28057927
18338,0.05493767
18339,0.079029
18340,0.0017356032
18341,0.0391315
18342,0.07026307
18343,0.108735085
18344,0.0024308797
18345,0.044245146
18346,0.03745104
18347,0.17969997
18348,0.22182593
18349,0.111036286
18350,0.12073431
18351,0.06938736
18352,0.041953884
18353,0.03327448
18354,0.03573916
18355,0.034126133
18356,0.14166912
18357,0.09561373
18358,0.1257196
18359,0.0049156137
18360,0.046836894
18361,0.013503499
18362,0.008799965
18363,0.008241732
18364,0.048775624
18365,0.028325954
18366,0.0026136362
18367,0.02338299
18368,0.21575975
18369,0.2114894
18370,0.03159941
18371,0.03522072
18372,0.03894818
18373,0.13499583
18374,0.06946478
18375,0.0048038275
18376,0.061138522
18377,0.21607514
18378,0.007679512
18379,0.040615894
18380,0.047638975
18381,0.03208232
18382,0.08212063
18383,0.058599908
18384,0.18096387
18385,0.116993144
18386,0.15035594
18387,0.05875783
18388,0.07990584
18389,0.0411304
18390,0.07235798
18391,0.051749714
18392,0.008994472
18393,0.1159962
18394,0.057050634
18395,0.49645394
18396,0.13372529
18397,0.050614327
18398,0.11562433
18399,0.09541832
18400,0.05980112
18401,0.02438258
18402,0.21456131
18403,0.024602335
18404,0.006123221
18405,0.028214836
18406,0.11989673
18407,0.082216464
18408,0.05191158
18409,0.06344456
18410,0.12908742
18411,0.16933303
18412,0.34177315
18413,0.059696894
18414,0.010891768
18415,0.13191333
18416,0.001613725
18417,0.060532503
18418,0.006334834
18419,0.016674997
18420,0.006467484
18421,0.13553709
18422,0.057876457
18423,0.11150207
18424,0.0443957
18425,0.1505229
18426,0.03474052
18427,0.05691412
18428,0.04356003
18429,0.19239849
18430,0.08520101
18431,0.08832834
18432,0.0075889984
18433,0.04388184
18434,0.026657129
18435,0.056990303
18436,0.043982215
18437,0.16032577
18438,0.1396743
18439,0.16521883
18440,0.12511557
18441,0.14238241
18442,0.009251786
18443,0.08721764
18444,0.0054866774
18445,0.09881678
18446,0.0060783066
18447,0.0072726994
18448,0.059924286
18449,0.021936044
18450,0.052745916
18451,0.03469908
18452,0.005541066
18453,0.042861633
18454,0.060364943
18455,0.015490499
18456,0.044194087
18457,0.03557434
18458,0.12244853
18459,0.031657215
18460,0.06475319
18461,0.121886574
18462,0.04484918
18463,0.15481338
18464,0.30733842
18465,0.0718501
18466,0.16684952
18467,0.056391668
18468,0.12585036
18469,0.07082474
18470,0.1013212
18471,0.06673224
18472,0.0057767048
18473,0.020798156
18474,0.2814651
18475,0.042488743
18476,0.07612553
18477,0.08075094
18478,0.07933556
18479,0.0014039315
18480,0.053179014
18481,0.026973013
18482,0.0021508853
18483,0.4300162
18484,0.068212
18485,0.07228334
18486,0.12284283
18487,0.5365632
18488,0.077063784
18489,0.0384747
18490,0.17729692
18491,0.09071938
18492,0.26183492
18493,0.26842758
18494,0.085006915
18495,0.0059487214
18496,0.010391766
18497,0.10884428
18498,0.041979797
18499,0.140786
18500,0.15788583
18501,0.054790594
18502,0.21637976
18503,0.11794188
18504,0.054098297
18505,0.009727785
18506,0.005650749
18507,0.0029359933
18508,0.06211686
18509,0.050223954
18510,0.009386246
18511,0.13023035
18512,0.110779524
18513,0.17418544
18514,0.081721485
18515,0.07125569
18516,0.1479079
18517,0.19256502
18518,0.21053143
18519,0.088326596
18520,0.05483209
18521,0.059157085
18522,0.011121487
18523,0.061273605
18524,0.39201805
18525,0.058361523
18526,0.027870765
18527,0.34759337
18528,0.20194402
18529,0.005426058
18530,0.0030000373
18531,0.017501058
18532,0.05195973
18533,0.028923089
18534,0.21483584
18535,0.19932732
18536,0.051728863
18537,0.040110376
18538,0.1531395
18539,0.14612707
18540,0.18249674
18541,0.19536705
18542,0.27333087
18543,0.13513994
18544,0.013450703
18545,0.07128314
18546,0.112023376
18547,0.047392286
18548,0.31714386
18549,0.89995146
18550,0.10495492
18551,0.030755688
18552,0.33342266
18553,0.041330498
18554,0.27974373
18555,0.07649301
18556,0.07866309
18557,0.003677193
18558,0.057691228
18559,0.31837112
18560,0.040835336
18561,0.0784343
18562,0.22221863
18563,0.107039526
18564,0.220506
18565,0.3244725
18566,0.32769492
18567,0.0024799374
18568,0.17442675
18569,0.13934383
18570,0.058577128
18571,0.92855644
18572,0.30550608
18573,0.38531846
18574,0.022408936
18575,0.16731353
18576,0.023995152
18577,0.0057343813
18578,0.011361603
18579,0.006616462
18580,0.0064342143
18581,0.06661852
18582,0.0076942416
18583,0.0067598457
18584,0.020114196
18585,0.1062808
18586,0.0550114
18587,0.07024085
18588,0.100807466
18589,0.108926415
18590,0.21718761
18591,0.18611065
18592,0.018719552
18593,0.11875558
18594,0.23827302
18595,0.061212767
18596,0.9911777
18597,0.94383395
18598,0.6502883
18599,0.014240434
18600,0.12882009
18601,0.36206603
18602,0.08310395
18603,0.009885764
18604,0.079005785
18605,0.0060155727
18606,0.063161135
18607,0.11027335
18608,0.0725229
18609,0.007689937
18610,0.32503706
18611,0.001983904
18612,0.00465052
18613,0.10877599
18614,0.10553048
18615,0.07128899
18616,0.07908626
18617,0.23180392
18618,0.12986708
18619,0.01775216
18620,0.12329823
18621,0.10058453
18622,0.15505342
18623,0.9912974
18624,0.6899479
18625,0.5558859
18626,0.00085606275
18627,0.06804112
18628,0.022101898
18629,0.3300837
18630,0.09557029
18631,0.24623442
18632,0.059106342
18633,0.0023009845
18634,0.14222632
18635,0.11461449
18636,0.15390274
18637,0.20771447
18638,0.38502988
18639,0.38302094
18640,0.18274724
18641,0.18221268
18642,0.12111644
18643,0.03693477
18644,0.12083255
18645,0.054163434
18646,0.063235655
18647,0.15687582
18648,0.16390292
18649,0.076840416
18650,0.09392835
18651,0.025182035
18652,0.7552784
18653,0.9870094
18654,0.99271286
18655,0.16016077
18656,0.036695443
18657,0.09129292
18658,0.2569408
18659,0.0013698082
18660,0.044755895
18661,0.03884002
18662,0.00383825
18663,0.09723257
18664,0.056130063
18665,0.22255142
18666,0.99077594
18667,0.055975538
18668,0.11358533
18669,0.09405299
18670,0.1908407
18671,0.06637669
18672,0.2070537
18673,0.18240812
18674,0.0049525066
18675,0.11854776
18676,0.11192628
18677,0.09743388
18678,0.023194306
18679,0.022015754
18680,0.26133543
18681,0.30073547
18682,0.24958181
18683,0.10633621
18684,0.02340862
18685,0.11353822
18686,0.05566123
18687,0.20747884
18688,0.0020498554
18689,0.03719296
18690,0.031757496
18691,0.050029684
18692,0.01132602
18693,0.07978144
18694,0.043286473
18695,0.22980495
18696,0.48745656
18697,0.20142797
18698,0.16649851
18699,0.12538396
18700,0.17188919
18701,0.15516202
18702,0.54047954
18703,0.022888752
18704,0.008585643
18705,0.05927707
18706,0.01766931
18707,0.09610315
18708,0.21924584
18709,0.14520814
18710,0.42653552
18711,0.2666357
18712,0.18484874
18713,0.9898841
18714,0.17392464
18715,0.013969412
18716,0.142134
18717,0.25157464
18718,0.051055193
18719,0.06832632
18720,0.31762117
18721,0.10945487
18722,0.022889394
18723,0.0511809
18724,0.03439877
18725,0.19145878
18726,0.25575307
18727,0.28292474
18728,0.29491073
18729,0.2846044
18730,0.13777404
18731,0.14283359
18732,0.2194834
18733,0.13648255
18734,0.061203778
18735,0.06310542
18736,0.3347248
18737,0.28309518
18738,0.08975726
18739,0.0331238
18740,0.45767346
18741,0.33017725
18742,0.0066985213
18743,0.062235452
18744,0.13473901
18745,0.09321973
18746,0.07591793
18747,0.0084515875
18748,0.0103032645
18749,0.0093844365
18750,0.023203854
18751,0.06450665
18752,0.1173499
18753,0.13512565
18754,0.16608004
18755,0.27485618
18756,0.6939753
18757,0.32571623
18758,0.23159721
18759,0.39507025
18760,0.10073896
18761,0.016149275
18762,0.092483066
18763,0.030987272
18764,0.15643391
18765,0.18911661
18766,0.05933392
18767,0.04081474
18768,0.15920566
18769,0.13134679
18770,0.01394465
18771,0.0045228056
18772,0.06681019
18773,0.097617775
18774,0.01860688
18775,0.03571693
18776,0.059251238
18777,0.011675034
18778,0.017667552
18779,0.011743736
18780,0.047765844
18781,0.08106559
18782,0.06154102
18783,0.23391464
18784,0.19626148
18785,0.07296596
18786,0.5490283
18787,0.4900164
18788,0.2543231
18789,0.13395563
18790,0.08750212
18791,0.03715397
18792,0.03271779
18793,0.06669969
18794,0.0104158055
18795,0.007763411
18796,0.016153038
18797,0.99230844
18798,0.012814343
18799,0.00918515
18800,0.01759928
18801,0.06260969
18802,0.1185858
18803,0.024720056
18804,0.067224756
18805,0.023391293
18806,0.03670122
18807,0.0360704
18808,0.03288893
18809,0.091128886
18810,0.104828164
18811,0.50545216
18812,0.21878234
18813,0.20667723
18814,0.9638006
18815,0.30801138
18816,0.36591586
18817,0.19302796
18818,0.0060055107
18819,0.020343374
18820,0.008816993
18821,0.0021268215
18822,0.07106376
18823,0.046109013
18824,0.012933129
18825,0.032227334
18826,0.10960692
18827,0.32412058
18828,0.085771985
18829,0.29806778
18830,0.0056102397
18831,0.0703087
18832,0.11325608
18833,0.08336338
18834,0.15563962
18835,0.0612325
18836,0.0055938745
18837,0.04235443
18838,0.14425778
18839,0.8770073
18840,0.20780745
18841,0.45626768
18842,0.20701914
18843,0.27025265
18844,0.16948175
18845,0.134572
18846,0.04961318
18847,0.010065073
18848,0.009379505
18849,0.0063321083
18850,0.07552262
18851,0.13137415
18852,0.03888162
18853,0.19511609
18854,0.014144394
18855,0.013296917
18856,0.006536962
18857,0.24494183
18858,0.017507264
18859,0.009250104
18860,0.009269377
18861,0.14731327
18862,0.16570732
18863,0.04332581
18864,0.0052750567
18865,0.16470198
18866,0.20283651
18867,0.13032858
18868,0.10161555
18869,0.00936502
18870,0.11942252
18871,0.081810914
18872,0.01963415
18873,0.12104388
18874,0.09853047
18875,0.034953743
18876,0.00762103
18877,0.13437238
18878,0.11980488
18879,0.045289572
18880,0.12777755
18881,0.03400838
18882,0.058338642
18883,0.018213853
18884,0.054063518
18885,0.22024958
18886,0.3053309
18887,0.46864176
18888,0.10686761
18889,0.006107679
18890,0.039170094
18891,0.009404595
18892,0.0652438
18893,0.11176719
18894,0.00674848
18895,0.031140557
18896,0.005511259
18897,0.01082221
18898,0.005876952
18899,0.008324059
18900,0.09188841
18901,0.07901022
18902,0.35844356
18903,0.0070547215
18904,0.0048903907
18905,0.01563483
18906,0.06096251
18907,0.07310969
18908,0.33406854
18909,0.15329966
18910,0.009071129
18911,0.0090683745
18912,0.15124646
18913,0.053407997
18914,0.009716448
18915,0.07661924
18916,0.16163683
18917,0.0238112
18918,0.013368107
18919,0.27032128
18920,0.026527131
18921,0.019824818
18922,0.11749349
18923,0.056960892
18924,0.057460226
18925,0.015365171
18926,0.05723697
18927,0.21111694
18928,0.0052556144
18929,0.031479586
18930,0.044717036
18931,0.020248927
18932,0.056598086
18933,0.21966755
18934,0.020844802
18935,0.18428376
18936,0.07487046
18937,0.006518486
18938,0.042874858
18939,0.0103331525
18940,0.083407745
18941,0.05441792
18942,0.21469088
18943,0.20542593
18944,0.036366887
18945,0.06296027
18946,0.04627813
18947,0.0017701316
18948,0.328422
18949,0.49975792
18950,0.08924216
18951,0.059425794
18952,0.009341228
18953,0.074973546
18954,0.060429096
18955,0.0069696545
18956,0.09998383
18957,0.0875863
18958,0.07716937
18959,0.79182225
18960,0.030672621
18961,0.010798167
18962,0.020485215
18963,0.031652376
18964,0.01226542
18965,0.13583721
18966,0.32057142
18967,0.043106724
18968,0.17161778
18969,0.070797406
18970,0.018540453
18971,0.09601866
18972,0.02922681
18973,0.03980146
18974,0.10664213
18975,0.06649246
18976,0.014758311
18977,0.001846492
18978,0.011533928
18979,0.047269754
18980,0.0016068425
18981,0.12045209
18982,0.013891923
18983,0.0076851947
18984,0.046162
18985,0.10050249
18986,0.012978894
18987,0.005779022
18988,0.7803725
18989,0.044625662
18990,0.123085834
18991,0.025112733
18992,0.0271711
18993,0.06003212
18994,0.03865125
18995,0.027347961
18996,0.009474394
18997,0.3308813
18998,0.015917223
18999,0.005501145
19000,0.005160122
19001,0.005928354
19002,0.01115178
19003,0.008441321
19004,0.01217255
19005,0.10826458
19006,0.024632005
19007,0.008589673
19008,0.14054525
19009,0.041610517
19010,0.0059205303
19011,0.01795506
19012,0.22330585
19013,0.001899537
19014,0.005781981
19015,0.014798465
19016,0.00096054364
19017,0.03668322
19018,0.004423067
19019,0.010470924
19020,0.0034075342
19021,0.16543178
19022,0.043819465
19023,0.003790011
19024,0.0066462914
19025,0.007792401
19026,0.0071021304
19027,0.04568886
19028,0.14181915
19029,0.053694375
19030,0.010229077
19031,0.03824476
19032,0.06202365
19033,0.05139806
19034,0.07282191
19035,0.18656245
19036,0.13486
19037,0.00064364134
19038,0.022310514
19039,0.0055084317
19040,0.010830924
19041,0.00073991733
19042,0.006827881
19043,0.016730983
19044,0.0044823205
19045,0.007943939
19046,0.008609589
19047,0.0059379954
19048,0.017357433
19049,0.05082183
19050,0.066487834
19051,0.15062979
19052,0.0041855033
19053,0.001144239
19054,0.15631126
19055,0.020693049
19056,0.2179741
19057,0.0047185775
19058,0.042633813
19059,0.005535019
19060,0.00060369854
19061,0.014713345
19062,0.012221975
19063,0.011772292
19064,0.034447737
19065,0.037667204
19066,0.078844145
19067,0.051205494
19068,0.030853668
19069,0.002334858
19070,0.012023429
19071,0.0027053736
19072,0.0066366866
19073,0.0011097533
19074,0.124273755
19075,0.005129254
19076,0.0057678907
19077,0.01240474
19078,0.00489412
19079,0.00801632
19080,0.10337518
19081,0.051540732
19082,0.008177074
19083,0.0070599755
19084,0.23951574
19085,0.06823813
19086,0.063768506
19087,0.08257835
19088,0.0061977
19089,0.060772352
19090,0.0024475814
19091,0.012294466
19092,0.13877384
19093,0.034954585
19094,0.11806174
19095,0.16191283
19096,0.034463942
19097,0.0017310571
19098,0.08743931
19099,0.0027590275
19100,0.012323054
19101,0.0063089826
19102,0.0041953973
19103,0.0028146233
19104,0.043153577
19105,0.0072662123
19106,0.0061939918
19107,0.094074115
19108,0.073452584
19109,0.15973656
19110,0.009525603
19111,0.003042472
19112,0.0014582329
19113,0.023246834
19114,0.007913245
19115,0.043876864
19116,0.0010695575
19117,0.067389525
19118,0.006262485
19119,0.17629772
19120,0.21613932
19121,0.08070884
19122,0.009937699
19123,0.007340005
19124,0.013778207
19125,0.025103316
19126,0.04801386
19127,0.08682962
19128,0.020204216
19129,0.008854194
19130,0.043109424
19131,0.051423483
19132,0.043046072
19133,0.0061632125
19134,0.23336346
19135,0.12179375
19136,0.04134014
19137,0.16372271
19138,0.06803271
19139,0.27919418
19140,0.07156976
19141,0.2733503
19142,0.15693682
19143,0.12145402
19144,0.06193908
19145,0.029692525
19146,0.06168118
19147,0.008577873
19148,0.12935099
19149,0.042463332
19150,0.55733603
19151,0.15428719
19152,0.009314187
19153,0.13619307
19154,0.035824038
19155,0.09812466
19156,0.023138363
19157,0.010926463
19158,0.013146432
19159,0.14713621
19160,0.16685602
19161,0.2758306
19162,0.42529488
19163,0.08108844
19164,0.15835229
19165,0.14751221
19166,0.0036822509
19167,0.03723729
19168,0.09027927
19169,0.065721795
19170,0.13385604
19171,0.026814032
19172,0.35104367
19173,0.082892455
19174,0.12632467
19175,0.40035525
19176,0.019219512
19177,0.49058467
19178,0.014366632
19179,0.06154325
19180,0.4558487
19181,0.07518312
19182,0.062866464
19183,0.045056976
19184,0.05562251
19185,0.13502607
19186,0.055726327
19187,0.030094197
19188,0.026155675
19189,0.018971115
19190,0.040165085
19191,0.21295395
19192,0.012305627
19193,0.05417653
19194,0.049577378
19195,0.090778254
19196,0.09421184
19197,0.018786278
19198,0.0955442
19199,0.08108072
19200,0.20470028
19201,0.24295728
19202,0.019935261
19203,0.065270916
19204,0.008229501
19205,0.019950304
19206,0.34885502
19207,0.19446363
19208,0.072339796
19209,0.3028913
19210,0.32326037
19211,0.17003132
19212,0.03856512
19213,0.01504671
19214,0.007639344
19215,0.0022555464
19216,0.0071370266
19217,0.026232038
19218,0.0050505926
19219,0.036656305
19220,0.17922275
19221,0.12550724
19222,0.18812616
19223,0.2973313
19224,0.0030630853
19225,0.021295574
19226,0.09674966
19227,0.005214496
19228,0.03038922
19229,0.034034006
19230,0.013184929
19231,0.31998846
19232,0.0049996395
19233,0.02103827
19234,0.0136951385
19235,0.081525564
19236,0.012702435
19237,0.09175086
19238,0.28275236
19239,0.08183883
19240,0.08878207
19241,0.013916826
19242,0.0075369356
19243,0.0687985
19244,0.078507885
19245,0.010961063
19246,0.17563713
19247,0.19682108
19248,0.14102547
19249,0.10621879
19250,0.094714686
19251,0.019025309
19252,0.0729658
19253,0.015368642
19254,0.022316672
19255,0.13154583
19256,0.068179995
19257,0.119940124
19258,0.011643112
19259,0.045296155
19260,0.010126729
19261,0.013015183
19262,0.004147486
19263,0.038582224
19264,0.02230061
19265,0.003266466
19266,0.06194859
19267,0.2594729
19268,0.21645534
19269,0.05642429
19270,0.033184465
19271,0.002025168
19272,0.06719224
19273,0.116375074
19274,0.024781957
19275,0.083027616
19276,0.009153353
19277,0.14127707
19278,0.015835978
19279,0.01600011
19280,0.040214755
19281,0.015685529
19282,0.078339644
19283,0.05827292
19284,0.19960861
19285,0.1243399
19286,0.1552108
19287,0.068038225
19288,0.08016889
19289,0.011735274
19290,0.06600517
19291,0.04731191
19292,0.009045514
19293,0.121213175
19294,0.052309193
19295,0.45330745
19296,0.1424394
19297,0.005435503
19298,0.13206002
19299,0.027397508
19300,0.00887767
19301,0.024434486
19302,0.16780438
19303,0.025331378
19304,0.00366297
19305,0.0024676193
19306,0.021833997
19307,0.10075168
19308,0.050074287
19309,0.08482925
19310,0.043057665
19311,0.10651789
19312,0.16449635
19313,0.27288973
19314,0.060489517
19315,0.025203
19316,0.092135794
19317,0.031675734
19318,0.060365885
19319,0.005880234
19320,0.015065049
19321,0.0063721365
19322,0.09955212
19323,0.10725894
19324,0.068446144
19325,0.023339344
19326,0.061338194
19327,0.049664963
19328,0.07588382
19329,0.030860614
19330,0.2190005
19331,0.032543123
19332,0.07501353
19333,0.027787168
19334,0.0064758086
19335,0.047359966
19336,0.050224315
19337,0.082832195
19338,0.06484478
19339,0.14106339
19340,0.095070004
19341,0.17154106
19342,0.13178426
19343,0.16332063
19344,0.017264038
19345,0.07943288
19346,0.04833176
19347,0.03517859
19348,0.07357229
19349,0.03551183
19350,0.03465854
19351,0.0060109035
19352,0.075436905
19353,0.07941512
19354,0.03942855
19355,0.07795962
19356,0.07523851
19357,0.013602899
19358,0.12625794
19359,0.009856502
19360,0.03267139
19361,0.18595438
19362,0.049613927
19363,0.10083536
19364,0.31126487
19365,0.10275078
19366,0.181613
19367,0.06037063
19368,0.11980188
19369,0.064424336
19370,0.13325448
19371,0.09065231
19372,0.0054686563
19373,0.0016517699
19374,0.41389567
19375,0.06405894
19376,0.10137801
19377,0.023079094
19378,0.0275541
19379,0.013901733
19380,0.00708337
19381,0.05993802
19382,0.39627036
19383,0.070586756
19384,0.052343845
19385,0.13819432
19386,0.507908
19387,0.077150136
19388,0.025472214
19389,0.15430568
19390,0.04806567
19391,0.2722845
19392,0.25373447
19393,0.10530962
19394,0.02459477
19395,0.10151811
19396,0.048519824
19397,0.11435521
19398,0.13990982
19399,0.05550934
19400,0.19515193
19401,0.06497536
19402,0.035799447
19403,0.049745347
19404,0.01147338
19405,0.0595816
19406,0.06553137
19407,0.034823887
19408,0.12199013
19409,0.093659654
19410,0.14708707
19411,0.11924074
19412,0.03266325
19413,0.115539
19414,0.18281484
19415,0.23241456
19416,0.08925586
19417,0.007325773
19418,0.043313324
19419,0.009971724
19420,0.0017929368
19421,0.028062278
19422,0.43251094
19423,0.014124994
19424,0.040040344
19425,0.35135037
19426,0.10192426
19427,0.03588199
19428,0.0033313055
19429,0.04686197
19430,0.045594834
19431,0.22254345
19432,0.20073107
19433,0.05477916
19434,0.04161513
19435,0.19662577
19436,0.13951786
19437,0.1573378
19438,0.2266556
19439,0.24313256
19440,0.14621732
19441,0.014193045
19442,0.051789947
19443,0.06385932
19444,0.24724099
19445,0.89199317
19446,0.019001128
19447,0.28622556
19448,0.06448365
19449,0.19681466
19450,0.050956525
19451,0.08879614
19452,0.0037565795
19453,0.026353542
19454,0.011462951
19455,0.3432497
19456,0.06322008
19457,0.08599248
19458,0.23815238
19459,0.10185255
19460,0.21451363
19461,0.30100995
19462,0.38323936
19463,0.008337957
19464,0.17490353
19465,0.15702777
19466,0.11381672
19467,0.87144053
19468,0.32793856
19469,0.33825994
19470,0.020298224
19471,0.18109497
19472,0.030998442
19473,0.0022067174
19474,0.009116583
19475,0.08135197
19476,0.0066712745
19477,0.017896011
19478,0.059955716
19479,0.08788355
19480,0.09334548
19481,0.08511305
19482,0.09433903
19483,0.2302951
19484,0.16693357
19485,0.01931844
19486,0.10516679
19487,0.24927647
19488,0.007844602
19489,0.07382594
19490,0.99166507
19491,0.8795454
19492,0.56848294
19493,0.0057906383
19494,0.009192996
19495,0.158245
19496,0.36325112
19497,0.0978
19498,0.009876755
19499,0.012954092
19500,0.00539333
19501,0.008030602
19502,0.031528994
19503,0.090852454
19504,0.060376436
19505,0.007731135
19506,0.32766914
19507,0.010056367
19508,0.007942687
19509,0.098605596
19510,0.059400953
19511,0.050109554
19512,0.077006
19513,0.23052362
19514,0.1377518
19515,0.016662532
19516,0.07186128
19517,0.115069136
19518,0.07461799
19519,0.9911709
19520,0.7429409
19521,0.55894554
19522,0.07041269
19523,0.009117748
19524,0.0008904755
19525,0.32548413
19526,0.064482495
19527,0.19644383
19528,0.010057678
19529,0.06440641
19530,0.013740267
19531,0.15166274
19532,0.09908112
19533,0.1222198
19534,0.165055
19535,0.363405
19536,0.3863014
19537,0.15699682
19538,0.1668774
19539,0.10001917
19540,0.027922506
19541,0.1110037
19542,0.0732957
19543,0.078510106
19544,0.024710456
19545,0.13073537
19546,0.16706386
19547,0.0628878
19548,0.136112
19549,0.011044825
19550,0.7089228
19551,0.98754567
19552,0.9927661
19553,0.17806044
19554,0.014791247
19555,0.1427784
19556,0.0094116535
19557,0.32386777
19558,0.0063917683
19559,0.033724435
19560,0.010189315
19561,0.0074465773
19562,0.062717244
19563,0.044352394
19564,0.23368378
19565,0.99066496
19566,0.066551134
19567,0.098149285
19568,0.055448286
19569,0.1555229
19570,0.08077883
19571,0.2281357
19572,0.18851793
19573,0.06592124
19574,0.08509238
19575,0.13789766
19576,0.102917396
19577,0.04619565
19578,0.026058748
19579,0.23107322
19580,0.32599458
19581,0.24200773
19582,0.10707575
19583,0.07232113
19584,0.061212946
19585,0.26789472
19586,0.0429995
19587,0.0018395077
19588,0.01433441
19589,0.044314485
19590,0.033210892
19591,0.03774461
19592,0.044395797
19593,0.23043549
19594,0.47738996
19595,0.20979178
19596,0.16899431
19597,0.094881505
19598,0.18296331
19599,0.14906386
19600,0.49445707
19601,0.048605092
19602,0.057869274
19603,0.04099036
19604,0.051965587
19605,0.10466425
19606,0.20300145
19607,0.13714138
19608,0.35427734
19609,0.3146038
19610,0.2116206
19611,0.9904628
19612,0.23503289
19613,0.009722901
19614,0.17155062
19615,0.24341436
19616,0.013840253
19617,0.053850792
19618,0.34752527
19619,0.070090115
19620,0.016465234
19621,0.021945313
19622,0.011105463
19623,0.16918677
19624,0.21450467
19625,0.26746044
19626,0.26019734
19627,0.2538956
19628,0.1404507
19629,0.1491115
19630,0.2257541
19631,0.061730534
19632,0.1308296
19633,0.08308694
19634,0.03558897
19635,0.4354648
19636,0.25249368
19637,0.039625548
19638,0.46514487
19639,0.41420913
19640,0.04050604
19641,0.0881679
19642,0.07409507
19643,0.08777092
19644,0.00792176
19645,0.009243435
19646,0.059966363
19647,0.05705548
19648,0.049214434
19649,0.09570314
19650,0.13859718
19651,0.27409104
19652,0.64898145
19653,0.30979556
19654,0.18375877
19655,0.41980496
19656,0.07955412
19657,0.1364834
19658,0.09513184
19659,0.1486855
19660,0.20222768
19661,0.066815145
19662,0.015688112
19663,0.07325208
19664,0.108437374
19665,0.030061033
19666,0.004659056
19667,0.010502355
19668,0.08259048
19669,0.001779383
19670,0.013221398
19671,0.0454756
19672,0.009196665
19673,0.010241878
19674,0.015866652
19675,0.023661332
19676,0.09497426
19677,0.0639645
19678,0.24460673
19679,0.14974947
19680,0.07419534
19681,0.4901596
19682,0.43176413
19683,0.23238525
19684,0.100526944
19685,0.070911065
19686,0.02974243
19687,0.07012819
19688,0.06555544
19689,0.008208433
19690,0.007700245
19691,0.9930173
19692,0.03847816
19693,0.009523862
19694,0.07535188
19695,0.070133165
19696,0.10566671
19697,0.0019848938
19698,0.013077441
19699,0.02336049
19700,0.0013071928
19701,0.013452118
19702,0.009609728
19703,0.07396989
19704,0.11353606
19705,0.5598651
19706,0.24217471
19707,0.17157611
19708,0.9099876
19709,0.2785587
19710,0.34849197
19711,0.19920786
19712,0.05203712
19713,0.014199706
19714,0.01170955
19715,0.049506165
19716,0.048632868
19717,0.0024178405
19718,0.10547896
19719,0.36768508
19720,0.07850483
19721,0.2620051
19722,0.013323953
19723,0.047195405
19724,0.045875736
19725,0.122688316
19726,0.1138256
19727,0.05478565
19728,0.01624355
19729,0.007559353
19730,0.02440635
19731,0.14547345
19732,0.9666575
19733,0.26100415
19734,0.49793062
19735,0.17557757
19736,0.24410062
19737,0.16619302
19738,0.14792037
19739,0.05765736
19740,0.020807076
19741,0.010049396
19742,0.060853504
19743,0.0067511215
19744,0.08818146
19745,0.09483619
19746,0.040918097
19747,0.21498641
19748,0.0030719994
19749,0.046534263
19750,0.22099455
19751,0.0041262694
19752,0.0030614722
19753,0.0022581439
19754,0.123390935
19755,0.17738423
19756,0.030648109
19757,0.0052739354
19758,0.14884606
19759,0.2081265
19760,0.10445341
19761,0.08460305
19762,0.07497314
19763,0.088873684
19764,0.11442728
19765,0.07028624
19766,0.12234235
19767,0.07975538
19768,0.03883069
19769,0.0059870384
19770,0.10262592
19771,0.011954157
19772,0.11703136
19773,0.03094453
19774,0.11888564
19775,0.05293678
19776,0.06183542
19777,0.0074428893
19778,0.010650585
19779,0.1833264
19780,0.3186542
19781,0.47927552
19782,0.15381205
19783,0.0060912305
19784,0.053470057
19785,0.0067831995
19786,0.0069271615
19787,0.082123674
19788,0.11213113
19789,0.002271233
19790,0.033438485
19791,0.02484768
19792,0.009756105
19793,0.006081677
19794,0.008129664
19795,0.08809702
19796,0.12452029
19797,0.38614017
19798,0.0017834116
19799,0.01120503
19800,0.0063833282
19801,0.036914255
19802,0.12115272
19803,0.3298181
19804,0.15786129
19805,0.12299603
19806,0.0049697673
19807,0.069890104
19808,0.037235655
19809,0.052556932
19810,0.0022408227
19811,0.0064141154
19812,0.28506595
19813,0.004149823
19814,0.021855902
19815,0.115524575
19816,0.07465889
19817,0.039091654
19818,0.001678515
19819,0.024313446
19820,0.035326872
19821,0.23087683
19822,0.016169436
19823,0.0032826555
19824,0.051127873
19825,0.041471355
19826,0.046738
19827,0.22587892
19828,0.07162722
19829,0.20231414
19830,0.08804696
19831,0.03485449
19832,0.051472627
19833,0.012630297
19834,0.058760118
19835,0.28551468
19836,0.2210844
19837,0.012842308
19838,0.078677036
19839,0.068810746
19840,0.01271593
19841,0.0064796256
19842,0.33543527
19843,0.6285204
19844,0.13578288
19845,0.03521986
19846,0.09357409
19847,0.052841127
19848,0.019159708
19849,0.089159645
19850,0.121737584
19851,0.08819498
19852,0.8107112
19853,0.011364746
19854,0.015394805
19855,0.0018433288
19856,0.047239784
19857,0.028867742
19858,0.0074839992
19859,0.01750866
19860,0.110242225
19861,0.30957282
19862,0.09859967
19863,0.16060705
19864,0.028059492
19865,0.0478726
19866,0.011326312
19867,0.014327655
19868,0.11594576
19869,0.026059961
19870,0.030395586
19871,0.10296649
19872,0.058370747
19873,0.015246299
19874,0.016110972
19875,0.015215581
19876,0.043622524
19877,0.002498535
19878,0.135712
19879,0.068636976
19880,0.0028352644
19881,0.035084132
19882,0.07412741
19883,0.019501677
19884,0.030812025
19885,0.9569473
19886,0.071882434
19887,0.11221292
19888,0.083092794
19889,0.02491909
19890,0.020509508
19891,0.04078152
19892,0.04765799
19893,0.0034545083
19894,0.32964188
19895,0.0024413008
19896,0.005437547
19897,0.010520736
19898,0.009954748
19899,0.015542115
19900,0.094976895
19901,0.023437357
19902,0.008278157
19903,0.13762678
19904,0.039235182
19905,0.0067780176
19906,0.005602961
19907,0.04397324
19908,0.22059612
19909,0.0017962198
19910,0.005360619
19911,0.0065609007
19912,0.0065723686
19913,0.035503652
19914,0.0076409853
19915,0.13817541
19916,0.07283258
19917,0.006966538
19918,0.0073423325
19919,0.032323875
19920,0.1926215
19921,0.06260078
19922,0.11338534
19923,0.050990246
19924,0.055092663
19925,0.059663236
19926,0.0130908955
19927,0.08598365
19928,0.16792905
19929,0.14187077
19930,0.010453862
19931,0.008739795
19932,0.0077530094
19933,0.021350797
19934,0.0025089222
19935,0.00684274
19936,0.0109792175
19937,0.00053226587
19938,0.0072681606
19939,0.0016106233
19940,0.029444475
19941,0.027008582
19942,0.052331526
19943,0.12025336
19944,0.115392864
19945,0.27215403
19946,0.028958717
19947,0.009009255
19948,0.016384566
19949,0.010712797
19950,0.006036716
19951,0.004223245
19952,0.055578995
19953,0.00375617
19954,0.0063324124
19955,0.006984097
19956,0.0074672103
19957,0.028301384
19958,0.003923052
19959,0.01700003
19960,0.01360701
19961,0.06572639
19962,0.0074082413
19963,0.0071953954
19964,0.004369703
19965,0.11483202
19966,0.0033493887
19967,0.013157224
19968,0.0043095388
19969,0.02682675
19970,0.005103751
19971,0.004361772
19972,0.14793606
19973,0.00075217464
19974,0.24824901
19975,0.08201509
19976,0.062020887
19977,0.059230912
19978,0.037617616
19979,0.010511173
19980,0.0019369867
19981,0.11071739
19982,0.000817201
19983,0.10156451
19984,0.17886502
19985,0.014791223
19986,0.050668545
19987,0.035635833
19988,0.038009293
19989,0.014519185
19990,0.0057455553
19991,0.0043448126
19992,0.010896906
19993,0.0006603557
19994,0.0108953705
19995,0.021263544
19996,0.008300168
19997,0.07032771
19998,0.068574786
19999,0.19914693
20000,0.0025461004
20001,0.00089875085
20002,0.0014752697
20003,0.008526094
20004,0.023927543
20005,0.028270725
20006,0.014671194
20007,0.029357279
20008,0.039131865
20009,0.006098996
20010,0.011488231
20011,0.22123972
20012,0.2600696
20013,0.007038212
20014,0.12826362
20015,0.009918427
20016,0.04343518
20017,0.0031888324
20018,0.024880376
20019,0.007762301
20020,0.07091699
20021,0.004066101
20022,0.13816796
20023,0.045339536
20024,0.014626766
20025,0.1780083
20026,0.026707983
20027,0.009379165
20028,0.058200937
20029,0.12946557
20030,0.030328954
20031,0.2983664
20032,0.36839086
20033,0.10474004
20034,0.14514989
20035,0.06377978
20036,0.09301828
20037,0.06336128
20038,0.008002355
20039,0.11807519
20040,0.014475125
20041,0.652605
20042,0.108175375
20043,0.026450938
20044,0.16394666
20045,0.03871019
20046,0.009880903
20047,0.07681881
20048,0.016601589
20049,0.051479995
20050,0.14958782
20051,0.15372877
20052,0.4502956
20053,0.38777906
20054,0.00391893
20055,0.16441646
20056,0.25340986
20057,0.01272068
20058,0.09320478
20059,0.054038167
20060,0.07500507
20061,0.026023168
20062,0.2344636
20063,0.14898598
20064,0.14743531
20065,0.33752236
20066,0.53299606
20067,0.07420795
20068,0.58286023
20069,0.024403973
20070,0.08327804
20071,0.0364387
20072,0.069248974
20073,0.1421079
20074,0.083676554
20075,0.030661289
20076,0.007150373
20077,0.005167826
20078,0.33508655
20079,0.070090815
20080,0.075175755
20081,0.109375164
20082,0.08114353
20083,0.08833674
20084,0.043364316
20085,0.13799803
20086,0.028080028
20087,0.06566088
20088,0.17586038
20089,0.19842647
20090,0.019261476
20091,0.03648695
20092,0.008970687
20093,0.02470991
20094,0.04599772
20095,0.4218561
20096,0.07913226
20097,0.028879708
20098,0.28105003
20099,0.33551174
20100,0.0058728005
20101,0.13994
20102,0.096886486
20103,0.026806593
20104,0.042951636
20105,0.0192586
20106,0.033108838
20107,0.005202476
20108,0.08259766
20109,0.036797035
20110,0.021480765
20111,0.2095185
20112,0.31682315
20113,0.018427018
20114,0.10046552
20115,0.004889014
20116,0.0070674806
20117,0.0045516356
20118,0.27828324
20119,0.027824093
20120,0.0059242095
20121,0.026774371
20122,0.13017169
20123,0.4003541
20124,0.095767066
20125,0.094606556
20126,0.015217373
20127,0.003532452
20128,0.04669292
20129,0.08316299
20130,0.01043239
20131,0.14189856
20132,0.14105256
20133,0.051369928
20134,0.11058682
20135,0.08180602
20136,0.046390932
20137,0.05028813
20138,0.012837944
20139,0.04099035
20140,0.12864526
20141,0.082303956
20142,0.077274755
20143,0.0052317
20144,0.03821134
20145,0.037988883
20146,0.025633395
20147,0.013697472
20148,0.03538301
20149,0.05278207
20150,0.013274831
20151,0.032668643
20152,0.26562968
20153,0.24427418
20154,0.062320463
20155,0.052260857
20156,0.0023128293
20157,0.09842613
20158,0.09592019
20159,0.012475742
20160,0.023874413
20161,0.19942568
20162,0.042671833
20163,0.014708879
20164,0.02286486
20165,0.013067111
20166,0.08760494
20167,0.0555835
20168,0.15713112
20169,0.13417514
20170,0.14693691
20171,0.05823041
20172,0.073974006
20173,0.0015710335
20174,0.08361698
20175,0.042628013
20176,0.0033940673
20177,0.139093
20178,0.019791408
20179,0.440363
20180,0.14347579
20181,0.018627103
20182,0.12741427
20183,0.010575354
20184,0.019216327
20185,0.0075350674
20186,0.009537719
20187,0.0073360847
20188,0.11510046
20189,0.0067608664
20190,0.002786437
20191,0.07152675
20192,0.015218896
20193,0.05108689
20194,0.0655721
20195,0.13036814
20196,0.15633543
20197,0.25133833
20198,0.0977806
20199,0.021594446
20200,0.12764648
20201,0.034208722
20202,0.043615405
20203,0.005774156
20204,0.0063646
20205,0.13690285
20206,0.06040172
20207,0.11117643
20208,0.034291543
20209,0.075119235
20210,0.023940185
20211,0.00782516
20212,0.045924056
20213,0.009897495
20214,0.0045784307
20215,0.19187829
20216,0.0046333
20217,0.03848789
20218,0.09993212
20219,0.0029579024
20220,0.0061353813
20221,0.049300946
20222,0.052000552
20223,0.09450475
20224,0.028175736
20225,0.147464
20226,0.095862016
20227,0.1557228
20228,0.14358884
20229,0.20619318
20230,0.027090874
20231,0.101262584
20232,0.049359687
20233,0.011477597
20234,0.059466433
20235,0.060331695
20236,0.034533836
20237,0.006038785
20238,0.10054535
20239,0.0828586
20240,0.012273146
20241,0.04105807
20242,0.06813971
20243,0.012823245
20244,0.10819088
20245,0.011043182
20246,0.02233837
20247,0.1546903
20248,0.06340454
20249,0.13155936
20250,0.29220134
20251,0.09442818
20252,0.15536559
20253,0.07385231
20254,0.09058762
20255,0.058798045
20256,0.13449179
20257,0.07363891
20258,0.021658227
20259,0.36736205
20260,0.040183876
20261,0.12392485
20262,0.032817412
20263,0.082728304
20264,0.0014374009
20265,0.0071687205
20266,0.055641122
20267,0.026243139
20268,0.33517992
20269,0.08237786
20270,0.06241659
20271,0.09601272
20272,0.5362107
20273,0.06330137
20274,0.0016662752
20275,0.17693794
20276,0.061166238
20277,0.26345783
20278,0.24361995
20279,0.058094822
20280,0.0054302304
20281,0.018383248
20282,0.046697818
20283,0.009511739
20284,0.09127341
20285,0.21017918
20286,0.01717224
20287,0.19298616
20288,0.077637754
20289,0.0069589587
20290,0.06692634
20291,0.04924258
20292,0.04627908
20293,0.049264163
20294,0.031384975
20295,0.12518322
20296,0.14440447
20297,0.20040402
20298,0.13812986
20299,0.074902594
20300,0.13242725
20301,0.22304645
20302,0.20089522
20303,0.076814644
20304,0.05820184
20305,0.024613693
20306,0.0342654
20307,0.025944348
20308,0.41695523
20309,0.0026959328
20310,0.06084851
20311,0.28172907
20312,0.17570388
20313,0.0010476087
20314,0.008887693
20315,0.024545431
20316,0.041290823
20317,0.047695793
20318,0.19968525
20319,0.19022007
20320,0.06626257
20321,0.039575763
20322,0.1868362
20323,0.10829373
20324,0.13585006
20325,0.17458633
20326,0.27696937
20327,0.116741896
20328,0.036077216
20329,0.082628205
20330,0.08232397
20331,0.26317972
20332,0.8111976
20333,0.10042077
20334,0.0028061687
20335,0.2720726
20336,0.07422589
20337,0.20591879
20338,0.014825858
20339,0.043816093
20340,0.07641745
20341,0.009292043
20342,0.04079712
20343,0.4142049
20344,0.0119184535
20345,0.06249051
20346,0.19264604
20347,0.14854674
20348,0.19152454
20349,0.3475507
20350,0.41276956
20351,0.012341467
20352,0.2031857
20353,0.122534595
20354,0.08083649
20355,0.8035175
20356,0.38729364
20357,0.33948553
20358,0.0059832116
20359,0.0054941727
20360,0.17056899
20361,0.044390105
20362,0.0056992797
20363,0.016512554
20364,0.06584669
20365,0.0061481087
20366,0.008191573
20367,0.0065135583
20368,0.008969916
20369,0.05388806
20370,0.08308595
20371,0.10308001
20372,0.09729497
20373,0.087599844
20374,0.15472941
20375,0.18146917
20376,0.007790786
20377,0.11428571
20378,0.21526237
20379,0.0078114592
20380,0.052953362
20381,0.9920839
20382,0.9065711
20383,0.6303488
20384,0.0032838646
20385,0.111715116
20386,0.29263145
20387,0.06906929
20388,0.0012117687
20389,0.05276681
20390,0.00986789
20391,0.03459236
20392,0.06689856
20393,0.047086354
20394,0.0053391997
20395,0.31877357
20396,0.010394255
20397,0.009728354
20398,0.14287436
20399,0.056797765
20400,0.052641153
20401,0.060640864
20402,0.2309757
20403,0.12811242
20404,0.021688903
20405,0.14208305
20406,0.12689535
20407,0.08690362
20408,0.991241
20409,0.6620968
20410,0.64433664
20411,0.0021309168
20412,0.07292515
20413,0.031966794
20414,0.35440454
20415,0.04191527
20416,0.23094864
20417,0.024117846
20418,0.10546653
20419,0.020035395
20420,0.14727947
20421,0.08249442
20422,0.16586268
20423,0.14801364
20424,0.3626074
20425,0.38629118
20426,0.16139066
20427,0.13539083
20428,0.06551097
20429,0.039468117
20430,0.10526856
20431,0.049344696
20432,0.08431445
20433,0.13221797
20434,0.14738545
20435,0.06301728
20436,0.13942976
20437,0.0055047586
20438,0.87979096
20439,0.98763865
20440,0.9925911
20441,0.19274774
20442,0.004513253
20443,0.18035059
20444,0.009133967
20445,0.34523124
20446,0.021697542
20447,0.005606396
20448,0.005713146
20449,0.001447347
20450,0.10414462
20451,0.05020667
20452,0.22347721
20453,0.99119407
20454,0.078525685
20455,0.091414966
20456,0.097520344
20457,0.15607105
20458,0.072608314
20459,0.21134023
20460,0.20695388
20461,0.00844243
20462,0.09612426
20463,0.08726712
20464,0.06764604
20465,0.09755002
20466,0.021277644
20467,0.24076107
20468,0.28866172
20469,0.21603307
20470,0.089142516
20471,0.0013555274
20472,0.09694356
20473,0.12285094
20474,0.2178818
20475,0.015883218
20476,0.027047565
20477,0.01083308
20478,0.011556847
20479,0.010325661
20480,0.054181892
20481,0.03408411
20482,0.22349378
20483,0.4540469
20484,0.2748627
20485,0.23215556
20486,0.105569676
20487,0.20181243
20488,0.16274452
20489,0.557224
20490,0.041756082
20491,0.06632532
20492,0.04226027
20493,0.11034819
20494,0.10464139
20495,0.22323108
20496,0.4286267
20497,0.3319799
20498,0.21001378
20499,0.9908735
20500,0.17585376
20501,0.009612346
20502,0.17196722
20503,0.17006592
20504,0.011289282
20505,0.06242432
20506,0.43467206
20507,0.044891626
20508,0.007989252
20509,0.049489547
20510,0.032052886
20511,0.12899439
20512,0.21159843
20513,0.22630489
20514,0.22233751
20515,0.22547229
20516,0.15824157
20517,0.1707042
20518,0.19878379
20519,0.18517987
20520,0.08382274
20521,0.042323276
20522,0.3586765
20523,0.2620692
20524,0.041740727
20525,0.44149375
20526,0.30217808
20527,0.0068962513
20528,0.08022625
20529,0.13230567
20530,0.09540261
20531,0.046095047
20532,0.0058468496
20533,0.021410588
20534,0.083982326
20535,0.06896575
20536,0.078995466
20537,0.1273187
20538,0.26550776
20539,0.6598333
20540,0.2929216
20541,0.17683777
20542,0.39514494
20543,0.07683744
20544,0.081281126
20545,0.09146867
20546,0.14568755
20547,0.21109371
20548,0.044608425
20549,0.006997497
20550,0.10232296
20551,0.13173358
20552,0.009732449
20553,0.0045185694
20554,0.042842012
20555,0.10112302
20556,0.011674857
20557,0.03669798
20558,0.0073361485
20559,0.015244052
20560,0.027228737
20561,0.06415795
20562,0.076912686
20563,0.16562602
20564,0.18159191
20565,0.099557206
20566,0.5329939
20567,0.40726233
20568,0.26240176
20569,0.13324021
20570,0.033049103
20571,0.0026129778
20572,0.06977153
20573,0.12943926
20574,0.006265855
20575,0.007389328
20576,0.007044097
20577,0.9925685
20578,0.017274914
20579,0.035486333
20580,0.09477073
20581,0.037751965
20582,0.082116365
20583,0.0022911823
20584,0.023056379
20585,0.005820439
20586,0.016683418
20587,0.0023435473
20588,0.0031709746
20589,0.04194973
20590,0.087450005
20591,0.07447195
20592,0.4905162
20593,0.25646174
20594,0.18392695
20595,0.92302245
20596,0.28851905
20597,0.34500247
20598,0.26274434
20599,0.068315044
20600,0.0021859799
20601,0.08254827
20602,0.03698877
20603,0.01523486
20604,0.0021396247
20605,0.04764916
20606,0.35387963
20607,0.019887904
20608,0.2513779
20609,0.0022507452
20610,0.08968978
20611,0.14385527
20612,0.09101894
20613,0.16579628
20614,0.01395686
20615,0.007652037
20616,0.008047102
20617,0.16996288
20618,0.87583715
20619,0.24525785
20620,0.5728573
20621,0.2007668
20622,0.23457249
20623,0.18934965
20624,0.13502885
20625,0.04000659
20626,0.009913154
20627,0.041550465
20628,0.04907199
20629,0.108198844
20630,0.07703291
20631,0.0863574
20632,0.19218087
20633,0.013253505
20634,0.051758796
20635,0.015535718
20636,0.20235972
20637,0.003534738
20638,0.014069879
20639,0.0070126415
20640,0.1484276
20641,0.18068513
20642,0.015523879
20643,0.00524371
20644,0.10460111
20645,0.20505753
20646,0.055839233
20647,0.08897035
20648,0.05464818
20649,0.07774014
20650,0.12520586
20651,0.045876183
20652,0.11673474
20653,0.075670585
20654,0.011435395
20655,0.018452533
20656,0.0066121803
20657,0.13027546
20658,0.0013691781
20659,0.10053746
20660,0.008496158
20661,0.012306055
20662,0.14466389
20663,0.023525884
20664,0.036106937
20665,0.0043223947
20666,0.045907814
20667,0.19984438
20668,0.2881654
20669,0.52517045
20670,0.14317973
20671,0.0012512689
20672,0.036839433
20673,0.005217295
20674,0.006522673
20675,0.12803234
20676,0.18319508
20677,0.0089842165
20678,0.02927963
20679,0.010778232
20680,0.0014436006
20681,0.0019394321
20682,0.007817596
20683,0.07208776
20684,0.101467416
20685,0.35720557
20686,0.006395139
20687,0.003351424
20688,0.040059797
20689,0.024156641
20690,0.15257636
20691,0.33256584
20692,0.1503471
20693,0.008337987
20694,0.12915963
20695,0.0063548363
20696,0.010533771
20697,0.06898783
20698,0.060358245
20699,0.023132052
20700,0.012552346
20701,0.0062630004
20702,0.21317907
20703,0.0028000004
20704,0.010631567
20705,0.002637204
20706,0.09091041
20707,0.07286538
20708,0.033295028
20709,0.009789519
20710,0.0054270052
20711,0.06916548
20712,0.26471883
20713,0.0084215
20714,0.003978669
20715,0.012611853
20716,0.0579705
20717,0.019941058
20718,0.0110554965
20719,0.22013938
20720,0.06834017
20721,0.16845939
20722,0.04355559
20723,0.029382601
20724,0.01274181
20725,0.04543695
20726,0.086871356
20727,0.049590446
20728,0.27366143
20729,0.0090251025
20730,0.17873001
20731,0.0322802
20732,0.060415853
20733,0.08023713
20734,0.0070269443
20735,0.3207475
20736,0.7658861
20737,0.1327084
20738,0.04341936
20739,0.008673029
20740,0.08523577
20741,0.087226376
20742,0.031037692
20743,0.065444574
20744,0.12615986
20745,0.052817594
20746,0.92566144
20747,0.011275873
20748,0.038618125
20749,0.0866859
20750,0.09514759
20751,0.014263767
20752,0.08700906
20753,0.12201903
20754,0.33356586
20755,0.07785057
20756,0.117889926
20757,0.014002664
20758,0.044897832
20759,0.009397842
20760,0.010199671
20761,0.08497532
20762,0.0500381
20763,0.003743811
20764,0.0457349
20765,0.0067719305
20766,0.007185976
20767,0.026704174
20768,0.001187958
20769,0.012089779
20770,0.13516378
20771,0.024516178
20772,0.07875851
20773,0.009927107
20774,0.0044946605
20775,0.051148944
20776,0.019195635
20777,0.031418182
20778,0.050603777
20779,0.96874416
20780,0.02973406
20781,0.11518695
20782,0.0038265013
20783,0.033545833
20784,0.0633074
20785,0.030088648
20786,0.012486803
20787,0.3315495
20788,0.004564381
20789,0.0019123364
20790,0.01110219
20791,0.01527936
20792,0.07922177
20793,0.019124933
20794,0.008064016
20795,0.12012018
20796,0.013231588
20797,0.001369037
20798,0.008511156
20799,0.22086044
20800,0.020327777
20801,0.034036346
20802,0.01367636
20803,0.0067630247
20804,0.040914547
20805,0.011032804
20806,0.13201208
20807,0.074957
20808,0.009845045
20809,0.0072171227
20810,0.005324419
20811,0.02760109
20812,0.17172429
20813,0.122237004
20814,0.07187314
20815,0.058657955
20816,0.064976774
20817,0.06619685
20818,0.006157339
20819,0.09314926
20820,0.19203158
20821,0.14566942
20822,0.0052864235
20823,0.007672722
20824,0.012008419
20825,0.011317403
20826,0.0062798904
20827,0.0013909654
20828,0.00086792465
20829,0.008401935
20830,0.0072463364
20831,0.0012269412
20832,0.008966888
20833,0.050801307
20834,0.05819453
20835,0.064838044
20836,0.0019637556
20837,0.13227679
20838,0.0057164878
20839,0.26123983
20840,0.006113065
20841,0.005689533
20842,0.011884581
20843,0.0032969501
20844,0.0008331464
20845,0.015667647
20846,0.0035720845
20847,0.014300522
20848,0.030035859
20849,0.021238636
20850,0.0032892667
20851,0.06090771
20852,0.007874327
20853,0.001551802
20854,0.014737966
20855,0.004758775
20856,0.14841112
20857,0.0015787294
20858,0.030538429
20859,0.00064881926
20860,0.014899174
20861,0.0019619328
20862,0.12783155
20863,0.009058846
20864,0.0068437317
20865,0.29455328
20866,0.0232032
20867,0.058805693
20868,0.034174286
20869,0.007875845
20870,0.0010695244
20871,0.12599374
20872,0.008237374
20873,0.092515804
20874,0.23749943
20875,0.0041667423
20876,0.0026884214
20877,0.021584013
20878,0.037274327
20879,0.015582095
20880,0.012098557
20881,0.006129076
20882,0.0035024579
20883,0.027422955
20884,0.023273394
20885,0.10296829
20886,0.057004966
20887,0.060190093
20888,0.0062978514
20889,0.19626264
20890,0.002108185
20891,0.0012960338
20892,0.013546491
20893,0.0021270588
20894,0.0099655185
20895,0.023477986
20896,0.046189304
20897,0.005927087
20898,0.033065066
20899,0.02316903
20900,0.0064439205
20901,0.1990448
20902,0.21262708
20903,0.012435664
20904,0.08072922
20905,0.014001536
20906,0.051438116
20907,0.06060964
20908,0.02152793
20909,0.04025116
20910,0.03082921
20911,0.048564587
20912,0.18418446
20913,0.0073588775
20914,0.14737903
20915,0.088119835
20916,0.069333464
20917,0.0052986555
20918,0.09226519
20919,0.02645501
20920,0.20769095
20921,0.077494
20922,0.34528837
20923,0.13822778
20924,0.16210744
20925,0.06480022
20926,0.012197095
20927,0.015361728
20928,0.010125259
20929,0.030768061
20930,0.0014140962
20931,0.13035354
20932,0.034525197
20933,0.5866558
20934,0.11613721
20935,0.13195972
20936,0.07400851
20937,0.008964111
20938,0.0132971555
20939,0.07922387
20940,0.0038880606
20941,0.047097154
20942,0.06242039
20943,0.11277999
20944,0.26261625
20945,0.31778836
20946,0.0460311
20947,0.051795088
20948,0.10069356
20949,0.24814661
20950,0.075688094
20951,0.06924891
20952,0.047084652
20953,0.0047333026
20954,0.36503613
20955,0.14792319
20956,0.06255528
20957,0.32739297
20958,0.0743909
20959,0.560394
20960,0.053209614
20961,0.46852145
20962,0.08080648
20963,0.06345732
20964,0.0042159217
20965,0.12203791
20966,0.09369514
20967,0.15580459
20968,0.0958844
20969,0.083520725
20970,0.03818314
20971,0.32844254
20972,0.06592199
20973,0.08564744
20974,0.111445524
20975,0.0679901
20976,0.07845247
20977,0.08095755
20978,0.01938268
20979,0.14174388
20980,0.009945059
20981,0.07550719
20982,0.12762693
20983,0.10834426
20984,0.064090416
20985,0.018322665
20986,0.060751002
20987,0.020652464
20988,0.018929848
20989,0.26925793
20990,0.10212873
20991,0.04172965
20992,0.0643798
20993,0.23499382
20994,0.098536894
20995,0.09657701
20996,0.008193401
20997,0.05452181
20998,0.013982614
20999,0.0071450146
21000,0.06817733
21001,0.002367186
21002,0.07741036
21003,0.14237523
21004,0.08232004
21005,0.12746456
21006,0.2326589
21007,0.031055251
21008,0.121701814
21009,0.0033939562
21010,0.019696964
21011,0.03553625
21012,0.25843984
21013,0.0011825853
21014,0.014869745
21015,0.069380604
21016,0.011073423
21017,0.011789935
21018,0.083080344
21019,0.3792921
21020,0.07069361
21021,0.03768026
21022,0.02535963
21023,0.0025516637
21024,0.060309
21025,0.15317667
21026,0.0063277334
21027,0.011315581
21028,0.18157235
21029,0.16527832
21030,0.10325537
21031,0.1255556
21032,0.033022396
21033,0.006538591
21034,0.056722313
21035,0.027061706
21036,0.009486289
21037,0.019186938
21038,0.12407382
21039,0.05493291
21040,0.13303117
21041,0.009301847
21042,0.017814029
21043,0.0121383015
21044,0.0042749452
21045,0.002270179
21046,0.018885702
21047,0.041033678
21048,0.06235824
21049,0.05044647
21050,0.2559915
21051,0.20313391
21052,0.054035556
21053,0.07561436
21054,0.012959024
21055,0.09355253
21056,0.08222511
21057,0.036959648
21058,0.04328137
21059,0.031930935
21060,0.21143675
21061,0.054233335
21062,0.018593218
21063,0.038358033
21064,0.007354878
21065,0.08963838
21066,0.063430026
21067,0.18160585
21068,0.15016487
21069,0.15270248
21070,0.036937475
21071,0.047028035
21072,0.033458482
21073,0.08491969
21074,0.0719036
21075,0.019349426
21076,0.10434993
21077,0.058069117
21078,0.3795665
21079,0.12837607
21080,0.019982439
21081,0.11306773
21082,0.037005108
21083,0.013642391
21084,0.0011686177
21085,0.008902317
21086,0.0067652673
21087,0.007427335
21088,0.09295784
21089,0.010399108
21090,0.007052672
21091,0.07219528
21092,0.040663607
21093,0.070333876
21094,0.05298417
21095,0.09378019
21096,0.13241005
21097,0.2586824
21098,0.05867272
21099,0.004578106
21100,0.11998472
21101,0.0072983853
21102,0.040034257
21103,0.009966101
21104,0.006357099
21105,0.11562804
21106,0.10348604
21107,0.10758761
21108,0.017796993
21109,0.053628135
21110,0.017214045
21111,0.003979412
21112,0.0023401172
21113,0.011085307
21114,0.00924557
21115,0.18852179
21116,0.0056044506
21117,0.042034782
21118,0.10335277
21119,0.0037312992
21120,0.04926288
21121,0.03811871
21122,0.07250363
21123,0.04641109
21124,0.12093635
21125,0.09795991
21126,0.19547698
21127,0.15573327
21128,0.188929
21129,0.013906026
21130,0.101331815
21131,0.061999016
21132,0.006800248
21133,0.042481482
21134,0.08056589
21135,0.01635168
21136,0.05760184
21137,0.0056695146
21138,0.059665065
21139,0.057673275
21140,0.0038966995
21141,0.06218975
21142,0.04886187
21143,0.015417214
21144,0.14415072
21145,0.023255577
21146,0.028807517
21147,0.17755029
21148,0.064601034
21149,0.107692204
21150,0.35359183
21151,0.05890422
21152,0.12282954
21153,0.07777884
21154,0.076917745
21155,0.07084913
21156,0.11437558
21157,0.074355386
21158,0.0016679529
21159,0.3517882
21160,0.022016985
21161,0.12604621
21162,0.005945435
21163,0.090293445
21164,0.011182475
21165,0.0075439834
21166,0.0032095201
21167,0.047228247
21168,0.025756473
21169,0.35220996
21170,0.073388904
21171,0.043271296
21172,0.11381396
21173,0.55193216
21174,0.066772334
21175,0.005247674
21176,0.20138708
21177,0.058027346
21178,0.2769854
21179,0.28578484
21180,0.04464511
21181,0.027457446
21182,0.055445332
21183,0.15819442
21184,0.20726387
21185,0.018081624
21186,0.17443791
21187,0.080655195
21188,0.054754596
21189,0.022395212
21190,0.012896374
21191,0.04271845
21192,0.057535153
21193,0.008413752
21194,0.10848997
21195,0.09789409
21196,0.19188836
21197,0.20445032
21198,0.07488972
21199,0.14364585
21200,0.19456938
21201,0.21298952
21202,0.06981858
21203,0.007194844
21204,0.049471457
21205,0.00692017
21206,0.009323828
21207,0.025676956
21208,0.44081607
21209,0.015261138
21210,0.076988295
21211,0.19516046
21212,0.14403924
21213,0.0070312815
21214,0.038616363
21215,0.021652091
21216,0.063243605
21217,0.20891559
21218,0.2119854
21219,0.009035381
21220,0.049222168
21221,0.041995823
21222,0.16379529
21223,0.111188576
21224,0.15157144
21225,0.17033343
21226,0.2566021
21227,0.11612159
21228,0.0034856666
21229,0.043291844
21230,0.06958618
21231,0.26488438
21232,0.75483143
21233,0.10038058
21234,0.0015502559
21235,0.25439933
21236,0.008646384
21237,0.08116212
21238,0.17925957
21239,0.029464412
21240,0.07923622
21241,0.0023191
21242,0.04910042
21243,0.007556473
21244,0.36303496
21245,0.02965116
21246,0.07434068
21247,0.204707
21248,0.15028933
21249,0.19988416
21250,0.34510374
21251,0.38210258
21252,0.0012535633
21253,0.13575378
21254,0.16693956
21255,0.058503352
21256,0.8554388
21257,0.39462203
21258,0.3763185
21259,0.00597063
21260,0.035463806
21261,0.20742074
21262,0.026699502
21263,0.04235924
21264,0.041116986
21265,0.064589605
21266,0.020923646
21267,0.006694275
21268,0.009637078
21269,0.06980607
21270,0.045851514
21271,0.101573884
21272,0.11318345
21273,0.06311047
21274,0.1760078
21275,0.16167109
21276,0.0022855673
21277,0.12027363
21278,0.23995218
21279,0.008571008
21280,0.105263785
21281,0.99202096
21282,0.9507497
21283,0.7382862
21284,0.014954093
21285,0.010412897
21286,0.22249572
21287,0.36064816
21288,0.14009923
21289,0.0012671152
21290,0.12320079
21291,0.0060960753
21292,0.04204112
21293,0.07646057
21294,0.04860718
21295,0.017130617
21296,0.3258831
21297,0.011314264
21298,0.008421103
21299,0.17289346
21300,0.08124338
21301,0.05766823
21302,0.06198407
21303,0.21894243
21304,0.10895679
21305,0.019387808
21306,0.12053285
21307,0.12107229
21308,0.07284699
21309,0.99147284
21310,0.6885983
21311,0.6184837
21312,0.00800732
21313,0.077723816
21314,0.023586595
21315,0.36406437
21316,0.012759449
21317,0.18322214
21318,0.027898598
21319,0.079566136
21320,0.012978825
21321,0.13617298
21322,0.107044235
21323,0.14301221
21324,0.14462782
21325,0.35932976
21326,0.3957489
21327,0.16767038
21328,0.1524783
21329,0.09131274
21330,0.031748716
21331,0.089404576
21332,0.07718388
21333,0.08596078
21334,0.16606382
21335,0.10808909
21336,0.045863345
21337,0.12842913
21338,0.026246253
21339,0.7525546
21340,0.9882978
21341,0.9924737
21342,0.1926456
21343,0.048479676
21344,0.11593119
21345,0.31919634
21346,0.0094612595
21347,0.0018283097
21348,0.06762547
21349,0.050547253
21350,0.23716652
21351,0.99157447
21352,0.07826835
21353,0.088034466
21354,0.08293367
21355,0.1707193
21356,0.06561132
21357,0.20863385
21358,0.18118033
21359,0.04372217
21360,0.091746725
21361,0.096914895
21362,0.100907885
21363,0.063782334
21364,0.025326941
21365,0.27126497
21366,0.28519505
21367,0.26422963
21368,0.10962669
21369,0.06781791
21370,0.0702479
21371,0.20748448
21372,0.032852784
21373,0.016794665
21374,0.015043484
21375,0.019940706
21376,0.06505082
21377,0.049571253
21378,0.25458372
21379,0.44612497
21380,0.24344635
21381,0.24414583
21382,0.11273171
21383,0.165617
21384,0.1475389
21385,0.5757052
21386,0.033590086
21387,0.046569716
21388,0.0072092847
21389,0.12182256
21390,0.1894819
21391,0.21896712
21392,0.39206916
21393,0.26357615
21394,0.18836482
21395,0.9905556
21396,0.24488208
21397,0.0061132535
21398,0.16189937
21399,0.15700363
21400,0.0014168492
21401,0.058096487
21402,0.49644154
21403,0.037718188
21404,0.015266778
21405,0.032823574
21406,0.033036206
21407,0.10955564
21408,0.24345109
21409,0.23506813
21410,0.26589233
21411,0.21380642
21412,0.19658962
21413,0.13397822
21414,0.15262601
21415,0.027416527
21416,0.19785567
21417,0.059373487
21418,0.06788955
21419,0.37232167
21420,0.2417674
21421,0.011923927
21422,0.44445506
21423,0.29736328
21424,0.007156469
21425,0.0395535
21426,0.123166606
21427,0.07811493
21428,0.0084476415
21429,0.009100085
21430,0.00848744
21431,0.04874319
21432,0.044959657
21433,0.089864954
21434,0.12970987
21435,0.25326675
21436,0.5884446
21437,0.3002866
21438,0.22949553
21439,0.37241858
21440,0.12087886
21441,0.0029070731
21442,0.09192904
21443,0.046028443
21444,0.13792412
21445,0.19554648
21446,0.061596323
21447,0.004682581
21448,0.09416697
21449,0.13852954
21450,0.0044691465
21451,0.07455598
21452,0.13734488
21453,0.019318983
21454,0.011102609
21455,0.026239589
21456,0.001577961
21457,0.0014369104
21458,0.015375927
21459,0.01641348
21460,0.07477509
21461,0.05459816
21462,0.15468708
21463,0.1844153
21464,0.10103762
21465,0.5263599
21466,0.45074004
21467,0.2597641
21468,0.14285548
21469,0.0522043
21470,0.039282955
21471,0.030728597
21472,0.13507983
21473,0.0039969375
21474,0.008648544
21475,0.0046530827
21476,0.9923374
21477,0.050277717
21478,0.013525675
21479,0.10324327
21480,0.074394636
21481,0.114106394
21482,0.07449366
21483,0.009159679
21484,0.0024884692
21485,0.011436249
21486,0.0010220469
21487,0.016272202
21488,0.060613863
21489,0.113393545
21490,0.4992432
21491,0.26488033
21492,0.15833457
21493,0.9668234
21494,0.25938392
21495,0.31294543
21496,0.20807739
21497,0.11223868
21498,0.017540831
21499,0.033447705
21500,0.054744147
21501,0.006034161
21502,0.0987853
21503,0.3739721
21504,0.03093265
21505,0.2386475
21506,0.0041041486
21507,0.06851856
21508,0.11196575
21509,0.13297129
21510,0.15723546
21511,0.0030052126
21512,0.016880298
21513,0.011578905
21514,0.033914287
21515,0.1416674
21516,0.95669806
21517,0.19908401
21518,0.6113895
21519,0.20355558
21520,0.21217072
21521,0.22909312
21522,0.11471883
21523,0.052904777
21524,0.008085785
21525,0.027558854
21526,0.047365896
21527,0.17202549
21528,0.10300396
21529,0.046204753
21530,0.1975493
21531,0.013354098
21532,0.043055803
21533,0.0072809504
21534,0.2512945
21535,0.002369617
21536,0.002634586
21537,0.0069947415
21538,0.10242804
21539,0.16225944
21540,0.010866538
21541,0.0053171003
21542,0.113606825
21543,0.17621681
21544,0.08505026
21545,0.0886332
21546,0.023289753
21547,0.1639817
21548,0.14370415
21549,0.011959304
21550,0.09380498
21551,0.104665324
21552,0.035141557
21553,0.03655736
21554,0.07575123
21555,0.0052849962
21556,0.011640845
21557,0.0783787
21558,0.009704785
21559,0.12837456
21560,0.03133442
21561,0.03911963
21562,0.005812978
21563,0.032522988
21564,0.19534037
21565,0.27804333
21566,0.5587357
21567,0.15600833
21568,0.011085103
21569,0.041097812
21570,0.10588267
21571,0.009468699
21572,0.024460861
21573,0.011750087
21574,0.015594175
21575,0.08335344
21576,0.06267382
21577,0.39163226
21578,0.010444164
21579,0.011018744
21580,0.0445749
21581,0.047199607
21582,0.12959604
21583,0.30500236
21584,0.14880183
21585,0.0022391963
21586,0.15299591
21587,0.041387893
21588,0.021564122
21589,0.08546914
21590,0.058435984
21591,0.032941174
21592,0.008091369
21593,0.014355794
21594,0.0086533455
21595,0.26354027
21596,0.0041242605
21597,0.005844048
21598,0.11572634
21599,0.07680365
21600,0.04085461
21601,0.010146286
21602,0.0030853706
21603,0.064885415
21604,0.24208836
21605,0.03250425
21606,0.0028368672
21607,0.04715755
21608,0.010224944
21609,0.010969726
21610,0.2198781
21611,0.07633687
21612,0.15320644
21613,0.11377976
21614,0.036975592
21615,0.05749788
21616,0.07925819
21617,0.018283661
21618,0.23298576
21619,0.10259185
21620,0.15191785
21621,0.015919598
21622,0.066975415
21623,0.086421214
21624,0.0071699293
21625,0.0019747722
21626,0.3167897
21627,0.76093525
21628,0.13582861
21629,0.056364667
21630,0.011111079
21631,0.0922711
21632,0.07319416
21633,0.0044272924
21634,0.07818607
21635,0.120596744
21636,0.050387133
21637,0.91380054
21638,0.085568264
21639,0.009340595
21640,0.060363937
21641,0.06027689
21642,0.031876333
21643,0.091547795
21644,0.113310054
21645,0.4005235
21646,0.061381496
21647,0.13803962
21648,0.03314148
21649,0.0020369212
21650,0.08490682
21651,0.032744613
21652,0.00312141
21653,0.050969303
21654,0.021259224
21655,0.019063257
21656,0.040703207
21657,0.0053754
21658,0.12592176
21659,0.024853839
21660,0.075464584
21661,0.008556192
21662,0.0017340549
21663,0.116910495
21664,0.056870293
21665,0.02177813
21666,0.046334215
21667,0.050726395
21668,0.98883116
21669,0.03218314
21670,0.15378344
21671,0.04370918
21672,0.044180043
21673,0.03682992
21674,0.07543743
21675,0.012060751
21676,0.018970493
21677,0.27875358
21678,0.0013559273
21679,0.0053454796
21680,0.010550756
21681,0.0032465025
21682,0.012054147
21683,0.114338085
21684,0.0042391284
21685,0.008056298
21686,0.1339545
21687,0.005094768
21688,0.019137714
21689,0.046581756
21690,0.2313592
21691,0.018699367
21692,0.0134601
21693,0.040111475
21694,0.0051499084
21695,0.16086848
21696,0.040994175
21697,0.02361564
21698,0.007984471
21699,0.004825539
21700,0.03874262
21701,0.17675868
21702,0.07217069
21703,0.0913475
21704,0.07266174
21705,0.012758264
21706,0.058656357
21707,0.0016841029
21708,0.09535222
21709,0.18183573
21710,0.17215633
21711,0.0020978616
21712,0.0025769589
21713,0.005354883
21714,0.01905013
21715,0.00076532416
21716,0.013818296
21717,0.017123569
21718,0.00942417
21719,0.002016698
21720,0.013526837
21721,0.05486837
21722,0.026520783
21723,0.09361436
21724,0.009411169
21725,0.007886019
21726,0.11013268
21727,0.23748076
21728,0.006244558
21729,0.006391687
21730,0.10971238
21731,0.0049424777
21732,0.02433953
21733,0.014849855
21734,0.0023496365
21735,0.017515134
21736,0.0049664415
21737,0.0075686397
21738,0.020681199
21739,0.0020366202
21740,0.004787638
21741,0.004912661
21742,0.029275011
21743,0.046625566
21744,0.0069155125
21745,0.0035887402
21746,0.008198066
21747,0.0034450428
21748,0.10690917
21749,0.014111835
21750,0.0438895
21751,0.004371905
21752,0.0159744
21753,0.008465211
21754,0.15890458
21755,0.013913581
21756,0.0076302486
21757,0.007844434
21758,0.30991882
21759,0.07048418
21760,0.06521709
21761,0.06378511
21762,0.03437835
21763,0.0090392465
21764,0.0878462
21765,0.0030003823
21766,0.095766336
21767,0.025766134
21768,0.1911946
21769,0.012185825
21770,0.013668582
21771,0.03880367
21772,0.069988534
21773,0.0016113378
21774,0.003847255
21775,0.0011711655
21776,0.005167718
21777,0.060874026
21778,0.0074151047
21779,0.006169505
21780,0.09705376
21781,0.09494867
21782,0.005576411
21783,0.18191323
21784,0.00392284
21785,0.034847394
21786,0.013605846
21787,0.0035111238
21788,0.0029452697
21789,0.03734012
21790,0.0075003095
21791,0.012971777
21792,0.022593085
21793,0.018435407
21794,0.004817943
21795,0.009952361
21796,0.22133704
21797,0.23746845
21798,0.09972842
21799,0.006794952
21800,0.012706061
21801,0.044201974
21802,0.08017205
21803,0.08537249
21804,0.0079687815
21805,0.04944487
21806,0.14020765
21807,0.044637628
21808,0.0476789
21809,0.015545046
21810,0.002844772
21811,0.18642756
21812,0.054969717
21813,0.19076923
21814,0.16638364
21815,0.1384083
21816,0.01475046
21817,0.014762878
21818,0.2819721
21819,0.11535601
21820,0.34213865
21821,0.11162873
21822,0.23086801
21823,0.012658685
21824,0.0089272605
21825,0.018469494
21826,0.012227053
21827,0.18098502
21828,0.0042426186
21829,0.6211399
21830,0.14050028
21831,0.109972276
21832,0.011816153
21833,0.032847054
21834,0.06796927
21835,0.13898411
21836,0.3605593
21837,0.289299
21838,0.05574412
21839,0.14668018
21840,0.16388862
21841,0.1153966
21842,0.092287675
21843,0.05191972
21844,0.089699134
21845,0.11255207
21846,0.034337312
21847,0.31322908
21848,0.13738573
21849,0.21771064
21850,0.36546534
21851,0.16714449
21852,0.47230667
21853,0.08498335
21854,0.5462958
21855,0.06160388
21856,0.042229015
21857,0.01734704
21858,0.07839747
21859,0.1958712
21860,0.076625705
21861,0.02367299
21862,0.11647521
21863,0.08912592
21864,0.35333306
21865,0.038973592
21866,0.08663077
21867,0.09009831
21868,0.07294369
21869,0.0034224554
21870,0.09276028
21871,0.088148415
21872,0.0020396386
21873,0.011880808
21874,0.16738321
21875,0.118904196
21876,0.1912262
21877,0.020284634
21878,0.012862879
21879,0.05086302
21880,0.013796508
21881,0.42641392
21882,0.039535448
21883,0.0070788935
21884,0.11654254
21885,0.27979785
21886,0.2675685
21887,0.098049305
21888,0.03549864
21889,0.008204499
21890,0.011591314
21891,0.012712793
21892,0.006976284
21893,0.06886927
21894,0.086903416
21895,0.025865724
21896,0.07838087
21897,0.19746333
21898,0.2675361
21899,0.008397166
21900,0.014542532
21901,0.06386976
21902,0.0063110045
21903,0.018826835
21904,0.010040076
21905,0.025418472
21906,0.2502282
21907,0.00722842
21908,0.047851317
21909,0.009888047
21910,0.15441759
21911,0.0075202114
21912,0.120119646
21913,0.42727605
21914,0.08371706
21915,0.09593794
21916,0.003649807
21917,0.018803878
21918,0.051928747
21919,0.07418322
21920,0.016020235
21921,0.16905661
21922,0.14949411
21923,0.07382401
21924,0.12072241
21925,0.073840216
21926,0.111218676
21927,0.034636766
21928,0.038167633
21929,0.019402687
21930,0.12466846
21931,0.09800394
21932,0.133346
21933,0.031474113
21934,0.03742916
21935,0.0017026141
21936,0.016426224
21937,0.004807928
21938,0.024905501
21939,0.03205518
21940,0.019555658
21941,0.036298044
21942,0.19593054
21943,0.23676515
21944,0.026648706
21945,0.050164066
21946,0.0022661476
21947,0.097617626
21948,0.041966382
21949,0.025556693
21950,0.05025091
21951,0.007803551
21952,0.24360189
21953,0.05032138
21954,0.0148387775
21955,0.034874417
21956,0.0031541488
21957,0.09856818
21958,0.05563771
21959,0.1342272
21960,0.14216574
21961,0.1764889
21962,0.06040455
21963,0.056751866
21964,0.028696533
21965,0.06086748
21966,0.0467123
21967,0.007449457
21968,0.12416077
21969,0.06783314
21970,0.39162517
21971,0.115399264
21972,0.0026357747
21973,0.113474295
21974,0.05780827
21975,0.026372302
21976,0.011066735
21977,0.009425665
21978,0.04720646
21979,0.014979596
21980,0.001703004
21981,0.09610178
21982,0.060767777
21983,0.10964912
21984,0.056733597
21985,0.1309717
21986,0.17964725
21987,0.29076445
21988,0.066602185
21989,0.019599024
21990,0.10787437
21991,0.0069049476
21992,0.099784136
21993,0.087374985
21994,0.1136176
21995,0.06635623
21996,0.056700777
21997,0.007910824
21998,0.045588356
21999,0.008261214
22000,0.17371441
22001,0.07292861
22002,0.0013107243
22003,0.013944946
22004,0.028302113
22005,0.018190261
22006,0.09639739
22007,0.07598292
22008,0.12687626
22009,0.09587833
22010,0.16476993
22011,0.12653579
22012,0.21464746
22013,0.036728702
22014,0.07178671
22015,0.0077018416
22016,0.07009818
22017,0.042604223
22018,0.04014515
22019,0.048031796
22020,0.021398377
22021,0.026416142
22022,0.009244153
22023,0.059836168
22024,0.059342764
22025,0.0054673753
22026,0.024199594
22027,0.028415794
22028,0.017710967
22029,0.14080665
22030,0.02739971
22031,0.15178025
22032,0.07348461
22033,0.11540993
22034,0.3766391
22035,0.095427856
22036,0.113036014
22037,0.0699445
22038,0.08572426
22039,0.061892767
22040,0.096055225
22041,0.07822199
22042,0.026658356
22043,0.3254511
22044,0.084984265
22045,0.12904732
22046,0.05994634
22047,0.0575386
22048,0.01523677
22049,0.04233112
22050,0.0041545676
22051,0.3545383
22052,0.048563104
22053,0.07052161
22054,0.090279356
22055,0.5512867
22056,0.058145553
22057,0.0065200008
22058,0.17763087
22059,0.07849913
22060,0.21596968
22061,0.30710205
22062,0.058829956
22063,0.004904823
22064,0.003575944
22065,0.069811866
22066,0.029330513
22067,0.1411362
22068,0.2139134
22069,0.004390668
22070,0.17736201
22071,0.012791285
22072,0.07616682
22073,0.004905236
22074,0.018085431
22075,0.02925942
22076,0.046052296
22077,0.06825968
22078,0.008589861
22079,0.10532643
22080,0.13924712
22081,0.20635357
22082,0.1418256
22083,0.056824453
22084,0.14196095
22085,0.23174426
22086,0.19445756
22087,0.06912007
22088,0.006951125
22089,0.041436512
22090,0.009913179
22091,0.050832618
22092,0.47111225
22093,0.040721156
22094,0.06401586
22095,0.24418321
22096,0.16765271
22097,0.0077810525
22098,0.057707213
22099,0.06641763
22100,0.23280135
22101,0.20039792
22102,0.008871836
22103,0.07067875
22104,0.043972798
22105,0.12064608
22106,0.14684573
22107,0.14597568
22108,0.1848737
22109,0.2752542
22110,0.10795299
22111,0.06240042
22112,0.0726708
22113,0.04004996
22114,0.25189638
22115,0.7686087
22116,0.10230044
22117,0.012338618
22118,0.32127172
22119,0.009060634
22120,0.087596916
22121,0.23803172
22122,0.053744577
22123,0.0745533
22124,0.02049018
22125,0.054313652
22126,0.0068486207
22127,0.3914421
22128,0.020361163
22129,0.074865706
22130,0.2143102
22131,0.10382684
22132,0.19662973
22133,0.32583445
22134,0.35233197
22135,0.0077658407
22136,0.1749762
22137,0.10964131
22138,0.121153034
22139,0.9354297
22140,0.33952898
22141,0.34738895
22142,0.0057714432
22143,0.041714072
22144,0.12383616
22145,0.041479785
22146,0.015676191
22147,0.034617025
22148,0.06628474
22149,0.006307208
22150,0.014411537
22151,0.0068690935
22152,0.017076168
22153,0.07241281
22154,0.085212514
22155,0.082181804
22156,0.10892092
22157,0.10238798
22158,0.17656067
22159,0.1469005
22160,0.11257212
22161,0.1956891
22162,0.0077827103
22163,0.07020142
22164,0.9916458
22165,0.9289216
22166,0.71826863
22167,0.0021769688
22168,0.14699072
22169,0.31100807
22170,0.07234695
22171,0.0020422365
22172,0.09269764
22173,0.0656858
22174,0.054726593
22175,0.04704683
22176,0.0064628953
22177,0.33171263
22178,0.011177547
22179,0.005446062
22180,0.1576721
22181,0.15458974
22182,0.041153193
22183,0.051717393
22184,0.23760502
22185,0.104996875
22186,0.0021069008
22187,0.103323296
22188,0.08876316
22189,0.08413977
22190,0.9917574
22191,0.58296263
22192,0.6888503
22193,0.0082846545
22194,0.034938805
22195,0.008037965
22196,0.3774112
22197,0.014348512
22198,0.23146765
22199,0.04573668
22200,0.08629345
22201,0.012002004
22202,0.13549477
22203,0.1404805
22204,0.16775393
22205,0.17305471
22206,0.34732446
22207,0.419288
22208,0.1612804
22209,0.111767426
22210,0.047570404
22211,0.035096526
22212,0.11433238
22213,0.083155304
22214,0.07563609
22215,0.0143058095
22216,0.1585527
22217,0.1457816
22218,0.06893136
22219,0.09103598
22220,0.7631691
22221,0.98724383
22222,0.9924757
22223,0.24842444
22224,0.020764403
22225,0.18095848
22226,0.010355997
22227,0.29116073
22228,0.0028307182
22229,0.013016651
22230,0.06742856
22231,0.04277483
22232,0.22589307
22233,0.99102485
22234,0.08919078
22235,0.09414991
22236,0.07629337
22237,0.1598285
22238,0.07108472
22239,0.19091976
22240,0.18116786
22241,0.03566324
22242,0.093406424
22243,0.099164546
22244,0.08035342
22245,0.05482765
22246,0.06613936
22247,0.29370928
22248,0.36776504
22249,0.1731658
22250,0.07913096
22251,0.0015592014
22252,0.08344595
22253,0.040272284
22254,0.18493292
22255,0.004311112
22256,0.011129735
22257,0.0034814323
22258,0.048171796
22259,0.057082366
22260,0.25924808
22261,0.4380556
22262,0.21536024
22263,0.18552154
22264,0.1512369
22265,0.19570404
22266,0.18124083
22267,0.6000805
22268,0.06047573
22269,0.04937039
22270,0.0055187205
22271,0.07915471
22272,0.20044465
22273,0.2096899
22274,0.39656734
22275,0.2658524
22276,0.19623403
22277,0.99029505
22278,0.10670893
22279,0.002619803
22280,0.20601907
22281,0.15441632
22282,0.015299788
22283,0.08273604
22284,0.39423397
22285,0.050073523
22286,0.0082709845
22287,0.028032055
22288,0.059458304
22289,0.15122291
22290,0.25616676
22291,0.2556705
22292,0.27521852
22293,0.23679717
22294,0.14493468
22295,0.15733798
22296,0.233635
22297,0.0062920437
22298,0.0054681315
22299,0.17351249
22300,0.07635026
22301,0.07966087
22302,0.40772843
22303,0.22154644
22304,0.049725033
22305,0.40058368
22306,0.25827056
22307,0.06210071
22308,0.06788427
22309,0.09340027
22310,0.051512707
22311,0.020813454
22312,0.008435629
22313,0.011491157
22314,0.061179858
22315,0.075729564
22316,0.09759654
22317,0.12613939
22318,0.2785647
22319,0.6930787
22320,0.33258834
22321,0.26627746
22322,0.392965
22323,0.11733104
22324,0.08675816
22325,0.10025988
22326,0.12885424
22327,0.23536675
22328,0.06222756
22329,0.034791898
22330,0.06913879
22331,0.104458705
22332,0.023414616
22333,0.08940484
22334,0.002382153
22335,0.011717798
22336,0.0038330466
22337,0.013019612
22338,0.101007044
22339,0.008693717
22340,0.01522655
22341,0.01755535
22342,0.036816426
22343,0.07419072
22344,0.17387289
22345,0.22869042
22346,0.09891484
22347,0.52483684
22348,0.44519955
22349,0.24289839
22350,0.09252686
22351,0.024833148
22352,0.038199954
22353,0.0851232
22354,0.0070116646
22355,0.01261795
22356,0.9924275
22357,0.05438011
22358,0.013237139
22359,0.03457155
22360,0.08468391
22361,0.10084949
22362,0.02975152
22363,0.012590175
22364,0.041469008
22365,0.008262677
22366,0.008439714
22367,0.03231507
22368,0.07692887
22369,0.102711536
22370,0.5354476
22371,0.31808367
22372,0.16108848
22373,0.98126924
22374,0.2688113
22375,0.32866248
22376,0.19845627
22377,0.032619182
22378,0.048979126
22379,0.010825431
22380,0.06586724
22381,0.048589237
22382,0.03283094
22383,0.11227137
22384,0.37842932
22385,0.05643659
22386,0.28440905
22387,0.00230536
22388,0.088069096
22389,0.13609366
22390,0.066535786
22391,0.18841131
22392,0.0085017085
22393,0.0027615388
22394,0.04419607
22395,0.1344518
22396,0.9795105
22397,0.18916596
22398,0.5149374
22399,0.1928
22400,0.25527862
22401,0.18421637
22402,0.11933707
22403,0.021862544
22404,0.008076208
22405,0.025513416
22406,0.024891483
22407,0.012356013
22408,0.13630798
22409,0.114233926
22410,0.016930383
22411,0.25876623
22412,0.013188613
22413,0.04202921
22414,0.23231235
22415,0.002088602
22416,0.10006176
22417,0.1744988
22418,0.01977319
22419,0.14683196
22420,0.17645557
22421,0.07114151
22422,0.10101708
22423,0.0053431233
22424,0.11231641
22425,0.07273636
22426,0.078739546
22427,0.08636929
22428,0.0358532
22429,0.006632477
22430,0.12164368
22431,0.004931024
22432,0.11768343
22433,0.036609042
22434,0.011583013
22435,0.10043049
22436,0.029635096
22437,0.04495124
22438,0.033750985
22439,0.16414076
22440,0.3133507
22441,0.54846406
22442,0.1211008
22443,0.0029315935
22444,0.011139758
22445,0.021461168
22446,0.0053654015
22447,0.048371717
22448,0.06354569
22449,0.007468662
22450,0.0245922
22451,0.011225482
22452,0.0073343352
22453,0.008195922
22454,0.0067531667
22455,0.09121497
22456,0.08530763
22457,0.42132807
22458,0.0051304377
22459,0.010210337
22460,0.015571505
22461,0.051519744
22462,0.12915778
22463,0.25682682
22464,0.13777499
22465,0.001139665
22466,0.15362427
22467,0.0018622747
22468,0.00801235
22469,0.008428851
22470,0.0526232
22471,0.10325619
22472,0.052610934
22473,0.0013647709
22474,0.008355875
22475,0.23654361
22476,0.018674042
22477,0.0032953452
22478,0.0045068455
22479,0.104478516
22480,0.078256145
22481,0.040413193
22482,0.0043259664
22483,0.022988364
22484,0.03743601
22485,0.22746666
22486,0.039704528
22487,0.0113887815
22488,0.07042028
22489,0.0040025953
22490,0.07914661
22491,0.2867515
22492,0.04416679
22493,0.16138218
22494,0.081446394
22495,0.013896704
22496,0.022469804
22497,0.04206583
22498,0.02423501
22499,0.26828495
22500,0.0098561505
22501,0.21612522
22502,0.02403595
22503,0.05437275
22504,0.09195951
22505,0.005257697
22506,0.32805333
22507,0.75279236
22508,0.14690939
22509,0.063380055
22510,0.0035738372
22511,0.09958114
22512,0.022294309
22513,0.026147544
22514,0.09387878
22515,0.16060391
22516,0.09830447
22517,0.85909766
22518,0.06367132
22519,0.010028278
22520,0.06507057
22521,0.07712988
22522,0.0062123043
22523,0.039287806
22524,0.096415676
22525,0.3537661
22526,0.036508672
22527,0.19390896
22528,0.013471055
22529,0.074890256
22530,0.09772581
22531,0.059527606
22532,0.025419574
22533,0.05198126
22534,0.038763165
22535,0.009383041
22536,0.0118268505
22537,0.08163164
22538,0.004749263
22539,0.07550692
22540,0.012925384
22541,0.048699208
22542,0.008036892
22543,0.01966873
22544,0.09445752
22545,0.0496508
22546,0.046627827
22547,0.03427611
22548,0.007911474
22549,0.990657
22550,0.015509382
22551,0.1413647
22552,0.06459059
22553,0.0055359723
22554,0.044131447
22555,0.04433015
22556,0.010582713
22557,0.0028765537
22558,0.25073197
22559,0.0059781796
22560,0.010305976
22561,0.018783389
22562,0.11640017
22563,0.014502943
22564,0.008083235
22565,0.13546976
22566,0.006067715
22567,0.049920183
22568,0.04635771
22569,0.25773925
22570,0.015051064
22571,0.012585923
22572,0.012390912
22573,0.0061293617
22574,0.0811592
22575,0.0013481501
22576,0.0032302588
22577,0.18101382
22578,0.067113504
22579,0.016039269
22580,0.0057420493
22581,0.057790868
22582,0.16901393
22583,0.055926867
22584,0.066213705
22585,0.112939894
22586,0.01239412
22587,0.008959902
22588,0.07119335
22589,0.21120784
22590,0.15215248
22591,0.0057191676
22592,0.008912469
22593,0.010170274
22594,0.00560249
22595,0.009149225
22596,0.00698048
22597,0.0071147727
22598,0.024339285
22599,0.009356271
22600,0.0049640136
22601,0.0071267867
22602,0.0064112702
22603,0.012576374
22604,0.03938352
22605,0.06219294
22606,0.12706478
22607,0.07351935
22608,0.15685134
22609,0.005900481
22610,0.0050677755
22611,0.010359119
22612,0.008254636
22613,0.011774264
22614,0.00076999754
22615,0.018077638
22616,0.0014962007
22617,0.013366729
22618,0.0025314856
22619,0.0057616397
22620,0.0063497634
22621,0.06061455
22622,0.013850547
22623,0.021721933
22624,0.009356792
22625,0.011769181
22626,0.0071157315
22627,0.004216625
22628,0.0011347344
22629,0.0038111017
22630,0.10917141
22631,0.019972924
22632,0.0048904205
22633,0.0015675748
22634,0.005236719
22635,0.15442064
22636,0.007295287
22637,0.25485605
22638,0.043989718
22639,0.015760925
22640,0.06001376
22641,0.005457476
22642,0.04930085
22643,0.008592566
22644,0.098640576
22645,0.17263672
22646,0.0040274337
22647,0.24088708
22648,0.0010124324
22649,0.020040851
22650,0.06642523
22651,0.004075327
22652,0.006856923
22653,0.0053312993
22654,0.06302961
22655,0.0009542792
22656,0.0011348408
22657,0.089043945
22658,0.105853006
22659,0.0053496263
22660,0.14236233
22661,0.009367466
22662,0.023152614
22663,0.008763935
22664,0.009593685
22665,0.012227276
22666,0.0022264349
22667,0.03230568
22668,0.011189221
22669,0.007460762
22670,0.022195643
22671,0.011317643
22672,0.004830965
22673,0.00547813
22674,0.008784441
22675,0.006133451
22676,0.19360715
22677,0.26315463
22678,0.014871344
22679,0.097227536
22680,0.00389401
22681,0.03409663
22682,0.050420202
22683,0.13949451
22684,0.036548268
22685,0.16570781
22686,0.02374712
22687,0.18670821
22688,0.00551747
22689,0.11123581
22690,0.009282878
22691,0.09722854
22692,0.111094356
22693,0.037540793
22694,0.2402223
22695,0.30066672
22696,0.12252994
22697,0.23311177
22698,0.0132716745
22699,0.082248546
22700,0.03336086
22701,0.012905633
22702,0.010054722
22703,0.09176768
22704,0.035065684
22705,0.62162864
22706,0.18123011
22707,0.04587104
22708,0.100476086
22709,0.087283924
22710,0.018941488
22711,0.030958693
22712,0.011598593
22713,0.025228798
22714,0.052796505
22715,0.13332024
22716,0.37826943
22717,0.38770586
22718,0.011659336
22719,0.08184854
22720,0.215503
22721,0.14475532
22722,0.0023056658
22723,0.08000316
22724,0.07899603
22725,0.043802615
22726,0.020846453
22727,0.30875766
22728,0.032226596
22729,0.23985133
22730,0.3562096
22731,0.14156918
22732,0.41613936
22733,0.05453375
22734,0.60542506
22735,0.05600231
22736,0.029904336
22737,0.11127184
22738,0.17781207
22739,0.05183872
22740,0.0060291374
22741,0.03968054
22742,0.009164694
22743,0.3297418
22744,0.014034619
22745,0.064849064
22746,0.14739065
22747,0.10473211
22748,0.115798354
22749,0.04348411
22750,0.014370064
22751,0.03544811
22752,0.08800197
22753,0.16700153
22754,0.022639148
22755,0.15022315
22756,0.054572396
22757,0.06711048
22758,0.25401628
22759,0.11403795
22760,0.08513532
22761,0.34756106
22762,0.31581494
22763,0.0073721274
22764,0.0056619863
22765,0.12111511
22766,0.03468243
22767,0.008355708
22768,0.0012651583
22769,0.032687552
22770,0.10810262
22771,0.064769275
22772,0.15833053
22773,0.2127994
22774,0.008114258
22775,0.010157792
22776,0.007259688
22777,0.043476775
22778,0.006899148
22779,0.03626257
22780,0.01731996
22781,0.053417005
22782,0.2839407
22783,0.0032028318
22784,0.01817314
22785,0.11841929
22786,0.051488925
22787,0.172201
22788,0.46561012
22789,0.13972554
22790,0.050934326
22791,0.012694704
22792,0.044109937
22793,0.040559508
22794,0.08813201
22795,0.0021444503
22796,0.008137595
22797,0.14879875
22798,0.19698879
22799,0.038499493
22800,0.10823526
22801,0.08072432
22802,0.006703013
22803,0.07980967
22804,0.050996028
22805,0.036755316
22806,0.02666911
22807,0.00667118
22808,0.1479083
22809,0.07256189
22810,0.11679317
22811,0.019460034
22812,0.040627167
22813,0.008816341
22814,0.0031186733
22815,0.0041207084
22816,0.019336497
22817,0.031576417
22818,0.016829783
22819,0.19225875
22820,0.19201736
22821,0.08187187
22822,0.037264787
22823,0.0059989626
22824,0.06266212
22825,0.05099237
22826,0.0073690466
22827,0.06969128
22828,0.018104156
22829,0.06995352
22830,0.23117907
22831,0.034528773
22832,0.043514855
22833,0.054178994
22834,0.0020555793
22835,0.12737013
22836,0.058836125
22837,0.16690001
22838,0.1119629
22839,0.14440612
22840,0.07449489
22841,0.033320457
22842,0.043762542
22843,0.048613306
22844,0.05002408
22845,0.12448277
22846,0.054007195
22847,0.46771127
22848,0.10921776
22849,0.01559375
22850,0.12290816
22851,0.0041728793
22852,0.04492768
22853,0.012319056
22854,0.01214207
22855,0.08869299
22856,0.012688896
22857,0.0058545507
22858,0.03418933
22859,0.115982965
22860,0.11509983
22861,0.07973281
22862,0.074782744
22863,0.119281866
22864,0.17684558
22865,0.2925555
22866,0.066021785
22867,0.013589081
22868,0.06793658
22869,0.013549882
22870,0.038679644
22871,0.05868466
22872,0.06434383
22873,0.1301217
22874,0.04141829
22875,0.07966553
22876,0.040048532
22877,0.05391503
22878,0.028899144
22879,0.16428943
22880,0.0037045144
22881,0.04837847
22882,0.023620771
22883,0.0025709388
22884,0.056767814
22885,0.030805152
22886,0.08633397
22887,0.11203748
22888,0.09450926
22889,0.08099826
22890,0.18784982
22891,0.13732669
22892,0.19913515
22893,0.0020049405
22894,0.10668739
22895,0.0012761699
22896,0.056455743
22897,0.026908329
22898,0.059438188
22899,0.049497876
22900,0.023966096
22901,0.04879432
22902,0.0031259223
22903,0.03741296
22904,0.039778017
22905,0.016964655
22906,0.08241555
22907,0.008406835
22908,0.0021436685
22909,0.13097316
22910,0.024371985
22911,0.02560943
22912,0.14354989
22913,0.04187716
22914,0.15742579
22915,0.3013578
22916,0.10558782
22917,0.10650148
22918,0.06511193
22919,0.10225409
22920,0.07802079
22921,0.085678354
22922,0.0684443
22923,0.008136817
22924,0.34094658
22925,0.13891482
22926,0.09043257
22927,0.057740886
22928,0.045101415
22929,0.01504259
22930,0.0051356917
22931,0.04406877
22932,0.0032832965
22933,0.37812304
22934,0.056520283
22935,0.056528658
22936,0.10294175
22937,0.5479362
22938,0.08823818
22939,0.02681582
22940,0.17371488
22941,0.121046945
22942,0.22844104
22943,0.30697453
22944,0.024904639
22945,0.0042063487
22946,0.018782383
22947,0.055169843
22948,0.11967419
22949,0.18361601
22950,0.033515017
22951,0.09995736
22952,0.044272058
22953,0.069300465
22954,0.0088249
22955,0.031945627
22956,0.06508489
22957,0.005116096
22958,0.12195971
22959,0.1347505
22960,0.21130157
22961,0.15700488
22962,0.010460216
22963,0.12287694
22964,0.17913803
22965,0.20555222
22966,0.090426244
22967,0.009016729
22968,0.06469485
22969,0.5135044
22970,0.014898476
22971,0.10146328
22972,0.28206402
22973,0.15594806
22974,0.007907623
22975,0.007168293
22976,0.0015587291
22977,0.06922354
22978,0.06701015
22979,0.2161721
22980,0.20557395
22981,0.008710353
22982,0.08774684
22983,0.05967734
22984,0.14664645
22985,0.17887133
22986,0.13880335
22987,0.16564591
22988,0.24152283
22989,0.09196584
22990,0.09622095
22991,0.09512329
22992,0.004402311
22993,0.26049918
22994,0.84549105
22995,0.10174747
22996,0.011103655
22997,0.33975774
22998,0.009533206
22999,0.04417054
23000,0.21418278
23001,0.011480541
23002,0.0072533367
23003,0.06017848
23004,0.06353632
23005,0.002276366
23006,0.056619007
23007,0.007079421
23008,0.42145085
23009,0.054843575
23010,0.07333398
23011,0.24790697
23012,0.13973927
23013,0.21620217
23014,0.33582413
23015,0.38619176
23016,0.15975235
23017,0.108226955
23018,0.12707278
23019,0.9091179
23020,0.32683173
23021,0.35545
23022,0.043791436
23023,0.18204823
23024,0.1623063
23025,0.025228355
23026,0.005222766
23027,0.08147786
23028,0.00712951
23029,0.007212244
23030,0.047546126
23031,0.07010616
23032,0.10701801
23033,0.08091864
23034,0.07317273
23035,0.10257927
23036,0.21556866
23037,0.16627438
23038,0.023818187
23039,0.14289197
23040,0.22176817
23041,0.00782079
23042,0.04078155
23043,0.99159926
23044,0.7788985
23045,0.6100477
23046,0.0053446656
23047,0.0063187242
23048,0.12385528
23049,0.3807164
23050,0.08736038
23051,0.0015919786
23052,0.028114906
23053,0.01746571
23054,0.0066164546
23055,0.06731321
23056,0.085556075
23057,0.05927167
23058,0.006868033
23059,0.36445758
23060,0.0015199084
23061,0.0027917454
23062,0.15259847
23063,0.15655816
23064,0.010346721
23065,0.05722096
23066,0.23625219
23067,0.12553433
23068,0.026917499
23069,0.09383975
23070,0.10834105
23071,0.10141392
23072,0.99122155
23073,0.6291076
23074,0.6476274
23075,0.0047867396
23076,0.019183893
23077,0.023829384
23078,0.40068468
23079,0.04026095
23080,0.19958004
23081,0.057150584
23082,0.10798229
23083,0.0040182522
23084,0.11867498
23085,0.13560918
23086,0.1557478
23087,0.2659909
23088,0.36494642
23089,0.43024784
23090,0.17840853
23091,0.10332084
23092,0.044707455
23093,0.03709507
23094,0.080262095
23095,0.07308224
23096,0.060104482
23097,0.121020734
23098,0.21403043
23099,0.08087529
23100,0.13070107
23101,0.059156694
23102,0.7563817
23103,0.98757994
23104,0.99239075
23105,0.26922268
23106,0.055861205
23107,0.16734225
23108,0.34954423
23109,0.014393454
23110,0.02654471
23111,0.10749622
23112,0.02131189
23113,0.2430367
23114,0.99175614
23115,0.06606892
23116,0.09395531
23117,0.078725114
23118,0.1737786
23119,0.06965192
23120,0.16125183
23121,0.1846181
23122,0.035816513
23123,0.06661039
23124,0.09413952
23125,0.061249055
23126,0.070764035
23127,0.13759491
23128,0.25310707
23129,0.3480365
23130,0.142124
23131,0.097253844
23132,0.0017635018
23133,0.035839085
23134,0.044539645
23135,0.15715976
23136,0.017331114
23137,0.015322958
23138,0.01731531
23139,0.009839672
23140,0.012344768
23141,0.03897961
23142,0.033844385
23143,0.19322143
23144,0.4575773
23145,0.1997539
23146,0.19212209
23147,0.1171193
23148,0.19012097
23149,0.14299019
23150,0.62238073
23151,0.054733478
23152,0.02392225
23153,0.030326655
23154,0.08852406
23155,0.18588787
23156,0.18884169
23157,0.39032808
23158,0.24557734
23159,0.13918702
23160,0.9902648
23161,0.10155399
23162,0.011113194
23163,0.12157074
23164,0.15839183
23165,0.0027765622
23166,0.06158607
23167,0.21409342
23168,0.05404938
23169,0.008112481
23170,0.013406135
23171,0.040076654
23172,0.12040726
23173,0.2612372
23174,0.25611344
23175,0.26618856
23176,0.22145757
23177,0.11783316
23178,0.10963546
23179,0.2468861
23180,0.03069958
23181,0.17458037
23182,0.09296521
23183,0.007044786
23184,0.38614208
23185,0.20732136
23186,0.0045744414
23187,0.3607108
23188,0.23502667
23189,0.0069016204
23190,0.0728542
23191,0.06588695
23192,0.09376756
23193,0.0037217326
23194,0.010107632
23195,0.0013883983
23196,0.016548343
23197,0.039653957
23198,0.10290794
23199,0.11204038
23200,0.118159115
23201,0.30103427
23202,0.7550443
23203,0.2546142
23204,0.25093168
23205,0.39271942
23206,0.14368819
23207,0.038408097
23208,0.03632321
23209,0.097862735
23210,0.14965276
23211,0.2461771
23212,0.06745483
23213,0.07997512
23214,0.07949544
23215,0.08170124
23216,0.004085281
23217,0.0142531395
23218,0.07820848
23219,0.0059191925
23220,0.02952629
23221,0.002996658
23222,0.10160307
23223,0.0012771717
23224,0.008508191
23225,0.035096522
23226,0.042455953
23227,0.074800625
23228,0.19328587
23229,0.1815052
23230,0.06829335
23231,0.47745132
23232,0.44631648
23233,0.22457702
23234,0.10458279
23235,0.048659958
23236,0.063757
23237,0.088787705
23238,0.009680852
23239,0.0034868144
23240,0.9925364
23241,0.03595934
23242,0.0067985514
23243,0.11555551
23244,0.060727168
23245,0.10914352
23246,0.029966485
23247,0.044545867
23248,0.011590677
23249,0.0023375219
23250,0.0063189715
23251,0.0023589712
23252,0.04296586
23253,0.07451735
23254,0.113916196
23255,0.56300914
23256,0.26434082
23257,0.18475266
23258,0.9804679
23259,0.29532954
23260,0.3505959
23261,0.1827573
23262,0.0031603656
23263,0.018101055
23264,0.011139734
23265,0.096977524
23266,0.035612278
23267,0.01999459
23268,0.045829948
23269,0.38175413
23270,0.12389298
23271,0.23495574
23272,0.023854423
23273,0.115845606
23274,0.13384843
23275,0.13443413
23276,0.18661204
23277,0.005327481
23278,0.004292636
23279,0.016899839
23280,0.007652819
23281,0.02091443
23282,0.1404692
23283,0.9651138
23284,0.24179184
23285,0.50429153
23286,0.207405
23287,0.27895442
23288,0.15713573
23289,0.17514086
23290,0.01322193
23291,0.008496761
23292,0.0118603
23293,0.0104217315
23294,0.011473516
23295,0.08772782
23296,0.10142432
23297,0.076774694
23298,0.18096149
23299,0.0031541314
23300,0.05528908
23301,0.006805262
23302,0.22465107
23303,0.0021364358
23304,0.10316779
23305,0.194537
23306,0.052258123
23307,0.107501164
23308,0.17351334
23309,0.07794254
23310,0.07688932
23311,0.02223185
23312,0.111003116
23313,0.08345529
23314,0.006507317
23315,0.11226654
23316,0.068733215
23317,0.014692542
23318,0.0015573537
23319,0.13151678
23320,0.005311602
23321,0.0075760046
23322,0.011476909
23323,0.037909552
23324,0.04891871
23325,0.095045686
23326,0.049565364
23327,0.032473557
23328,0.00823085
23329,0.06396125
23330,0.18601076
23331,0.28677756
23332,0.5612775
23333,0.13669188
23334,0.0520114
23335,0.012735674
23336,0.070767485
23337,0.09814075
23338,0.009868057
23339,0.025261473
23340,0.0011429107
23341,0.0035886704
23342,0.0105420975
23343,0.006403557
23344,0.0034144316
23345,0.07879423
23346,0.08813662
23347,0.3613151
23348,0.0021919329
23349,0.004892207
23350,0.012186915
23351,0.057795685
23352,0.12519804
23353,0.31161332
23354,0.14668663
23355,0.15066282
23356,0.016664041
23357,0.008497947
23358,0.12881851
23359,0.11872162
23360,0.062315356
23361,0.007750188
23362,0.013627586
23363,0.017990757
23364,0.2338787
23365,0.018630713
23366,0.010535288
23367,0.00450058
23368,0.0028948353
23369,0.12098286
23370,0.060145903
23371,0.059189923
23372,0.0077787368
23373,0.03899648
23374,0.008209281
23375,0.22389328
23376,0.019982727
23377,0.005308346
23378,0.088027164
23379,0.039601587
23380,0.043985758
23381,0.21810254
23382,0.039993808
23383,0.12779263
23384,0.06503715
23385,0.019779135
23386,0.05167834
23387,0.004502504
23388,0.02588737
23389,0.054055847
23390,0.26749128
23391,0.19127943
23392,0.02086254
23393,0.056682695
23394,0.07278253
23395,0.0067745326
23396,0.006816314
23397,0.36075932
23398,0.63774383
23399,0.11440035
23400,0.060863454
23401,0.1116002
23402,0.11593993
23403,0.039493147
23404,0.13293871
23405,0.16199294
23406,0.091833636
23407,0.93684244
23408,0.03605618
23409,0.0042832987
23410,0.05502082
23411,0.017821208
23412,0.049756527
23413,0.010399823
23414,0.12139843
23415,0.36587524
23416,0.08796813
23417,0.17381164
23418,0.0042376434
23419,0.05184231
23420,0.094769046
23421,0.035348803
23422,0.031997055
23423,0.035483837
23424,0.028813368
23425,0.0024709294
23426,0.011927708
23427,0.056571443
23428,0.02231664
23429,0.1415043
23430,0.0032803244
23431,0.04805639
23432,0.008973278
23433,0.032542866
23434,0.079249255
23435,0.059421547
23436,0.002600311
23437,0.0032274034
23438,0.9918531
23439,0.008958805
23440,0.11670758
23441,0.052679587
23442,0.002893859
23443,0.067963295
23444,0.045398153
23445,0.010619236
23446,0.003850238
23447,0.30943367
23448,0.0027990602
23449,0.01031028
23450,0.020633843
23451,0.12875068
23452,0.0023590126
23453,0.12261405
23454,0.024063766
23455,0.003815094
23456,0.04619442
23457,0.20763233
23458,0.0129793035
23459,0.01804041
23460,0.06264849
23461,0.006165891
23462,0.17849797
23463,0.0614884
23464,0.0023592897
23465,0.0048299367
23466,0.083005756
23467,0.17199448
23468,0.104083896
23469,0.04095622
23470,0.08233301
23471,0.008116459
23472,0.05899653
23473,0.010369267
23474,0.06412129
23475,0.19661888
23476,0.1939926
23477,0.0052752453
23478,0.018965885
23479,0.006730364
23480,0.0010028568
23481,0.0077598407
23482,0.03425454
23483,0.022942323
23484,0.0018695336
23485,0.0046413485
23486,0.0046060467
23487,0.021250494
23488,0.009279921
23489,0.07613702
23490,0.054198205
23491,0.12709668
23492,0.008166609
23493,0.05587275
23494,0.21481211
23495,0.005893921
23496,0.0056200777
23497,0.034378998
23498,0.014169459
23499,0.007427807
23500,0.015961077
23501,0.0075101457
23502,0.008087514
23503,0.006222257
23504,0.0066374717
23505,0.006622066
23506,0.0072592115
23507,0.09484482
23508,0.0036300938
23509,0.016984288
23510,0.0058839633
23511,0.005483794
23512,0.0037269052
23513,0.16619006
23514,0.0038249386
23515,0.05965359
23516,0.0046768943
23517,0.0041723093
23518,0.017643962
23519,0.11303488
23520,0.0035596401
23521,0.0074017504
23522,0.32606697
23523,0.057464756
23524,0.009213182
23525,0.07089123
23526,0.0076366263
23527,0.0044919373
23528,0.05419158
23529,0.009982365
23530,0.12554212
23531,0.11188169
23532,0.19169891
23533,0.009135996
23534,0.014201874
23535,0.023980543
23536,0.01636229
23537,0.0043529705
23538,0.0029388734
23539,0.004984901
23540,0.040498115
23541,0.0011880192
23542,0.0020220005
23543,0.09011488
23544,0.03574059
23545,0.19640377
23546,0.008780809
23547,0.0022307958
23548,0.0018171668
23549,0.0045954785
23550,0.007695622
23551,0.04851269
23552,0.009543697
23553,0.010712412
23554,0.013201935
23555,0.035740256
23556,0.0048036473
23557,0.005513246
23558,0.03232441
23559,0.051731754
23560,0.19662634
23561,0.201636
23562,0.002632901
23563,0.09053962
23564,0.013374619
23565,0.073772594
23566,0.13374761
23567,0.03854044
23568,0.038885232
23569,0.021631796
23570,0.039910104
23571,0.017039055
23572,0.13872625
23573,0.043942574
23574,0.06639443
23575,0.021385986
23576,0.20469877
23577,0.02745537
23578,0.040975697
23579,0.13653527
23580,0.17398153
23581,0.06526062
23582,0.14429507
23583,0.065067284
23584,0.35776722
23585,0.115052104
23586,0.20787606
23587,0.057946403
23588,0.088653564
23589,0.016069474
23590,0.017498804
23591,0.094946384
23592,0.029470688
23593,0.79548836
23594,0.21390936
23595,0.033150606
23596,0.008712872
23597,0.09274938
23598,0.031837646
23599,0.016181972
23600,0.016489536
23601,0.008800814
23602,0.13025197
23603,0.18026862
23604,0.46406215
23605,0.4157819
23606,0.023826107
23607,0.29190946
23608,0.09521979
23609,0.015481216
23610,0.062414397
23611,0.027512167
23612,0.07975479
23613,0.064089045
23614,0.038997147
23615,0.3201407
23616,0.163546
23617,0.2169697
23618,0.5616805
23619,0.11636703
23620,0.44824728
23621,0.013745007
23622,0.0374002
23623,0.6739616
23624,0.062469978
23625,0.07011094
23626,0.010692585
23627,0.1149887
23628,0.122319065
23629,0.08951618
23630,0.10436007
23631,0.032905124
23632,0.08973307
23633,0.3758158
23634,0.06581032
23635,0.052672327
23636,0.0672593
23637,0.11622052
23638,0.11356372
23639,0.025689458
23640,0.018106844
23641,0.04648523
23642,0.10300305
23643,0.05668811
23644,0.08881463
23645,0.2221236
23646,0.059294038
23647,0.13902286
23648,0.020491654
23649,0.046977617
23650,0.05264461
23651,0.008521704
23652,0.37778363
23653,0.16917577
23654,0.04512381
23655,0.28776646
23656,0.41406536
23657,0.007332556
23658,0.005985881
23659,0.06473699
23660,0.0053521222
23661,0.007939961
23662,0.004901439
23663,0.06850724
23664,0.12159512
23665,0.2728945
23666,0.23409028
23667,0.010061914
23668,0.08493252
23669,0.015138474
23670,0.05065453
23671,0.026045661
23672,0.29529735
23673,0.0010175795
23674,0.008365256
23675,0.038273327
23676,0.07248777
23677,0.12232037
23678,0.3834311
23679,0.11389699
23680,0.061025668
23681,0.04785288
23682,0.0987312
23683,0.09280944
23684,0.0091124745
23685,0.0042074723
23686,0.044874
23687,0.021352895
23688,0.1036206
23689,0.16313289
23690,0.06137126
23691,0.1068491
23692,0.105093636
23693,0.006948497
23694,0.0514564
23695,0.04794527
23696,0.008860379
23697,0.0038965899
23698,0.0062988736
23699,0.12236662
23700,0.04397144
23701,0.13217004
23702,0.052782513
23703,0.035280332
23704,0.02731364
23705,0.008417971
23706,0.002180926
23707,0.019569326
23708,0.017460609
23709,0.010319733
23710,0.018462904
23711,0.00730124
23712,0.17661753
23713,0.1839346
23714,0.05323545
23715,0.003995144
23716,0.03222037
23717,0.11173955
23718,0.03424915
23719,0.101677254
23720,0.008784978
23721,0.04411327
23722,0.2603724
23723,0.012041238
23724,0.009306371
23725,0.0532948
23726,0.0072438233
23727,0.10853803
23728,0.08677295
23729,0.17349833
23730,0.121140204
23731,0.110083535
23732,0.06126809
23733,0.07910572
23734,0.040758185
23735,0.094322994
23736,0.040561624
23737,0.092090346
23738,0.035512254
23739,0.4157981
23740,0.10662906
23741,0.09096275
23742,0.023106901
23743,0.013381362
23744,0.003188172
23745,0.007121655
23746,0.06297864
23747,0.012811092
23748,0.022849655
23749,0.0072683073
23750,0.02209827
23751,0.0680471
23752,0.09916962
23753,0.06589071
23754,0.11436633
23755,0.1106769
23756,0.1480057
23757,0.30229887
23758,0.061654884
23759,0.045504205
23760,0.05356847
23761,0.011572423
23762,0.028614268
23763,0.014690419
23764,0.006010864
23765,0.04572938
23766,0.033497117
23767,0.12707505
23768,0.049512785
23769,0.10629741
23770,0.013476698
23771,0.040300775
23772,0.046174288
23773,0.0011183639
23774,0.14960596
23775,0.023709863
23776,0.051439703
23777,0.009200247
23778,0.01309931
23779,0.049197424
23780,0.025919866
23781,0.0709884
23782,0.11511183
23783,0.10009165
23784,0.07521854
23785,0.21573976
23786,0.17816208
23787,0.18414083
23788,0.0022393013
23789,0.12484318
23790,0.0093550775
23791,0.0756111
23792,0.039839916
23793,0.06578056
23794,0.052717257
23795,0.01156451
23796,0.03934422
23797,0.05439614
23798,0.010997335
23799,0.060908563
23800,0.08574049
23801,0.0171504
23802,0.07704939
23803,0.025973704
23804,0.0042607635
23805,0.002304724
23806,0.003997653
23807,0.098040655
23808,0.0126596065
23809,0.016735805
23810,0.1773043
23811,0.0862786
23812,0.12768465
23813,0.3004151
23814,0.09665432
23815,0.11430828
23816,0.04774047
23817,0.077692956
23818,0.0573244
23819,0.08790121
23820,0.08320762
23821,0.0010518559
23822,0.031961344
23823,0.24457343
23824,0.11242628
23825,0.05554218
23826,0.030058831
23827,0.032205414
23828,0.011829866
23829,0.008692016
23830,0.014747414
23831,0.036204223
23832,0.0156164225
23833,0.37139064
23834,0.071943276
23835,0.039550275
23836,0.12901266
23837,0.6155333
23838,0.052863322
23839,0.012255202
23840,0.17168924
23841,0.062390596
23842,0.19667499
23843,0.28990173
23844,0.04821337
23845,0.015212288
23846,0.04413534
23847,0.02532683
23848,0.14673346
23849,0.1406432
23850,0.009332698
23851,0.1455126
23852,0.049089532
23853,0.06625336
23854,0.005429457
23855,0.011145575
23856,0.029040191
23857,0.07486814
23858,0.010032373
23859,0.10122975
23860,0.1474338
23861,0.19887808
23862,0.11724742
23863,0.044844706
23864,0.105226934
23865,0.16618532
23866,0.23379287
23867,0.10040114
23868,0.007085199
23869,0.031156838
23870,0.045229975
23871,0.008884928
23872,0.05174917
23873,0.4736561
23874,0.037358914
23875,0.07862981
23876,0.26579
23877,0.13706309
23878,0.05342303
23879,0.0644473
23880,0.058576904
23881,0.18605115
23882,0.21144032
23883,0.009181792
23884,0.087512456
23885,0.06631033
23886,0.1577116
23887,0.18848023
23888,0.11163552
23889,0.17723694
23890,0.23940654
23891,0.11136492
23892,0.0017396727
23893,0.072014615
23894,0.1463799
23895,0.021805588
23896,0.17872398
23897,0.9542427
23898,0.011416259
23899,0.34994236
23900,0.0036571124
23901,0.06513467
23902,0.25571206
23903,0.006482688
23904,0.034420818
23905,0.057288162
23906,0.010520199
23907,0.04653708
23908,0.009971787
23909,0.46935892
23910,0.05381093
23911,0.09949543
23912,0.26188824
23913,0.12627771
23914,0.19403368
23915,0.3491184
23916,0.43472943
23917,0.23925209
23918,0.14610389
23919,0.1403888
23920,0.87933904
23921,0.30137378
23922,0.36387998
23923,0.0060145883
23924,0.014993012
23925,0.13367891
23926,0.062557295
23927,0.005387362
23928,0.0035216142
23929,0.023065263
23930,0.0074853646
23931,0.0068598525
23932,0.062811136
23933,0.07081758
23934,0.088138804
23935,0.11134207
23936,0.07838191
23937,0.08825995
23938,0.20357099
23939,0.19935277
23940,0.0051813317
23941,0.10504444
23942,0.31152928
23943,0.0074918913
23944,0.050682347
23945,0.9917588
23946,0.80867946
23947,0.6419658
23948,0.002578752
23949,0.122756556
23950,0.36051857
23951,0.066883914
23952,0.0016896881
23953,0.06289367
23954,0.0077156546
23955,0.055412866
23956,0.025780518
23957,0.029344868
23958,0.0064834245
23959,0.34041452
23960,0.0021062065
23961,0.01563338
23962,0.100139715
23963,0.12915607
23964,0.036969613
23965,0.0644516
23966,0.21871929
23967,0.12770537
23968,0.031204354
23969,0.08132419
23970,0.13690029
23971,0.07823077
23972,0.99120283
23973,0.7200772
23974,0.5878047
23975,0.0030139193
23976,0.015409246
23977,0.014895784
23978,0.3527456
23979,0.05227244
23980,0.22300489
23981,0.008627762
23982,0.061167806
23983,0.011688039
23984,0.15310726
23985,0.1829349
23986,0.12777379
23987,0.5526751
23988,0.33994594
23989,0.48867926
23990,0.17636281
23991,0.14554545
23992,0.07487435
23993,0.063704446
23994,0.11639011
23995,0.112838306
23996,0.057325102
23997,0.12800632
23998,0.18562552
23999,0.09462928
24000,0.104185164
24001,0.020816045
24002,0.8730971
24003,0.98737717
24004,0.99238217
24005,0.23689142
24006,0.050383754
24007,0.13968074
24008,0.2890419
24009,0.00902441
24010,0.008962078
24011,0.00636438
24012,0.06315004
24013,0.09402187
24014,0.054470263
24015,0.20127745
24016,0.9913042
24017,0.010941012
24018,0.06494223
24019,0.09975998
24020,0.12992832
24021,0.093653426
24022,0.22910531
24023,0.20323396
24024,0.0063747093
24025,0.061385475
24026,0.09263659
24027,0.081196554
24028,0.016624674
24029,0.04473594
24030,0.25389293
24031,0.24993952
24032,0.22382
24033,0.12328482
24034,0.0624604
24035,0.0067711994
24036,0.12411191
24037,0.15752499
24038,0.018671717
24039,0.0603284
24040,0.021258514
24041,0.00138923
24042,0.015696403
24043,0.051553596
24044,0.20416257
24045,0.42060155
24046,0.16022311
24047,0.16327421
24048,0.0845149
24049,0.15823773
24050,0.18158989
24051,0.6815449
24052,0.02230613
24053,0.03321855
24054,0.064008795
24055,0.014729524
24056,0.19059253
24057,0.26951462
24058,0.24615173
24059,0.41764206
24060,0.2685932
24061,0.2133574
24062,0.9901432
24063,0.15300527
24064,0.009822199
24065,0.18148604
24066,0.17638901
24067,0.030634305
24068,0.02421187
24069,0.19299681
24070,0.052963756
24071,0.0073862197
24072,0.048873622
24073,0.031191532
24074,0.12695768
24075,0.29535252
24076,0.28318548
24077,0.29878205
24078,0.23500142
24079,0.12529743
24080,0.093752995
24081,0.19947007
24082,0.0026112744
24083,0.1917613
24084,0.028720016
24085,0.048418164
24086,0.33859494
24087,0.20466964
24088,0.039021265
24089,0.41618985
24090,0.23572783
24091,0.0066408813
24092,0.07714907
24093,0.10027921
24094,0.085821606
24095,0.008271379
24096,0.04981695
24097,0.028816307
24098,0.10207877
24099,0.06365619
24100,0.16156313
24101,0.31614485
24102,0.6310053
24103,0.31339175
24104,0.20345314
24105,0.38691458
24106,0.10370183
24107,0.06653803
24108,0.051970225
24109,0.15569206
24110,0.20343557
24111,0.03694959
24112,0.048039634
24113,0.1116996
24114,0.11083821
24115,0.015417853
24116,0.0047925888
24117,0.028174942
24118,0.03310194
24119,0.05360484
24120,0.019748654
24121,0.04335514
24122,0.013371115
24123,0.009432163
24124,0.018397864
24125,0.062062453
24126,0.03971651
24127,0.06195066
24128,0.17445333
24129,0.14193757
24130,0.0967846
24131,0.50835073
24132,0.48287505
24133,0.2862394
24134,0.17259711
24135,0.07120262
24136,0.10413723
24137,0.0111492975
24138,0.015621254
24139,0.9924817
24140,0.05478437
24141,0.016087744
24142,0.12945482
24143,0.021841139
24144,0.05125484
24145,0.02560687
24146,0.07080714
24147,0.0053242915
24148,0.019109555
24149,0.006165727
24150,0.033099778
24151,0.00094919687
24152,0.04669071
24153,0.09266907
24154,0.095738515
24155,0.52074635
24156,0.24089582
24157,0.18043187
24158,0.9611594
24159,0.33746856
24160,0.352158
24161,0.17963882
24162,0.038505897
24163,0.001571931
24164,0.02425262
24165,0.0051748543
24166,0.038362898
24167,0.034373067
24168,0.0885518
24169,0.38635597
24170,0.1220278
24171,0.30416903
24172,0.043342218
24173,0.06887273
24174,0.13583043
24175,0.1210352
24176,0.18230799
24177,0.0030030725
24178,0.05150177
24179,0.11917478
24180,0.98337287
24181,0.24211927
24182,0.5237881
24183,0.19753549
24184,0.31512088
24185,0.14544503
24186,0.13123393
24187,0.010441897
24188,0.0036646079
24189,0.01178229
24190,0.12774959
24191,0.10475813
24192,0.06660135
24193,0.19658646
24194,0.013486376
24195,0.0570719
24196,0.012197593
24197,0.20346971
24198,0.0075005842
24199,0.014489204
24200,0.11829619
24201,0.19407085
24202,0.013947977
24203,0.12528838
24204,0.12178286
24205,0.03484935
24206,0.11528903
24207,0.0031908075
24208,0.08980579
24209,0.09983568
24210,0.017389443
24211,0.1177714
24212,0.10193448
24213,0.04969106
24214,0.008030787
24215,0.18020943
24216,0.005222163
24217,0.08718008
24218,0.0067273243
24219,0.009414752
24220,0.113866985
24221,0.042194407
24222,0.02690149
24223,0.05230282
24224,0.18435733
24225,0.33162573
24226,0.5354985
24227,0.1254116
24228,0.010861801
24229,0.0060044834
24230,0.014266496
24231,0.043245547
24232,0.08527462
24233,0.17665526
24234,0.0010274062
24235,0.012170004
24236,0.010742499
24237,0.0028816252
24238,0.010651579
24239,0.002341769
24240,0.035948906
24241,0.0059199394
24242,0.074271135
24243,0.06369058
24244,0.3074836
24245,0.032987475
24246,0.008178225
24247,0.0066351355
24248,0.03595881
24249,0.107206985
24250,0.31698722
24251,0.123431996
24252,0.009061607
24253,0.0076017515
24254,0.1622015
24255,0.013051969
24256,0.0077625974
24257,0.008246986
24258,0.051583998
24259,0.15683691
24260,0.034362085
24261,0.016069004
24262,0.0013137653
24263,0.23448606
24264,0.019670147
24265,0.0057376167
24266,0.0040395735
24267,0.15109871
24268,0.047308877
24269,0.04777804
24270,0.009219183
24271,0.032609552
24272,0.03282819
24273,0.12356456
24274,0.016232537
24275,0.06087017
24276,0.017751243
24277,0.03579969
24278,0.058406807
24279,0.22453055
24280,0.062892936
24281,0.19543734
24282,0.059702147
24283,0.025920767
24284,0.004792134
24285,0.0062912526
24286,0.012002464
24287,0.23333378
24288,0.15475465
24289,0.018091312
24290,0.053443186
24291,0.056730293
24292,0.0071931654
24293,0.34247047
24294,0.5637909
24295,0.12275545
24296,0.06485009
24297,0.001433162
24298,0.12668121
24299,0.07234374
24300,0.030819938
24301,0.13103987
24302,0.107319
24303,0.08990986
24304,0.9368757
24305,0.011353573
24306,0.11286714
24307,0.00869127
24308,0.12984112
24309,0.06549771
24310,0.04150573
24311,0.015735066
24312,0.12716064
24313,0.31419495
24314,0.08424704
24315,0.16139427
24316,0.018078182
24317,0.043662213
24318,0.09265349
24319,0.012273319
24320,0.030716991
24321,0.03889524
24322,0.040168364
24323,0.013343516
24324,0.008342354
24325,0.06815813
24326,0.04165373
24327,0.1047534
24328,0.012831193
24329,0.018398559
24330,0.019844761
24331,0.098350465
24332,0.08746196
24333,0.027205506
24334,0.0072064847
24335,0.9918954
24336,0.0054390533
24337,0.14602977
24338,0.06367266
24339,0.03431824
24340,0.059637837
24341,0.04832387
24342,0.0028971587
24343,0.2704601
24344,0.03159682
24345,0.009674946
24346,0.032385584
24347,0.18383905
24348,0.0023771618
24349,0.007876933
24350,0.10376594
24351,0.016812356
24352,0.0062320977
24353,0.2637911
24354,0.043978818
24355,0.0131840585
24356,0.0055156397
24357,0.015129266
24358,0.0032607547
24359,0.049227662
24360,0.011696547
24361,0.18213238
24362,0.07544815
24363,0.0057788333
24364,0.070143186
24365,0.1557965
24366,0.123088956
24367,0.10258254
24368,0.06798433
24369,0.027626354
24370,0.0105866315
24371,0.05349105
24372,0.17693532
24373,0.21490312
24374,0.0055526234
24375,0.04140467
24376,0.0066089937
24377,0.008155107
24378,0.00710406
24379,0.0011562852
24380,0.002523436
24381,0.009396119
24382,0.004731629
24383,0.007847639
24384,0.014222138
24385,0.0009345926
24386,0.0030732523
24387,0.05255843
24388,0.026407331
24389,0.1387518
24390,0.0043098135
24391,0.046073355
24392,0.006290652
24393,0.24073882
24394,0.0054624914
24395,0.046524793
24396,0.0009918531
24397,0.012173915
24398,0.04471583
24399,0.0073705213
24400,0.0042447643
24401,0.028810507
24402,0.006698261
24403,0.006533881
24404,0.0073337243
24405,0.12211052
24406,0.07027039
24407,0.017926801
24408,0.0012869976
24409,0.035012525
24410,0.033686705
24411,0.034994047
24412,0.028233016
24413,0.012744042
24414,0.17691939
24415,0.011441408
24416,0.022252653
24417,0.0047128596
24418,0.0044209333
24419,0.007916747
24420,0.005020966
24421,0.0012873409
24422,0.05904789
24423,0.00170885
24424,0.008273726
24425,0.008214248
24426,0.0059921257
24427,0.3390192
24428,0.064509615
24429,0.07919519
24430,0.13040832
24431,0.0046532964
24432,0.02800853
24433,0.012571149
24434,0.1545271
24435,0.13531205
24436,0.19714813
24437,0.0055605597
24438,0.01834887
24439,0.05852314
24440,0.016710714
24441,0.009453425
24442,0.013444978
24443,0.002790336
24444,0.047952197
24445,0.0013333217
24446,0.0027784372
24447,0.09412287
24448,0.083693944
24449,0.021187807
24450,0.20555274
24451,0.0090489555
24452,0.015478353
24453,0.009588314
24454,0.012874345
24455,0.016182285
24456,0.0034742672
24457,0.0256219
24458,0.003819291
24459,0.0048446385
24460,0.016275939
24461,0.20850697
24462,0.1802158
24463,0.01299918
24464,0.1121483
24465,0.055939693
24466,0.076338544
24467,0.07008378
24468,0.05307617
24469,0.028018113
24470,0.033169612
24471,0.00645921
24472,0.267755
24473,0.09489965
24474,0.038779803
24475,0.090480775
24476,0.035662435
24477,0.0034310543
24478,0.009405622
24479,0.14800283
24480,0.01226739
24481,0.26126093
24482,0.04626045
24483,0.19493811
24484,0.013707919
24485,0.013477179
24486,0.16111107
24487,0.029531185
24488,0.056086622
24489,0.0046142796
24490,0.09191356
24491,0.0070106983
24492,0.62121737
24493,0.19428328
24494,0.026487928
24495,0.15731966
24496,0.070741616
24497,0.03697715
24498,0.0019150547
24499,0.01103539
24500,0.011974598
24501,0.15244381
24502,0.17136313
24503,0.3335839
24504,0.3678843
24505,0.044833887
24506,0.12118113
24507,0.24770196
24508,0.15510204
24509,0.007233677
24510,0.008075354
24511,0.09182463
24512,0.046772387
24513,0.10213628
24514,0.15046993
24515,0.10788874
24516,0.33319658
24517,0.11486878
24518,0.22174123
24519,0.40353274
24520,0.15654556
24521,0.0031715564
24522,0.36422452
24523,0.03178428
24524,0.011204267
24525,0.5621274
24526,0.12943122
24527,0.031068254
24528,0.006645821
24529,0.13101776
24530,0.103952706
24531,0.04022281
24532,0.077731
24533,0.029062783
24534,0.042078555
24535,0.107085064
24536,0.297407
24537,0.026749397
24538,0.064023845
24539,0.073692456
24540,0.14896809
24541,0.11251944
24542,0.02409165
24543,0.0039820266
24544,0.03753408
24545,0.10787382
24546,0.030817056
24547,0.010327568
24548,0.17982695
24549,0.046956796
24550,0.19953194
24551,0.008282057
24552,0.026465833
24553,0.007437438
24554,0.045576
24555,0.021634942
24556,0.0125235375
24557,0.36258563
24558,0.12779394
24559,0.12048932
24560,0.14687714
24561,0.37525195
24562,0.051671922
24563,0.02925254
24564,0.0047962777
24565,0.10297128
24566,0.068773404
24567,0.18575816
24568,0.20889997
24569,0.010844821
24570,0.0025053443
24571,0.0432379
24572,0.00687643
24573,0.009214746
24574,0.2861481
24575,0.057623
24576,0.0039751967
24577,0.0012848818
24578,0.041741006
24579,0.005634762
24580,0.02220953
24581,0.150242
24582,0.38908312
24583,0.15511936
24584,0.07199218
24585,0.0017591715
24586,0.05368051
24587,0.08514686
24588,0.091478705
24589,0.007974758
24590,0.022783333
24591,0.0020770438
24592,0.12043105
24593,0.17859097
24594,0.08701646
24595,0.09397359
24596,0.10299152
24597,0.0065513924
24598,0.059238363
24599,0.055603683
24600,0.0042714393
24601,0.025069684
24602,0.12965088
24603,0.06300454
24604,0.11589322
24605,0.03455817
24606,0.011881312
24607,0.013502931
24608,0.017039478
24609,0.00530368
24610,0.013681981
24611,0.044892468
24612,0.05162438
24613,0.0445131
24614,0.016217912
24615,0.21566355
24616,0.20296577
24617,0.025773847
24618,0.049722772
24619,0.022104701
24620,0.07246709
24621,0.09844555
24622,0.08751101
24623,0.009835782
24624,0.009799747
24625,0.08525802
24626,0.2542941
24627,0.033905584
24628,0.008990198
24629,0.059527297
24630,0.0065763444
24631,0.08921367
24632,0.069102034
24633,0.15152986
24634,0.12303366
24635,0.1383987
24636,0.0764098
24637,0.05066059
24638,0.037589394
24639,0.0721304
24640,0.042216368
24641,0.10875474
24642,0.09476364
24643,0.42851418
24644,0.06445502
24645,0.0108877625
24646,0.1284877
24647,0.0062825857
24648,0.018861704
24649,0.011233424
24650,0.004967275
24651,0.007295227
24652,0.04879271
24653,0.05396869
24654,0.030196046
24655,0.03801299
24656,0.0106737465
24657,0.019574175
24658,0.07293779
24659,0.114508376
24660,0.06575312
24661,0.07546456
24662,0.09061765
24663,0.16121617
24664,0.31409115
24665,0.07235308
24666,0.029899815
24667,0.09596579
24668,0.032004226
24669,0.054481566
24670,0.032957792
24671,0.029218197
24672,0.04571904
24673,0.14991483
24674,0.034334697
24675,0.12642594
24676,0.030866828
24677,0.023723196
24678,0.030038748
24679,0.0030086138
24680,0.1417521
24681,0.0047816006
24682,0.10096123
24683,0.0039317594
24684,0.010595689
24685,0.012646909
24686,0.031936258
24687,0.063265696
24688,0.11847939
24689,0.08726863
24690,0.10230712
24691,0.2156795
24692,0.17580655
24693,0.21145955
24694,0.0019960022
24695,0.08682042
24696,0.0024277342
24697,0.097812876
24698,0.04292355
24699,0.05410958
24700,0.008171391
24701,0.01763555
24702,0.07884441
24703,0.05379836
24704,0.041722357
24705,0.061232608
24706,0.0678278
24707,0.004657308
24708,0.1217008
24709,0.02659581
24710,0.00857242
24711,0.14145586
24712,0.011192637
24713,0.025174964
24714,0.16509418
24715,0.073172405
24716,0.1128064
24717,0.31203815
24718,0.090964355
24719,0.09800666
24720,0.048984833
24721,0.119195655
24722,0.07063038
24723,0.07252981
24724,0.0787736
24725,0.002732896
24726,0.006518103
24727,0.046132427
24728,0.2893464
24729,0.061661266
24730,0.09614689
24731,0.036402185
24732,0.037284512
24733,0.013560881
24734,0.014010124
24735,0.04214716
24736,0.011823709
24737,0.36110583
24738,0.07924078
24739,0.0136344675
24740,0.07210924
24741,0.6025912
24742,0.07124399
24743,0.038892705
24744,0.16424765
24745,0.06447278
24746,0.22575638
24747,0.29306778
24748,0.06917595
24749,0.07708442
24750,0.019133795
24751,0.12742066
24752,0.14200696
24753,0.01219669
24754,0.1515801
24755,0.035772473
24756,0.0076731043
24757,0.09137428
24758,0.014808221
24759,0.051632762
24760,0.1092694
24761,0.010545826
24762,0.10758512
24763,0.118720986
24764,0.19964083
24765,0.119973324
24766,0.025910908
24767,0.09167083
24768,0.16683993
24769,0.18800287
24770,0.11792821
24771,0.033277452
24772,0.07232691
24773,0.04616773
24774,0.0015041701
24775,0.072023466
24776,0.5120931
24777,0.006497138
24778,0.11622838
24779,0.28024882
24780,0.13400157
24781,0.06584056
24782,0.0056369393
24783,0.046811767
24784,0.06769846
24785,0.20144966
24786,0.24164209
24787,0.008629205
24788,0.116323635
24789,0.07030214
24790,0.15650351
24791,0.17833538
24792,0.10013904
24793,0.19914424
24794,0.24895246
24795,0.1190175
24796,0.0658405
24797,0.11398534
24798,0.036610153
24799,0.2073636
24800,0.97574294
24801,0.10042741
24802,0.042927757
24803,0.3237087
24804,0.07084248
24805,0.049669333
24806,0.20292887
24807,0.0010168741
24808,0.062398553
24809,0.06944094
24810,0.0091486545
24811,0.0818819
24812,0.0036971588
24813,0.4555542
24814,0.01169009
24815,0.078598596
24816,0.24966887
24817,0.112606026
24818,0.20798977
24819,0.31923848
24820,0.42980346
24821,0.010119113
24822,0.17323092
24823,0.12833348
24824,0.09672987
24825,0.8640021
24826,0.30514488
24827,0.36203402
24828,0.005658592
24829,0.015324372
24830,0.16548644
24831,0.0908927
24832,0.014016907
24833,0.0117545575
24834,0.0016050667
24835,0.036576886
24836,0.006045467
24837,0.0076971143
24838,0.029601675
24839,0.103995785
24840,0.0693852
24841,0.09047394
24842,0.06668391
24843,0.11174698
24844,0.21066451
24845,0.18456373
24846,0.0027442332
24847,0.124401234
24848,0.24261972
24849,0.0016180535
24850,0.05690212
24851,0.9917197
24852,0.9577357
24853,0.60689026
24854,0.012430841
24855,0.012898793
24856,0.13019589
24857,0.3640336
24858,0.09045379
24859,0.035410434
24860,0.059944272
24861,0.054384448
24862,0.04319058
24863,0.010901319
24864,0.34320512
24865,0.011585577
24866,0.044977196
24867,0.07579407
24868,0.09219732
24869,0.023663754
24870,0.07314962
24871,0.21577585
24872,0.1663386
24873,0.0051281014
24874,0.08138193
24875,0.10511732
24876,0.077543296
24877,0.99125326
24878,0.6912022
24879,0.5979954
24880,0.0057795374
24881,0.022541624
24882,0.0052676336
24883,0.38735846
24884,0.050147545
24885,0.2181739
24886,0.011932176
24887,0.09755497
24888,0.0042994907
24889,0.17703375
24890,0.13398167
24891,0.10895212
24892,0.6639291
24893,0.3286652
24894,0.4816363
24895,0.20335153
24896,0.1241868
24897,0.06505738
24898,0.041925292
24899,0.106924795
24900,0.11864223
24901,0.050773073
24902,0.021357713
24903,0.16228408
24904,0.19666342
24905,0.08184139
24906,0.12798205
24907,0.015677517
24908,0.8802737
24909,0.98739684
24910,0.992628
24911,0.17712565
24912,0.04568849
24913,0.17921484
24914,0.3474599
24915,0.0015442867
24916,0.0012540015
24917,0.005525052
24918,0.0045147017
24919,0.06917866
24920,0.058125876
24921,0.05668459
24922,0.23265378
24923,0.990777
24924,0.052537143
24925,0.06125254
24926,0.07178739
24927,0.14775553
24928,0.06405505
24929,0.21663782
24930,0.17703705
24931,0.012733418
24932,0.07436697
24933,0.06029318
24934,0.08745887
24935,0.060862977
24936,0.037387855
24937,0.2544993
24938,0.2314552
24939,0.19756301
24940,0.113520876
24941,0.016389275
24942,0.02639841
24943,0.11058617
24944,0.20918861
24945,0.015498564
24946,0.0675757
24947,0.022393351
24948,0.007547444
24949,0.02583386
24950,0.050821733
24951,0.20008448
24952,0.41914314
24953,0.1769418
24954,0.1424983
24955,0.10647546
24956,0.17838952
24957,0.18100472
24958,0.59556293
24959,0.077307925
24960,0.044275064
24961,0.014135078
24962,0.19802092
24963,0.25730205
24964,0.25723037
24965,0.4153072
24966,0.34798056
24967,0.2053093
24968,0.9901433
24969,0.15929419
24970,0.017803762
24971,0.1718454
24972,0.19455588
24973,0.040290963
24974,0.013399549
24975,0.2349219
24976,0.066177875
24977,0.038751505
24978,0.05027602
24979,0.053697802
24980,0.11661546
24981,0.2455978
24982,0.27868468
24983,0.31691894
24984,0.21933517
24985,0.11719713
24986,0.10396953
24987,0.22428086
24988,0.035215806
24989,0.21259734
24990,0.051037997
24991,0.05451276
24992,0.29669362
24993,0.22776024
24994,0.039295975
24995,0.3678945
24996,0.23041892
24997,0.005990507
24998,0.07815156
24999,0.11162225
25000,0.03312503
25001,0.009330514
25002,0.008056538
25003,0.007160865
25004,0.053626556
25005,0.06877543
25006,0.07069609
25007,0.07813168
25008,0.11520145
25009,0.30385903
25010,0.72419894
25011,0.29497606
25012,0.19761236
25013,0.3946157
25014,0.0931733
25015,0.073890485
25016,0.058378816
25017,0.14577597
25018,0.20993614
25019,0.036531918
25020,0.04989042
25021,0.0059771524
25022,0.14429966
25023,0.028588155
25024,0.015273835
25025,0.056709446
25026,0.062564075
25027,0.010131707
25028,0.00286758
25029,0.0012998214
25030,0.013638479
25031,0.010710287
25032,0.02469999
25033,0.045026552
25034,0.03634412
25035,0.0565942
25036,0.21530633
25037,0.16743805
25038,0.09435365
25039,0.48325878
25040,0.44307822
25041,0.2940489
25042,0.1589298
25043,0.01029494
25044,0.011013975
25045,0.0658994
25046,0.15034842
25047,0.015496624
25048,0.0034304224
25049,0.9930388
25050,0.09365431
25051,0.0135487495
25052,0.081800446
25053,0.090674624
25054,0.12652126
25055,0.037755977
25056,0.02253737
25057,0.0025053304
25058,0.0075315842
25059,0.033833437
25060,0.003251034
25061,0.047903024
25062,0.07823973
25063,0.100633465
25064,0.5476434
25065,0.26883024
25066,0.18167707
25067,0.9823104
25068,0.3155939
25069,0.33975843
25070,0.21305676
25071,0.0027077117
25072,0.008471878
25073,0.027065456
25074,0.038336493
25075,0.026160914
25076,0.06705078
25077,0.42754212
25078,0.11134593
25079,0.277144
25080,0.032206886
25081,0.095066234
25082,0.083102584
25083,0.109772645
25084,0.23990254
25085,0.006773051
25086,0.002142204
25087,0.049876366
25088,0.12590702
25089,0.98098993
25090,0.19781193
25091,0.59937227
25092,0.22529712
25093,0.33772835
25094,0.16742854
25095,0.1677666
25096,0.03103795
25097,0.027800038
25098,0.0065758275
25099,0.0086945
25100,0.011656858
25101,0.031039674
25102,0.17103688
25103,0.10973579
25104,0.11589301
25105,0.27419287
25106,0.0048706154
25107,0.068147935
25108,0.0015086017
25109,0.2536382
25110,0.0017669599
25111,0.008581785
25112,0.08498706
25113,0.2143515
25114,0.047157764
25115,0.005321282
25116,0.14719078
25117,0.14130494
25118,0.044024937
25119,0.091990136
25120,0.020718161
25121,0.10045743
25122,0.1276554
25123,0.016872741
25124,0.1262144
25125,0.07162127
25126,0.05552553
25127,0.04595477
25128,0.0071893195
25129,0.17113265
25130,0.0050527537
25131,0.09453137
25132,0.03364923
25133,0.022160325
25134,0.15700136
25135,0.015377921
25136,0.008207435
25137,0.0075817453
25138,0.054480296
25139,0.16641855
25140,0.2991584
25141,0.61175007
25142,0.13713148
25143,0.00941165
25144,0.003627006
25145,0.0024609147
25146,0.019336369
25147,0.050548732
25148,0.010908847
25149,0.04974423
25150,0.15625416
25151,0.0022996375
25152,0.0062285415
25153,0.009625861
25154,0.009811452
25155,0.0049438067
25156,0.009805708
25157,0.110823974
25158,0.078824915
25159,0.3613614
25160,0.010695976
25161,0.0019069153
25162,0.013299237
25163,0.052298464
25164,0.12702274
25165,0.30181915
25166,0.14220378
25167,0.004326641
25168,0.16854134
25169,0.032545943
25170,0.028204948
25171,0.051492523
25172,0.16166314
25173,0.05476476
25174,0.01096707
25175,0.011523707
25176,0.006645794
25177,0.22299938
25178,0.025246585
25179,0.009999575
25180,0.0026766206
25181,0.13526969
25182,0.10119913
25183,0.06645881
25184,0.02031478
25185,0.02064561
25186,0.008703788
25187,0.18922222
25188,0.043891005
25189,0.00885238
25190,0.012958187
25191,0.03562851
25192,0.042573053
25193,0.21656549
25194,0.040736362
25195,0.18571611
25196,0.091709025
25197,0.044367447
25198,0.06161526
25199,0.050776314
25200,0.013719754
25201,0.2529139
25202,0.0100825755
25203,0.13366835
25204,0.023985587
25205,0.040703494
25206,0.0789171
25207,0.0063732206
25208,0.34087896
25209,0.5446904
25210,0.089858614
25211,0.051114894
25212,0.13051222
25213,0.06763397
25214,0.042520516
25215,0.14468645
25216,0.11722632
25217,0.08341381
25218,0.8671478
25219,0.011528207
25220,0.07974824
25221,0.0011171452
25222,0.0893184
25223,0.023552906
25224,0.00825698
25225,0.012184803
25226,0.12700309
25227,0.36536753
25228,0.079938576
25229,0.16360417
25230,0.0011988012
25231,0.10589486
25232,0.004691707
25233,0.10299287
25234,0.023132285
25235,0.009247527
25236,0.0324724
25237,0.057733845
25238,0.01667288
25239,0.0054872716
25240,0.08390482
25241,0.04318369
25242,0.13041303
25243,0.024869712
25244,0.006686586
25245,0.03133068
25246,0.0018507146
25247,0.10664175
25248,0.07459545
25249,0.013980907
25250,0.019486956
25251,0.9920608
25252,0.007062125
25253,0.13335752
25254,0.0654745
25255,0.0025617469
25256,0.049410798
25257,0.042910267
25258,0.010282139
25259,0.0046940753
25260,0.26111513
25261,0.045438137
25262,0.00633045
25263,0.04154271
25264,0.17621902
25265,0.0015575867
25266,0.008995986
25267,0.06406609
25268,0.024050161
25269,0.012903979
25270,0.06300645
25271,0.21776485
25272,0.02015617
25273,0.009342999
25274,0.005185253
25275,0.005385867
25276,0.0011556156
25277,0.07903767
25278,0.0042111455
25279,0.012150643
25280,0.23979297
25281,0.053977
25282,0.0009290492
25283,0.007055767
25284,0.066691294
25285,0.16951266
25286,0.125785
25287,0.08043983
25288,0.07353031
25289,0.052878797
25290,0.024514558
25291,0.01285092
25292,0.061723895
25293,0.2023857
25294,0.18968399
25295,0.0064027794
25296,0.037571184
25297,0.02338688
25298,0.0043161763
25299,0.0018037421
25300,0.0069432617
25301,0.003374838
25302,0.028746855
25303,0.009847941
25304,0.004539235
25305,0.0066647707
25306,0.0020260066
25307,0.004558037
25308,0.0030836824
25309,0.00557086
25310,0.035422575
25311,0.114526674
25312,0.004337205
25313,0.00874752
25314,0.10316838
25315,0.2566138
25316,0.04283369
25317,0.0012857383
25318,0.009133347
25319,0.014588271
25320,0.005542065
25321,0.0017181847
25322,0.006168851
25323,0.0031581596
25324,0.006443572
25325,0.15584663
25326,0.055191457
25327,0.051571507
25328,0.009187246
25329,0.0057882154
25330,0.002912597
25331,0.007385527
25332,0.005221623
25333,0.008921624
25334,0.18665417
25335,0.0071417443
25336,0.038858283
25337,0.0054809707
25338,0.0046958597
25339,0.060661934
25340,0.0049002
25341,0.0076255673
25342,0.045641523
25343,0.006939481
25344,0.33570558
25345,0.06850763
25346,0.058872215
25347,0.12149253
25348,0.05561929
25349,0.002569219
25350,0.004798019
25351,0.001121468
25352,0.110852376
25353,0.009323707
25354,0.114418246
25355,0.20933096
25356,0.007123956
25357,0.078700766
25358,0.0016846957
25359,0.058793962
25360,0.007520965
25361,0.00071844284
25362,0.03337985
25363,0.0036186806
25364,0.0009106636
25365,0.0057245605
25366,0.08891426
25367,0.059755195
25368,0.018525545
25369,0.20424716
25370,0.024335314
25371,0.011461548
25372,0.0029880144
25373,0.003278625
25374,0.024869863
25375,0.026829153
25376,0.0109759625
25377,0.007589397
25378,0.016363835
25379,0.03455033
25380,0.004882348
25381,0.0017862361
25382,0.002387825
25383,0.20861426
25384,0.24773338
25385,0.013482861
25386,0.15970768
25387,0.0126382755
25388,0.1448904
25389,0.016890999
25390,0.05705328
25391,0.009386797
25392,0.02399164
25393,0.018014025
25394,0.07236223
25395,0.028020993
25396,0.04953427
25397,0.043417048
25398,0.017844861
25399,0.18645874
25400,0.084564894
25401,0.081075415
25402,0.049516402
25403,0.16557078
25404,0.060622416
25405,0.106306754
25406,0.052528184
25407,0.20188375
25408,0.07329007
25409,0.26876044
25410,0.12157456
25411,0.24077317
25412,0.040094584
25413,0.014134476
25414,0.012413177
25415,0.03687165
25416,0.008065293
25417,0.20502988
25418,0.5521583
25419,0.2114443
25420,0.029900555
25421,0.11018465
25422,0.046877045
25423,0.009290857
25424,0.0622841
25425,0.04973942
25426,0.043729763
25427,0.038384903
25428,0.13871205
25429,0.18887691
25430,0.4589936
25431,0.38980561
25432,0.042198244
25433,0.07551112
25434,0.203668
25435,0.14124526
25436,0.006703634
25437,0.092764094
25438,0.07838343
25439,0.110622525
25440,0.0529114
25441,0.012858336
25442,0.22290793
25443,0.052333158
25444,0.19459715
25445,0.40720376
25446,0.1392401
25447,0.018335901
25448,0.37134585
25449,0.071502246
25450,0.5984323
25451,0.09604518
25452,0.07134423
25453,0.023148112
25454,0.029457381
25455,0.027199274
25456,0.11000115
25457,0.09265662
25458,0.04300279
25459,0.055386215
25460,0.28217942
25461,0.03836503
25462,0.064979665
25463,0.06311167
25464,0.11227256
25465,0.107448354
25466,0.037958886
25467,0.037827678
25468,0.041111793
25469,0.06492613
25470,0.16309555
25471,0.20570569
25472,0.058443427
25473,0.0076400735
25474,0.01226602
25475,0.3497861
25476,0.17134707
25477,0.037391625
25478,0.26895002
25479,0.4458123
25480,0.14048083
25481,0.09385519
25482,0.0086015295
25483,0.024826195
25484,0.03721414
25485,0.07169308
25486,0.15725079
25487,0.19760054
25488,0.37253615
25489,0.011000715
25490,0.04938371
25491,0.0447663
25492,0.017126312
25493,0.0015570095
25494,0.05415091
25495,0.2421849
25496,0.0009322472
25497,0.030526793
25498,0.010704074
25499,0.06961779
25500,0.023938261
25501,0.022638643
25502,0.17626461
25503,0.41671196
25504,0.15296143
25505,0.12501264
25506,0.016128156
25507,0.016780904
25508,0.062702365
25509,0.0904433
25510,0.020847255
25511,0.15947852
25512,0.11577904
25513,0.0747
25514,0.12720172
25515,0.07407863
25516,0.05198238
25517,0.053625338
25518,0.014177588
25519,0.02842153
25520,0.0063515864
25521,0.14918493
25522,0.06852853
25523,0.08475171
25524,0.012972983
25525,0.026316682
25526,0.014820725
25527,0.043848485
25528,0.001968534
25529,0.037686598
25530,0.05389454
25531,0.03183423
25532,0.005693645
25533,0.22179003
25534,0.2650649
25535,0.006386461
25536,0.032579865
25537,0.070829034
25538,0.15366045
25539,0.020299073
25540,0.09151845
25541,0.009338512
25542,0.0049837846
25543,0.2459226
25544,0.01062681
25545,0.0030460772
25546,0.021062626
25547,0.0070817308
25548,0.089376606
25549,0.06978921
25550,0.15494767
25551,0.14460243
25552,0.20540042
25553,0.05336048
25554,0.012615891
25555,0.017738258
25556,0.08254024
25557,0.043748733
25558,0.1455861
25559,0.088284604
25560,0.42065698
25561,0.06914657
25562,0.13846117
25563,0.071652226
25564,0.025057256
25565,0.01096104
25566,0.050223894
25567,0.011759186
25568,0.030103665
25569,0.08016938
25570,0.101022385
25571,0.07198537
25572,0.09632479
25573,0.08215908
25574,0.13997722
25575,0.35126624
25576,0.05700376
25577,0.038876873
25578,0.09901368
25579,0.015507978
25580,0.007522276
25581,0.07771845
25582,0.06774701
25583,0.1434491
25584,0.056412943
25585,0.14403267
25586,0.05798324
25587,0.04235107
25588,0.04707528
25589,0.18708901
25590,0.0073727607
25591,0.011548342
25592,0.11800879
25593,0.003493473
25594,0.008089246
25595,0.019602504
25596,0.01622842
25597,0.054988675
25598,0.107173406
25599,0.09724386
25600,0.10181074
25601,0.19146279
25602,0.1577582
25603,0.23132119
25604,0.0014107248
25605,0.109648384
25606,0.063854024
25607,0.054359745
25608,0.040680874
25609,0.060816895
25610,0.03497039
25611,0.060833514
25612,0.054359443
25613,0.015783736
25614,0.08405835
25615,0.011326456
25616,0.14603345
25617,0.009602403
25618,0.030236304
25619,0.19475374
25620,0.06918624
25621,0.16502891
25622,0.34045476
25623,0.12353058
25624,0.16958955
25625,0.0654841
25626,0.04555078
25627,0.0686924
25628,0.08681691
25629,0.067679584
25630,0.067725934
25631,0.34532183
25632,0.07547481
25633,0.09224778
25634,0.08736847
25635,0.07160179
25636,0.0136107
25637,0.0068558874
25638,0.016625213
25639,0.36016744
25640,0.06572588
25641,0.03210613
25642,0.08469124
25643,0.62845504
25644,0.06984846
25645,0.012636505
25646,0.14055905
25647,0.07044743
25648,0.21349223
25649,0.30510983
25650,0.075212084
25651,0.030071164
25652,0.032411747
25653,0.14309412
25654,0.18173775
25655,0.045469355
25656,0.12948158
25657,0.008120274
25658,0.04983486
25659,0.00912256
25660,0.0069409674
25661,0.08389422
25662,0.13043131
25663,0.003397996
25664,0.102544665
25665,0.14567292
25666,0.24771073
25667,0.09304359
25668,0.0134050995
25669,0.11410711
25670,0.15819971
25671,0.17411895
25672,0.05660957
25673,0.028031018
25674,0.01740331
25675,0.09621225
25676,0.5516128
25677,0.034195524
25678,0.13277854
25679,0.2656762
25680,0.16833296
25681,0.013928595
25682,0.009355994
25683,0.046832867
25684,0.07763103
25685,0.19591475
25686,0.19168878
25687,0.009032959
25688,0.10218493
25689,0.060019303
25690,0.14250405
25691,0.12109755
25692,0.096951604
25693,0.19485135
25694,0.23856604
25695,0.09609888
25696,0.08472033
25697,0.06517984
25698,0.07784343
25699,0.2633224
25700,0.98572856
25701,0.04819697
25702,0.4002263
25703,0.05174473
25704,0.20390896
25705,0.051765043
25706,0.070491776
25707,0.009538134
25708,0.06861164
25709,0.012362661
25710,0.47739682
25711,0.03395757
25712,0.07688042
25713,0.22212286
25714,0.12682115
25715,0.21265164
25716,0.27813944
25717,0.39239165
25718,0.020318355
25719,0.2064502
25720,0.13931832
25721,0.12904361
25722,0.94971657
25723,0.42738318
25724,0.47093606
25725,0.0057086255
25726,0.012737291
25727,0.1356332
25728,0.024829488
25729,0.0146347955
25730,0.04599487
25731,0.00824338
25732,0.01251377
25733,0.044958644
25734,0.006576537
25735,0.007925101
25736,0.007991675
25737,0.070871234
25738,0.10128854
25739,0.11216991
25740,0.08502219
25741,0.1249604
25742,0.11528343
25743,0.20738478
25744,0.11691284
25745,0.052919675
25746,0.10640222
25747,0.27641684
25748,0.0042719236
25749,0.08079294
25750,0.9919399
25751,0.97980356
25752,0.66044676
25753,0.008699318
25754,0.0014488813
25755,0.16009733
25756,0.38800994
25757,0.083760366
25758,0.0015675183
25759,0.078952834
25760,0.02076666
25761,0.0064411
25762,0.017054923
25763,0.035563286
25764,0.043256905
25765,0.049452014
25766,0.009823294
25767,0.35677567
25768,0.012146624
25769,0.014417468
25770,0.062253617
25771,0.08881415
25772,0.0286373
25773,0.04121568
25774,0.24062364
25775,0.1819587
25776,0.100140795
25777,0.08273758
25778,0.1033573
25779,0.9918035
25780,0.8507279
25781,0.7042788
25782,0.007998134
25783,0.0076389946
25784,0.021278556
25785,0.026826125
25786,0.45141682
25787,0.04969018
25788,0.22639883
25789,0.018310938
25790,0.12848392
25791,0.14954543
25792,0.10961715
25793,0.15289271
25794,0.5689339
25795,0.35233778
25796,0.41870388
25797,0.17334181
25798,0.08852646
25799,0.044279903
25800,0.039470088
25801,0.1191638
25802,0.086182095
25803,0.02195979
25804,0.14191797
25805,0.14151248
25806,0.119692944
25807,0.12120392
25808,0.014057013
25809,0.95259017
25810,0.9868498
25811,0.9922334
25812,0.17795348
25813,0.013696678
25814,0.1547781
25815,0.024633264
25816,0.38280922
25817,0.0070561944
25818,0.0063598184
25819,0.007939348
25820,0.034398295
25821,0.06994875
25822,0.05092317
25823,0.25270408
25824,0.99162805
25825,0.039000183
25826,0.08091219
25827,0.06438114
25828,0.16520874
25829,0.062444977
25830,0.22234741
25831,0.20395458
25832,0.07504712
25833,0.10513885
25834,0.12878406
25835,0.093414485
25836,0.028738976
25837,0.023330826
25838,0.24332266
25839,0.2436055
25840,0.18893498
25841,0.10532013
25842,0.014469862
25843,0.08265248
25844,0.052729238
25845,0.18435796
25846,0.013519001
25847,0.04539307
25848,0.016094867
25849,0.006429312
25850,0.03499881
25851,0.08907356
25852,0.20188919
25853,0.46753535
25854,0.22412482
25855,0.20125754
25856,0.10278611
25857,0.14160092
25858,0.10961644
25859,0.5608927
25860,0.06065507
25861,0.004756836
25862,0.02440797
25863,0.17286775
25864,0.2714739
25865,0.23047495
25866,0.40166226
25867,0.28362298
25868,0.22343986
25869,0.99031055
25870,0.09207187
25871,0.017724989
25872,0.16714762
25873,0.21274447
25874,0.013975848
25875,0.07853522
25876,0.2489307
25877,0.005773072
25878,0.061224043
25879,0.004940824
25880,0.030283224
25881,0.062218737
25882,0.08614932
25883,0.23588553
25884,0.2558152
25885,0.3102637
25886,0.25252563
25887,0.12957358
25888,0.13504834
25889,0.1912472
25890,0.008371
25891,0.011755432
25892,0.11343019
25893,0.06985211
25894,0.022501867
25895,0.34120202
25896,0.18193464
25897,0.015533763
25898,0.38781357
25899,0.3055345
25900,0.0056999614
25901,0.07662566
25902,0.14609233
25903,0.078502476
25904,0.0019021711
25905,0.007961312
25906,0.014194846
25907,0.09062673
25908,0.08287847
25909,0.055378634
25910,0.08733787
25911,0.32601318
25912,0.6383461
25913,0.24314591
25914,0.20632398
25915,0.34487835
25916,0.11667834
25917,0.017775854
25918,0.030236954
25919,0.08502562
25920,0.16085531
25921,0.21477322
25922,0.015017802
25923,0.008284578
25924,0.09349052
25925,0.10041243
25926,0.016562458
25927,0.00472187
25928,0.066306144
25929,0.09761533
25930,0.043983724
25931,0.035835456
25932,0.014127977
25933,0.014534588
25934,0.012841605
25935,0.027748212
25936,0.080560185
25937,0.0556508
25938,0.056919534
25939,0.18544586
25940,0.13142143
25941,0.06158068
25942,0.46972322
25943,0.45750728
25944,0.23950794
25945,0.18512616
25946,0.053911727
25947,0.0013656883
25948,0.047151364
25949,0.12813073
25950,0.017884592
25951,0.024550434
25952,0.9928937
25953,0.063271284
25954,0.011772762
25955,0.16683006
25956,0.044314694
25957,0.16455817
25958,0.074762
25959,0.05601086
25960,0.0022038294
25961,0.02902494
25962,0.07447682
25963,0.11607678
25964,0.48795953
25965,0.25669092
25966,0.17222136
25967,0.9852662
25968,0.3071693
25969,0.3373806
25970,0.17621578
25971,0.0125478115
25972,0.062908754
25973,0.0012469448
25974,0.053559255
25975,0.053053312
25976,0.0068147145
25977,0.055188704
25978,0.4667007
25979,0.091149874
25980,0.2708735
25981,0.016584584
25982,0.09238927
25983,0.094024256
25984,0.14306092
25985,0.20351668
25986,0.05532335
25987,0.011175936
25988,0.0020254082
25989,0.033219896
25990,0.13155875
25991,0.9868935
25992,0.1628957
25993,0.6325914
25994,0.23523211
25995,0.2663309
25996,0.17463568
25997,0.1782074
25998,0.004150202
25999,0.0050570937
26000,0.072750494
26001,0.14043655
26002,0.10114714
26003,0.05697049
26004,0.34400445
26005,0.023833074
26006,0.028677166
26007,0.009334133
26008,0.2488172
26009,0.0014343432
26010,0.12556387
26011,0.20782144
26012,0.021179745
26013,0.005456573
26014,0.1638573
26015,0.15639442
26016,0.11071793
26017,0.1228107
26018,0.08524241
26019,0.0740245
26020,0.0060601793
26021,0.12119067
26022,0.13052092
26023,0.022666302
26024,0.0076536997
26025,0.17605877
26026,0.005495882
26027,0.0011896339
26028,0.12225731
26029,0.007058748
26030,0.02584001
26031,0.10691229
26032,0.04560662
26033,0.03110139
26034,0.0082081705
26035,0.06406309
26036,0.17148072
26037,0.2880295
26038,0.57485473
26039,0.108509764
26040,0.013410538
26041,0.011134719
26042,0.0058094813
26043,0.06236859
26044,0.001764924
26045,0.05243913
26046,0.19392762
26047,0.0022547836
26048,0.022602845
26049,0.010508406
26050,0.0015090072
26051,0.010164036
26052,0.009762792
26053,0.08409739
26054,0.06977301
26055,0.33303934
26056,0.0053049913
26057,0.0034687568
26058,0.031039447
26059,0.06335308
26060,0.1439621
26061,0.31449214
26062,0.15685351
26063,0.00864098
26064,0.002214979
26065,0.172281
26066,0.023728143
26067,0.04729902
26068,0.045794506
26069,0.16359153
26070,0.028411508
26071,0.009306898
26072,0.010976101
26073,0.0063355034
26074,0.29142624
26075,0.025653768
26076,0.0099364985
26077,0.009637657
26078,0.021397928
26079,0.11707957
26080,0.09316373
26081,0.048126753
26082,0.0049742134
26083,0.028816715
26084,0.051024854
26085,0.32226336
26086,0.032430105
26087,0.031034058
26088,0.03845819
26089,0.049734376
26090,0.22272997
26091,0.06142225
26092,0.19901857
26093,0.07180723
26094,0.046667702
26095,0.020021249
26096,0.027042896
26097,0.047726113
26098,0.006114541
26099,0.27761927
26100,0.11024678
26101,0.009355368
26102,0.22542724
26103,0.025543112
26104,0.041955546
26105,0.059155613
26106,0.0066312663
26107,0.34580708
26108,0.47716507
26109,0.06656465
26110,0.074721776
26111,0.0010849054
26112,0.13423234
26113,0.028593535
26114,0.0066000447
26115,0.14566584
26116,0.18615921
26117,0.089301705
26118,0.93426037
26119,0.098480955
26120,0.011395177
26121,0.05939595
26122,0.07892596
26123,0.0040416885
26124,0.00634816
26125,0.121908605
26126,0.38997647
26127,0.096528575
26128,0.14806364
26129,0.015253983
26130,0.0009555348
26131,0.12631649
26132,0.007133496
26133,0.10370604
26134,0.021432694
26135,0.0065770843
26136,0.0056988476
26137,0.0066839242
26138,0.06389952
26139,0.016554486
26140,0.07029923
26141,0.14186543
26142,0.0030976534
26143,0.05801742
26144,0.009371574
26145,0.035689402
26146,0.08264384
26147,0.1402981
26148,0.013509196
26149,0.002559773
26150,0.99167407
26151,0.018387115
26152,0.17200175
26153,0.021952543
26154,0.032693405
26155,0.02413623
26156,0.05125898
26157,0.004303406
26158,0.040616177
26159,0.23146828
26160,0.030051325
26161,0.02534141
26162,0.0066049634
26163,0.00523357
26164,0.0025802995
26165,0.017334368
26166,0.02176577
26167,0.14067988
26168,0.021611026
26169,0.009707113
26170,0.10138123
26171,0.0023531711
26172,0.0024142512
26173,0.012526547
26174,0.31294775
26175,0.0072900266
26176,0.0055324584
26177,0.03757739
26178,0.064093076
26179,0.0045498265
26180,0.008857398
26181,0.21803665
26182,0.07034818
26183,0.008131757
26184,0.0064666225
26185,0.055778034
26186,0.17314377
26187,0.08221922
26188,0.07095315
26189,0.085808985
26190,0.04959824
26191,0.0069652842
26192,0.008260133
26193,0.06755842
26194,0.23801179
26195,0.18379256
26196,0.0035735231
26197,0.042821724
26198,0.019321945
26199,0.0016081014
26200,0.001177243
26201,0.006610838
26202,0.0030420157
26203,0.0064369873
26204,0.0043000164
26205,0.007108219
26206,0.0050162207
26207,0.0110555645
26208,0.04802797
26209,0.04232871
26210,0.17680323
26211,0.060140204
26212,0.0049227634
26213,0.27027282
26214,0.012375228
26215,0.008045437
26216,0.023049058
26217,0.00245392
26218,0.0049683815
26219,0.005262776
26220,0.010596228
26221,0.008339362
26222,0.0065986672
26223,0.0036831913
26224,0.039871477
26225,0.0063597066
26226,0.008344427
26227,0.08794978
26228,0.058671247
26229,0.057204597
26230,0.0025431882
26231,0.045423664
26232,0.008587809
26233,0.00681692
26234,0.012505831
26235,0.0050416985
26236,0.16062598
26237,0.0053780014
26238,0.033835955
26239,0.001488206
26240,0.0041902885
26241,0.0014668399
26242,0.0048643136
26243,0.011993443
26244,0.099855505
26245,0.012335918
26246,0.0026709787
26247,0.013209872
26248,0.30017382
26249,0.070365675
26250,0.09474937
26251,0.083489835
26252,0.0047343834
26253,0.06972189
26254,0.011084586
26255,0.12861887
26256,0.024396794
26257,0.14242074
26258,0.14975694
26259,0.009805935
26260,0.0075635416
26261,0.021538615
26262,0.02072242
26263,0.003832513
26264,0.00091610535
26265,0.00088331866
26266,0.014727605
26267,0.03903774
26268,0.0016760171
26269,0.11470932
26270,0.07576281
26271,0.024469364
26272,0.17904176
26273,0.0014598122
26274,0.007897932
26275,0.002893745
26276,0.012388932
26277,0.011817006
26278,0.02750594
26279,0.01149929
26280,0.04880265
26281,0.054723065
26282,0.004917247
26283,0.0016289788
26284,0.04971952
26285,0.021204157
26286,0.22435221
26287,0.22278814
26288,0.006351265
26289,0.0877172
26290,0.006437905
26291,0.023046805
26292,0.10838652
26293,0.017112475
26294,0.051031787
26295,0.026506666
26296,0.05134082
26297,0.0066486723
26298,0.106432304
26299,0.0035257987
26300,0.057932578
26301,0.014410937
26302,0.26204926
26303,0.03660428
26304,0.04333064
26305,0.11309354
26306,0.07550649
26307,0.013237762
26308,0.0035544205
26309,0.016187955
26310,0.14472389
26311,0.085110135
26312,0.26275092
26313,0.029743776
26314,0.1908544
26315,0.042009093
26316,0.013775605
26317,0.031190585
26318,0.005594504
26319,0.026371557
26320,0.009142312
26321,0.14681265
26322,0.03423968
26323,0.7042428
26324,0.18634954
26325,0.0348637
26326,0.03236865
26327,0.14709139
26328,0.07251719
26329,0.01550698
26330,0.012387226
26331,0.09153308
26332,0.043297246
26333,0.06116136
26334,0.24052104
26335,0.45848727
26336,0.3814157
26337,0.06591238
26338,0.12985337
26339,0.13317093
26340,0.103917204
26341,0.088920034
26342,0.07348282
26343,0.053036142
26344,0.26045233
26345,0.10281
26346,0.23185316
26347,0.39301127
26348,0.12436211
26349,0.019616252
26350,0.42855263
26351,0.004933323
26352,0.09272449
26353,0.7675713
26354,0.07794076
26355,0.10414696
26356,0.016825644
26357,0.14460452
26358,0.04144749
26359,0.11002903
26360,0.11847399
26361,0.023943216
26362,0.006559022
26363,0.033812296
26364,0.2525637
26365,0.07433866
26366,0.047327723
26367,0.15014398
26368,0.13181743
26369,0.15443338
26370,0.0348819
26371,0.0024370435
26372,0.048757337
26373,0.08406766
26374,0.07131146
26375,0.039014943
26376,0.057085037
26377,0.012414712
26378,0.0016307887
26379,0.0045878515
26380,0.008480432
26381,0.37435344
26382,0.09003551
26383,0.009068815
26384,0.24585044
26385,0.32009435
26386,0.18079343
26387,0.038973533
26388,0.040817033
26389,0.020012835
26390,0.055350274
26391,0.004594694
26392,0.010889193
26393,0.0707898
26394,0.12663147
26395,0.22727886
26396,0.3567784
26397,0.0111096315
26398,0.06878917
26399,0.012144726
26400,0.0067789406
26401,0.06759378
26402,0.03658043
26403,0.20241722
26404,0.0267993
26405,0.022711605
26406,0.07463215
26407,0.032218713
26408,0.0029101481
26409,0.04517082
26410,0.41475177
26411,0.1036062
26412,0.12312891
26413,0.007454487
26414,0.088407494
26415,0.09634622
26416,0.0029347115
26417,0.018161878
26418,0.10386832
26419,0.13292818
26420,0.09523605
26421,0.076006636
26422,0.1168703
26423,0.0066865394
26424,0.04911314
26425,0.04298596
26426,0.017322632
26427,0.0054893405
26428,0.122463845
26429,0.06279124
26430,0.11023094
26431,0.009529947
26432,0.024050444
26433,0.00520116
26434,0.05304272
26435,0.002613935
26436,0.011366372
26437,0.053194903
26438,0.0063576074
26439,0.022486998
26440,0.022892606
26441,0.26937595
26442,0.27089012
26443,0.025504077
26444,0.018716514
26445,0.058873266
26446,0.096926376
26447,0.121044755
26448,0.01359058
26449,0.011491538
26450,0.0016810338
26451,0.034958765
26452,0.23408434
26453,0.032049578
26454,0.025318196
26455,0.0069616064
26456,0.08509141
26457,0.06393714
26458,0.1622342
26459,0.131408
26460,0.19525306
26461,0.062435675
26462,0.0277517
26463,0.022360507
26464,0.08751546
26465,0.005420943
26466,0.00105148
26467,0.14372393
26468,0.02768309
26469,0.47056594
26470,0.13467486
26471,0.037750743
26472,0.15348521
26473,0.10309072
26474,0.061059456
26475,0.0045982804
26476,0.020860514
26477,0.0069729537
26478,0.020767165
26479,0.012730764
26480,0.0035423324
26481,0.03865557
26482,0.11432532
26483,0.10040192
26484,0.10390632
26485,0.07738437
26486,0.11369183
26487,0.14926405
26488,0.3268748
26489,0.06387576
26490,0.049175687
26491,0.05976183
26492,0.028665463
26493,0.055308633
26494,0.07608308
26495,0.1305981
26496,0.06903182
26497,0.13566992
26498,0.06342478
26499,0.054716386
26500,0.0058463654
26501,0.00851028
26502,0.21239325
26503,0.005094598
26504,0.0018986767
26505,0.039595205
26506,0.012593182
26507,0.0075407745
26508,0.003198193
26509,0.0053232037
26510,0.02623105
26511,0.08918576
26512,0.087135196
26513,0.08478911
26514,0.08095346
26515,0.21029751
26516,0.16706035
26517,0.20396805
26518,0.015144309
26519,0.10720031
26520,0.042026564
26521,0.019927125
26522,0.08669091
26523,0.03619825
26524,0.048144095
26525,0.0039836364
26526,0.027243298
26527,0.055481642
26528,0.016943205
26529,0.025651807
26530,0.007133911
26531,0.08794744
26532,0.056362696
26533,0.18040903
26534,0.06578585
26535,0.16953182
26536,0.3658543
26537,0.1255042
26538,0.14120035
26539,0.055714827
26540,0.06017499
26541,0.0461123
26542,0.067706294
26543,0.07209397
26544,0.0073740063
26545,0.051004104
26546,0.3523662
26547,0.08446859
26548,0.064144254
26549,0.052114498
26550,0.0689819
26551,0.01316529
26552,0.014032398
26553,0.00700085
26554,0.008659465
26555,0.036337223
26556,0.39991218
26557,0.07506149
26558,0.021592705
26559,0.08667518
26560,0.57338923
26561,0.07899052
26562,0.03229341
26563,0.14397678
26564,0.057186235
26565,0.24001709
26566,0.3078155
26567,0.056731105
26568,0.008594207
26569,0.038684472
26570,0.089924134
26571,0.10921111
26572,0.20615871
26573,0.0603517
26574,0.099223875
26575,0.067397244
26576,0.08060011
26577,0.0064147264
26578,0.009837558
26579,0.060944073
26580,0.09195356
26581,0.002835992
26582,0.13242424
26583,0.13543667
26584,0.24453294
26585,0.09964412
26586,0.019120295
26587,0.121715926
26588,0.17498252
26589,0.23535287
26590,0.022359531
26591,0.079578385
26592,0.09571101
26593,0.11172829
26594,0.6036493
26595,0.15007134
26596,0.26489586
26597,0.15856007
26598,0.007164389
26599,0.046072714
26600,0.009251809
26601,0.058191814
26602,0.102666065
26603,0.23574328
26604,0.184927
26605,0.009201409
26606,0.089451425
26607,0.08847142
26608,0.13101643
26609,0.14037879
26610,0.14507493
26611,0.208325
26612,0.2733268
26613,0.114399
26614,0.09636114
26615,0.0843487
26616,0.07454475
26617,0.2541509
26618,0.98162156
26619,0.017463092
26620,0.31046885
26621,0.065730534
26622,0.25586295
26623,0.051361185
26624,0.07526897
26625,0.0026283073
26626,0.041550316
26627,0.009307934
26628,0.46371323
26629,0.072054125
26630,0.076346725
26631,0.26168773
26632,0.12120207
26633,0.18793026
26634,0.31685463
26635,0.34436727
26636,0.0020492072
26637,0.21706608
26638,0.14880632
26639,0.08602198
26640,0.9766329
26641,0.40942663
26642,0.42034835
26643,0.003145808
26644,0.1593784
26645,0.034862705
26646,0.015999336
26647,0.0029305047
26648,0.05531501
26649,0.006806428
26650,0.025331253
26651,0.0066983188
26652,0.009987511
26653,0.0077117444
26654,0.06084954
26655,0.06267147
26656,0.064971216
26657,0.09805928
26658,0.10373025
26659,0.13309118
26660,0.15406725
26661,0.17958191
26662,0.056821186
26663,0.06284302
26664,0.2920084
26665,0.0015148815
26666,0.040299766
26667,0.9915352
26668,0.98817444
26669,0.74316156
26670,0.005359064
26671,0.013973063
26672,0.015074059
26673,0.08758144
26674,0.36755902
26675,0.118849896
26676,0.07286589
26677,0.02156375
26678,0.058211856
26679,0.058974903
26680,0.0423478
26681,0.05759082
26682,0.38288772
26683,0.0151725095
26684,0.01931052
26685,0.098404214
26686,0.069029436
26687,0.036456145
26688,0.054983474
26689,0.23603997
26690,0.13473085
26691,0.07348535
26692,0.13040388
26693,0.14228429
26694,0.10374264
26695,0.99129105
26696,0.76429826
26697,0.6733453
26698,0.017233353
26699,0.021547865
26700,0.37244028
26701,0.097601265
26702,0.20186186
26703,0.015055254
26704,0.10324546
26705,0.0047163167
26706,0.16686459
26707,0.11802872
26708,0.16680752
26709,0.38997608
26710,0.3171557
26711,0.37125683
26712,0.1473917
26713,0.093659446
26714,0.073976055
26715,0.03487686
26716,0.0908765
26717,0.02577446
26718,0.031356983
26719,0.11289724
26720,0.13774487
26721,0.07605015
26722,0.06811424
26723,0.006694843
26724,0.98068875
26725,0.98777026
26726,0.9930272
26727,0.12551424
26728,0.06366728
26729,0.12113001
26730,0.043193914
26731,0.28973648
26732,0.0015921987
26733,0.0072710775
26734,0.010827572
26735,0.011685552
26736,0.0137358885
26737,0.068102434
26738,0.05155312
26739,0.20198373
26740,0.9908735
26741,0.019791815
26742,0.12431525
26743,0.048412167
26744,0.17797975
26745,0.08054273
26746,0.17884356
26747,0.20632109
26748,0.07637632
26749,0.10259966
26750,0.1478878
26751,0.115060784
26752,0.05015984
26753,0.023778785
26754,0.23110297
26755,0.24518362
26756,0.21953592
26757,0.049218614
26758,0.016436646
26759,0.024229042
26760,0.006794394
26761,0.1149771
26762,0.21747601
26763,0.014989188
26764,0.049866937
26765,0.010156055
26766,0.0059297937
26767,0.0048993127
26768,0.04790802
26769,0.07481283
26770,0.20715947
26771,0.4301118
26772,0.1682089
26773,0.19715098
26774,0.08392696
26775,0.18262704
26776,0.11146122
26777,0.5131244
26778,0.03859005
26779,0.060623664
26780,0.02512745
26781,0.15055528
26782,0.21675667
26783,0.21306069
26784,0.41102678
26785,0.26209
26786,0.22197008
26787,0.99048567
26788,0.12615791
26789,0.0052210884
26790,0.21626958
26791,0.24372907
26792,0.0018503277
26793,0.2508137
26794,0.06444922
26795,0.0047163656
26796,0.052065175
26797,0.03681027
26798,0.071564786
26799,0.243445
26800,0.28286368
26801,0.30600068
26802,0.23578756
26803,0.14128529
26804,0.14464737
26805,0.22225964
26806,0.0088614235
26807,0.019786792
26808,0.15882364
26809,0.060046654
26810,0.04023678
26811,0.43067962
26812,0.19108677
26813,0.038359594
26814,0.46817937
26815,0.22143647
26816,0.017510042
26817,0.14972773
26818,0.09152169
26819,0.017898673
26820,0.009322581
26821,0.012744616
26822,0.034231976
26823,0.077478185
26824,0.07761388
26825,0.11285756
26826,0.28012362
26827,0.674877
26828,0.26061982
26829,0.17636886
26830,0.36117843
26831,0.10829061
26832,0.07619752
26833,0.08498732
26834,0.16117813
26835,0.22177951
26836,0.057593413
26837,0.021141913
26838,0.07926528
26839,0.090799555
26840,0.05537861
26841,0.004843107
26842,0.07062456
26843,0.038210656
26844,0.009930863
26845,0.002941145
26846,0.014739233
26847,0.035494488
26848,0.014785704
26849,0.071060695
26850,0.024420932
26851,0.07829346
26852,0.19339432
26853,0.15681621
26854,0.116319895
26855,0.52597255
26856,0.52664053
26857,0.22696538
26858,0.16502711
26859,0.07092502
26860,0.11449014
26861,0.0018418276
26862,0.99225456
26863,0.011885899
26864,0.011438362
26865,0.0704016
26866,0.11378084
26867,0.12019296
26868,0.008281006
26869,0.09411879
26870,0.014337445
26871,0.051466238
26872,0.030927703
26873,0.06738655
26874,0.11987461
26875,0.49911708
26876,0.2476769
26877,0.15506703
26878,0.98880863
26879,0.24325219
26880,0.33589882
26881,0.17466858
26882,0.038213182
26883,0.04404701
26884,0.0040183654
26885,0.009445141
26886,0.0060340133
26887,0.035662003
26888,0.08187304
26889,0.43058068
26890,0.071123175
26891,0.30205655
26892,0.01026254
26893,0.10038656
26894,0.16557981
26895,0.12284076
26896,0.24415521
26897,0.10909784
26898,0.006194012
26899,0.004269227
26900,0.11742343
26901,0.9887886
26902,0.18989849
26903,0.7027882
26904,0.21468869
26905,0.24871235
26906,0.15032429
26907,0.19801423
26908,0.064594224
26909,0.010399861
26910,0.008697694
26911,0.021485135
26912,0.0044514453
26913,0.12384405
26914,0.14355528
26915,0.057342447
26916,0.27517763
26917,0.006585979
26918,0.0870842
26919,0.2194078
26920,0.006684846
26921,0.103471935
26922,0.121082164
26923,0.16752872
26924,0.03727743
26925,0.1306748
26926,0.1566858
26927,0.13443708
26928,0.14044277
26929,0.0046820357
26930,0.09321971
26931,0.10028048
26932,0.009806161
26933,0.13866743
26934,0.1223884
26935,0.00886291
26936,0.011423136
26937,0.014665571
26938,0.16605994
26939,0.0053703794
26940,0.0073320614
26941,0.17118715
26942,0.035149314
26943,0.030817915
26944,0.10637746
26945,0.0503562
26946,0.020466032
26947,0.04460228
26948,0.20172505
26949,0.2998637
26950,0.59135085
26951,0.15254383
26952,0.009345654
26953,0.0129511
26954,0.029731173
26955,0.02501207
26956,0.05221171
26957,0.02251095
26958,0.14121003
26959,0.003285912
26960,0.028831203
26961,0.0100114625
26962,0.042131007
26963,0.0115983905
26964,0.003027901
26965,0.0042848913
26966,0.083738334
26967,0.078298956
26968,0.3580951
26969,0.012261805
26970,0.035977967
26971,0.018475998
26972,0.0678861
26973,0.13048387
26974,0.37711668
26975,0.14597014
26976,0.008507043
26977,0.20654717
26978,0.009659891
26979,0.007849371
26980,0.089362815
26981,0.15203817
26982,0.08668794
26983,0.009025985
26984,0.0121426415
26985,0.0063921264
26986,0.2378778
26987,0.031980425
26988,0.014341491
26989,0.119679466
26990,0.06816537
26991,0.04689804
26992,0.018359711
26993,0.015585725
26994,0.0363682
26995,0.28707933
26996,0.0042186244
26997,0.014844907
26998,0.008109888
26999,0.040849376
27000,0.035667542
27001,0.29855084
27002,0.06463277
27003,0.16039644
27004,0.06554733
27005,0.0024786242
27006,0.001994443
27007,0.07644737
27008,0.056250118
27009,0.017906139
27010,0.26335526
27011,0.106662534
27012,0.009823587
27013,0.23245636
27014,0.012288226
27015,0.04238579
27016,0.08103372
27017,0.006402176
27018,0.28672546
27019,0.47419152
27020,0.109590985
27021,0.07361962
27022,0.0009611521
27023,0.11012299
27024,0.078358606
27025,0.051790677
27026,0.054602623
27027,0.18528089
27028,0.06974757
27029,0.9747281
27030,0.115908936
27031,0.012599404
27032,0.061600495
27033,0.06304233
27034,0.03565392
27035,0.011789338
27036,0.09012965
27037,0.37383455
27038,0.041822657
27039,0.17068622
27040,0.016933408
27041,0.16486822
27042,0.012494555
27043,0.05261041
27044,0.036174484
27045,0.026911175
27046,0.013997845
27047,0.04064579
27048,0.008300094
27049,0.09784958
27050,0.1654826
27051,0.029347528
27052,0.05579043
27053,0.01222229
27054,0.078647934
27055,0.084190086
27056,0.0099543985
27057,0.012510514
27058,0.99158823
27059,0.040697627
27060,0.17939842
27061,0.049571104
27062,0.029993618
27063,0.04023946
27064,0.04359097
27065,0.017149657
27066,0.0035534129
27067,0.24467771
27068,0.032387916
27069,0.0015926656
27070,0.0060868277
27071,0.006937465
27072,0.08637285
27073,0.021191563
27074,0.11756232
27075,0.050772082
27076,0.0151699465
27077,0.059580803
27078,0.336905
27079,0.012384564
27080,0.012270236
27081,0.0056838365
27082,0.0074289576
27083,0.056872733
27084,0.018340005
27085,0.18579178
27086,0.05579567
27087,0.008332421
27088,0.0071912846
27089,0.005362763
27090,0.06796952
27091,0.16317873
27092,0.14070734
27093,0.014640689
27094,0.07877411
27095,0.026446711
27096,0.0225795
27097,0.07045057
27098,0.2612113
27099,0.18915322
27100,0.048779845
27101,0.022364086
27102,0.0076555773
27103,0.0010398813
27104,0.000722352
27105,0.016660865
27106,0.004865973
27107,0.009031324
27108,0.003998203
27109,0.0069509903
27110,0.0030490593
27111,0.0148695605
27112,0.053892594
27113,0.037857972
27114,0.10292761
27115,0.009018699
27116,0.126195
27117,0.005053196
27118,0.30437636
27119,0.013003196
27120,0.006602835
27121,0.010762566
27122,0.010643822
27123,0.007201656
27124,0.0050503067
27125,0.018644722
27126,0.0067089675
27127,0.006844194
27128,0.006754575
27129,0.0019170195
27130,0.15024401
27131,0.03167117
27132,0.026588863
27133,0.008650592
27134,0.06696681
27135,0.009117538
27136,0.015279624
27137,0.0018080535
27138,0.16530293
27139,0.007993704
27140,0.025736649
27141,0.0046214736
27142,0.006816879
27143,0.055407643
27144,0.004961884
27145,0.11010946
27146,0.020332623
27147,0.10228066
27148,0.009706788
27149,0.0016833196
27150,0.33021012
27151,0.045577478
27152,0.064966515
27153,0.07847303
27154,0.0062127244
27155,0.0048091123
27156,0.005087751
27157,0.057919126
27158,0.0042661177
27159,0.0031487457
27160,0.13608985
27161,0.014475803
27162,0.12645666
27163,0.004905568
27164,0.20530586
27165,0.0032888432
27166,0.013853605
27167,0.05821951
27168,0.026763361
27169,0.0017149678
27170,0.0038831395
27171,0.0015718801
27172,0.0135380775
27173,0.049657192
27174,0.0051806914
27175,0.00575507
27176,0.14070852
27177,0.019762602
27178,0.20217614
27179,0.03044035
27180,0.01865603
27181,0.0022210157
27182,0.002948617
27183,0.0020542054
27184,0.009367356
27185,0.024620304
27186,0.015827563
27187,0.0053207004
27188,0.0010057557
27189,0.011319575
27190,0.047094338
27191,0.26978245
27192,0.21553326
27193,0.0064944103
27194,0.0962458
27195,0.011307786
27196,0.013805732
27197,0.060160995
27198,0.11442524
27199,0.09465169
27200,0.06177374
27201,0.06280865
27202,0.042255323
27203,0.03914528
27204,0.023804191
27205,0.010652136
27206,0.0044291364
27207,0.11862862
27208,0.037209142
27209,0.029193169
27210,0.012794119
27211,0.19291335
27212,0.22573717
27213,0.005279024
27214,0.28184897
27215,0.044651084
27216,0.20985015
27217,0.12613288
27218,0.110411964
27219,0.014410332
27220,0.18572973
27221,0.0011336703
27222,0.02808271
27223,0.20821218
27224,0.031292222
27225,0.8306017
27226,0.11875421
27227,0.029898703
27228,0.13794872
27229,0.005451981
27230,0.064157106
27231,0.0044792597
27232,0.0461128
27233,0.041864462
27234,0.037360407
27235,0.22873223
27236,0.50078833
27237,0.4396635
27238,0.0757909
27239,0.034488346
27240,0.2222301
27241,0.010151444
27242,0.103765234
27243,0.09543866
27244,0.096976504
27245,0.060789667
27246,0.2960248
27247,0.15397449
27248,0.143644
27249,0.4800028
27250,0.09837562
27251,0.40771788
27252,0.08336975
27253,0.8660762
27254,0.12696943
27255,0.04958137
27256,0.025254618
27257,0.08228954
27258,0.13516277
27259,0.07582289
27260,0.12066698
27261,0.025238518
27262,0.10336995
27263,0.16565934
27264,0.014371565
27265,0.07202919
27266,0.09821707
27267,0.18361661
27268,0.15748999
27269,0.0072778417
27270,0.031424627
27271,0.03621189
27272,0.115871504
27273,0.1867427
27274,0.058025844
27275,0.26974136
27276,0.053553004
27277,0.06569605
27278,0.042815965
27279,0.051304497
27280,0.007689572
27281,0.4107809
27282,0.0508093
27283,0.07308471
27284,0.2676459
27285,0.24348035
27286,0.005718473
27287,0.1654497
27288,0.0670301
27289,0.008046204
27290,0.018557362
27291,0.069975
27292,0.03379203
27293,0.041977853
27294,0.056162834
27295,0.2001938
27296,0.48340788
27297,0.004196689
27298,0.015329661
27299,0.054956995
27300,0.0066031343
27301,0.032279767
27302,0.0018268621
27303,0.02679618
27304,0.31039748
27305,0.019382324
27306,0.05223159
27307,0.07472203
27308,0.0434152
27309,0.05471911
27310,0.10961548
27311,0.43099317
27312,0.06550586
27313,0.1119713
27314,0.03831908
27315,0.0016708171
27316,0.09425985
27317,0.09642527
27318,0.008732843
27319,0.030179953
27320,0.16397414
27321,0.15302001
27322,0.09849384
27323,0.06397126
27324,0.12280311
27325,0.052791376
27326,0.020386025
27327,0.027759075
27328,0.0032416105
27329,0.12918262
27330,0.09043692
27331,0.17641465
27332,0.04803174
27333,0.014154786
27334,0.011378586
27335,0.055359524
27336,0.011780883
27337,0.0040745386
27338,0.02999575
27339,0.0014782228
27340,0.03466446
27341,0.39406833
27342,0.2848385
27343,0.072626345
27344,0.084279366
27345,0.028519461
27346,0.106532
27347,0.0067394106
27348,0.013962887
27349,0.039105147
27350,0.0015160937
27351,0.03146445
27352,0.20136075
27353,0.010500682
27354,0.021291437
27355,0.006732592
27356,0.084901236
27357,0.06710219
27358,0.111383215
27359,0.17863822
27360,0.12998119
27361,0.068487
27362,0.044879436
27363,0.0142303435
27364,0.0658973
27365,0.04386866
27366,0.012406588
27367,0.19157994
27368,0.066918015
27369,0.4132673
27370,0.14925356
27371,0.052831195
27372,0.011711196
27373,0.15061328
27374,0.10834782
27375,0.04915034
27376,0.011718367
27377,0.0055678263
27378,0.011698091
27379,0.026566852
27380,0.020163167
27381,0.039074294
27382,0.087696955
27383,0.07005303
27384,0.08507732
27385,0.06266389
27386,0.09882893
27387,0.16602704
27388,0.27665734
27389,0.061407626
27390,0.043119848
27391,0.049006112
27392,0.0039957156
27393,0.031640958
27394,0.0065364586
27395,0.09175032
27396,0.082089216
27397,0.091580346
27398,0.050139427
27399,0.090092175
27400,0.03740281
27401,0.063208625
27402,0.0064249947
27403,0.0049126563
27404,0.009157022
27405,0.1992482
27406,0.005708178
27407,0.0255409
27408,0.0761586
27409,0.0076327748
27410,0.008329356
27411,0.00579968
27412,0.023302717
27413,0.08467894
27414,0.08033265
27415,0.10114895
27416,0.07313099
27417,0.22180018
27418,0.12030598
27419,0.22254506
27420,0.00287522
27421,0.13160653
27422,0.035425294
27423,0.028437516
27424,0.08802421
27425,0.0034255846
27426,0.03729873
27427,0.054086704
27428,0.008510074
27429,0.05917846
27430,0.05894217
27431,0.008163084
27432,0.05396959
27433,0.0108696725
27434,0.013831484
27435,0.13109204
27436,0.02709345
27437,0.17874801
27438,0.04428736
27439,0.13998164
27440,0.38675156
27441,0.1195447
27442,0.13029425
27443,0.05663436
27444,0.07976304
27445,0.032216806
27446,0.10048555
27447,0.04445747
27448,0.33877546
27449,0.11013099
27450,0.0493261
27451,0.046695568
27452,0.04413904
27453,0.013808578
27454,0.049978003
27455,0.0018993405
27456,0.028061524
27457,0.35745025
27458,0.05962048
27459,0.03762073
27460,0.10962497
27461,0.67629063
27462,0.06337971
27463,0.035824813
27464,0.10375857
27465,0.09926586
27466,0.16703054
27467,0.27620333
27468,0.08566718
27469,0.007965984
27470,0.019919435
27471,0.11552813
27472,0.11963202
27473,0.18915927
27474,0.107646786
27475,0.19125412
27476,0.09063115
27477,0.013710822
27478,0.11262667
27479,0.005006579
27480,0.073302396
27481,0.06867746
27482,0.00512451
27483,0.13269868
27484,0.12832993
27485,0.21902137
27486,0.11177756
27487,0.006719865
27488,0.13088892
27489,0.16493109
27490,0.16952404
27491,0.040584
27492,0.008205996
27493,0.102019764
27494,0.07503795
27495,0.10205561
27496,0.59712034
27497,0.03610163
27498,0.051063914
27499,0.26962632
27500,0.13056836
27501,0.060392685
27502,0.08613143
27503,0.21017806
27504,0.19199076
27505,0.06463363
27506,0.07004079
27507,0.13820095
27508,0.09927601
27509,0.118622564
27510,0.15492916
27511,0.25080433
27512,0.11162356
27513,0.003930855
27514,0.011432662
27515,0.014418535
27516,0.08035551
27517,0.06131245
27518,0.26627737
27519,0.9687478
27520,0.015771294
27521,0.27187306
27522,0.0021986023
27523,0.04394627
27524,0.25713938
27525,0.075738974
27526,0.07111926
27527,0.00186578
27528,0.04483028
27529,0.45263448
27530,0.051570572
27531,0.06502149
27532,0.24543461
27533,0.10120945
27534,0.22426984
27535,0.32591635
27536,0.32273692
27537,0.035406373
27538,0.22358532
27539,0.16021898
27540,0.159006
27541,0.9811999
27542,0.36031199
27543,0.37857288
27544,0.0042326427
27545,0.23197153
27546,0.060616028
27547,0.0042306725
27548,0.0084952805
27549,0.03589214
27550,0.00722832
27551,0.002597489
27552,0.0667913
27553,0.05270841
27554,0.07814636
27555,0.08808466
27556,0.12524644
27557,0.16142772
27558,0.15842594
27559,0.13822405
27560,0.032166276
27561,0.08300929
27562,0.2845547
27563,0.02717115
27564,0.99150527
27565,0.98796034
27566,0.80785024
27567,0.0057329526
27568,0.0133636715
27569,0.05187559
27570,0.16945456
27571,0.42654452
27572,0.09282879
27573,0.07053154
27574,0.02176022
27575,0.040432688
27576,0.06252258
27577,0.021129524
27578,0.010823532
27579,0.38222098
27580,0.0030854738
27581,0.036330517
27582,0.07606754
27583,0.09803476
27584,0.058257513
27585,0.043077063
27586,0.20876431
27587,0.087541595
27588,0.065377474
27589,0.16273972
27590,0.10783801
27591,0.05875376
27592,0.9914676
27593,0.74275154
27594,0.71920705
27595,0.008285644
27596,0.01643819
27597,0.013251731
27598,0.0061955824
27599,0.41122445
27600,0.12979826
27601,0.23827823
27602,0.027540531
27603,0.14380649
27604,0.04361806
27605,0.17105214
27606,0.07711135
27607,0.1515623
27608,0.2924444
27609,0.34062532
27610,0.29443303
27611,0.123367116
27612,0.1436377
27613,0.09580341
27614,0.04383672
27615,0.1052324
27616,0.05924852
27617,0.011907987
27618,0.0047486844
27619,0.16602767
27620,0.19488259
27621,0.08753488
27622,0.12437288
27623,0.9864351
27624,0.98747796
27625,0.99305946
27626,0.1447786
27627,0.04495307
27628,0.17118958
27629,0.0011692378
27630,0.3487634
27631,0.024538273
27632,0.0077592074
27633,0.0018512845
27634,0.039184622
27635,0.019047746
27636,0.03771753
27637,0.061479438
27638,0.20316204
27639,0.9913043
27640,0.010890558
27641,0.058336865
27642,0.051855244
27643,0.13296357
27644,0.07175691
27645,0.17137952
27646,0.18689655
27647,0.033469193
27648,0.0958242
27649,0.15359214
27650,0.08948564
27651,0.049825676
27652,0.057563685
27653,0.23193558
27654,0.3018151
27655,0.19398229
27656,0.07395723
27657,0.0084007485
27658,0.07188598
27659,0.007326957
27660,0.1314671
27661,0.20456776
27662,0.036875103
27663,0.08979891
27664,0.026505912
27665,0.05746817
27666,0.15198489
27667,0.4169
27668,0.16427669
27669,0.17541659
27670,0.101464115
27671,0.16623266
27672,0.125772
27673,0.5145278
27674,0.056724083
27675,0.039613713
27676,0.032513108
27677,0.1772038
27678,0.14354569
27679,0.14583643
27680,0.41553816
27681,0.24494366
27682,0.18859111
27683,0.99025166
27684,0.090745136
27685,0.009597671
27686,0.1467867
27687,0.21998508
27688,0.009267314
27689,0.0051093386
27690,0.24160239
27691,0.01540677
27692,0.0075735664
27693,0.0633003
27694,0.0155147435
27695,0.09205675
27696,0.21939282
27697,0.23106225
27698,0.25597766
27699,0.21631105
27700,0.13426515
27701,0.12183372
27702,0.23577003
27703,0.03245599
27704,0.18149039
27705,0.081331655
27706,0.017603517
27707,0.560768
27708,0.24583168
27709,0.03558448
27710,0.46313375
27711,0.31723052
27712,0.0070140124
27713,0.11506623
27714,0.17495993
27715,0.12776715
27716,0.020920647
27717,0.008729225
27718,0.0051368875
27719,0.0070168376
27720,0.009584089
27721,0.020513587
27722,0.08672088
27723,0.049666185
27724,0.10786887
27725,0.2844296
27726,0.64094466
27727,0.27220395
27728,0.1832818
27729,0.4109366
27730,0.12270634
27731,0.07510457
27732,0.06890859
27733,0.21200748
27734,0.25197083
27735,0.06634577
27736,0.022575358
27737,0.09634155
27738,0.1165116
27739,0.026408395
27740,0.034112692
27741,0.0697685
27742,0.010902023
27743,0.01188286
27744,0.031387903
27745,0.014675136
27746,0.0036792737
27747,0.017501544
27748,0.047918405
27749,0.04748169
27750,0.06544974
27751,0.16316083
27752,0.097258285
27753,0.11926858
27754,0.5918829
27755,0.46836767
27756,0.21142706
27757,0.14751199
27758,0.029751336
27759,0.040502816
27760,0.12204404
27761,0.053518336
27762,0.021759693
27763,0.9925723
27764,0.044267025
27765,0.0125249205
27766,0.06820431
27767,0.119018875
27768,0.15396316
27769,0.004021618
27770,0.072016224
27771,0.026728725
27772,0.058971513
27773,0.0013760349
27774,0.024246704
27775,0.073763944
27776,0.073113725
27777,0.49723974
27778,0.28514758
27779,0.17514239
27780,0.9886583
27781,0.2684467
27782,0.34199107
27783,0.14769857
27784,0.007964784
27785,0.057056747
27786,0.0035101634
27787,0.024881143
27788,0.047784936
27789,0.014680633
27790,0.037083775
27791,0.07760023
27792,0.40186748
27793,0.08654599
27794,0.263244
27795,0.009883946
27796,0.114648305
27797,0.10650043
27798,0.1440035
27799,0.19452341
27800,0.11373202
27801,0.0044824495
27802,0.046271723
27803,0.13691452
27804,0.99016887
27805,0.21676843
27806,0.7238443
27807,0.21414843
27808,0.24880514
27809,0.13913831
27810,0.20904942
27811,0.08424373
27812,0.009986612
27813,0.0024402305
27814,0.046483904
27815,0.006898232
27816,0.07987339
27817,0.14980118
27818,0.10465653
27819,0.29277688
27820,0.010065625
27821,0.045326076
27822,0.27621922
27823,0.010431608
27824,0.10971995
27825,0.16118851
27826,0.049317535
27827,0.005757819
27828,0.14515601
27829,0.17053206
27830,0.113747776
27831,0.15275212
27832,0.0011389826
27833,0.10189982
27834,0.060208928
27835,0.015299845
27836,0.17413434
27837,0.08019064
27838,0.003273473
27839,0.011134
27840,0.0042601693
27841,0.16366597
27842,0.0048649805
27843,0.16226771
27844,0.0032969457
27845,0.07674844
27846,0.019863456
27847,0.009810797
27848,0.0016047744
27849,0.05770002
27850,0.1680766
27851,0.31540605
27852,0.58053493
27853,0.14347704
27854,0.017872747
27855,0.029555732
27856,0.065579966
27857,0.18017052
27858,0.00877299
27859,0.026526013
27860,0.004342205
27861,0.03967781
27862,0.009366065
27863,0.0035485893
27864,0.008534634
27865,0.07412018
27866,0.06627826
27867,0.33249992
27868,0.0017831512
27869,0.0032594155
27870,0.041803725
27871,0.041946996
27872,0.110681
27873,0.34065312
27874,0.13824035
27875,0.010878871
27876,0.029404134
27877,0.22623138
27878,0.008386432
27879,0.025441054
27880,0.10830995
27881,0.16061336
27882,0.050633453
27883,0.0020964951
27884,0.01268629
27885,0.0062308623
27886,0.22744901
27887,0.024710322
27888,0.022002999
27889,0.116871856
27890,0.08741854
27891,0.03167226
27892,0.0031217802
27893,0.001780247
27894,0.039088592
27895,0.3055754
27896,0.03893734
27897,0.051291786
27898,0.061226584
27899,0.027438289
27900,0.03814422
27901,0.20437817
27902,0.09095694
27903,0.13695335
27904,0.05062451
27905,0.014880982
27906,0.010486139
27907,0.06269456
27908,0.081083775
27909,0.005578188
27910,0.31083465
27911,0.10568245
27912,0.009438483
27913,0.23574391
27914,0.011048147
27915,0.051141094
27916,0.08448772
27917,0.0066558616
27918,0.26409644
27919,0.4927085
27920,0.07964797
27921,0.06751355
27922,0.009512584
27923,0.12617724
27924,0.003633863
27925,0.08074169
27926,0.1269929
27927,0.18567593
27928,0.075367644
27929,0.9838084
27930,0.009541632
27931,0.1450324
27932,0.101199016
27933,0.059254646
27934,0.044434994
27935,0.014613981
27936,0.058779817
27937,0.29193774
27938,0.079819694
27939,0.20420079
27940,0.0072848126
27941,0.0036254846
27942,0.07649596
27943,0.013582611
27944,0.005031991
27945,0.058731474
27946,0.057717003
27947,0.028758636
27948,0.04539951
27949,0.05160343
27950,0.013760081
27951,0.01290979
27952,0.10013767
27953,0.18623576
27954,0.0033018584
27955,0.011296521
27956,0.008483691
27957,0.0041433247
27958,0.07243649
27959,0.12182959
27960,0.04372106
27961,0.99187505
27962,0.06283132
27963,0.16679306
27964,0.06593524
27965,0.071948305
27966,0.017063756
27967,0.011380846
27968,0.036313105
27969,0.005496624
27970,0.2181663
27971,0.05216645
27972,0.0055589243
27973,0.0077181594
27974,0.025334273
27975,0.19062372
27976,0.03968171
27977,0.0024886094
27978,0.11799967
27979,0.04661367
27980,0.02011629
27981,0.04113955
27982,0.41609606
27983,0.017095286
27984,0.0089804735
27985,0.005156959
27986,0.011106932
27987,0.030678919
27988,0.002762043
27989,0.19350523
27990,0.07251541
27991,0.008608548
27992,0.007266555
27993,0.0032270595
27994,0.06282173
27995,0.22213057
27996,0.10297314
27997,0.09268078
27998,0.07086183
27999,0.07579956
28000,0.019390743
28001,0.055642765
28002,0.085744105
28003,0.21318945
28004,0.2581171
28005,0.006356471
28006,0.007519014
28007,0.008078971
28008,0.0025790087
28009,0.027377252
28010,0.040104378
28011,0.006280667
28012,0.007074997
28013,0.01570533
28014,0.0091933785
28015,0.032374468
28016,0.102642454
28017,0.008894803
28018,0.14234759
28019,0.0056491955
28020,0.34315127
28021,0.0053396164
28022,0.0010171101
28023,0.0152204055
28024,0.011437743
28025,0.0013167472
28026,0.034534052
28027,0.010366805
28028,0.0062043583
28029,0.003986279
28030,0.00790984
28031,0.0067014755
28032,0.00834492
28033,0.1299002
28034,0.03787712
28035,0.023778636
28036,0.057637602
28037,0.027379578
28038,0.004403478
28039,0.00129326
28040,0.14040332
28041,0.036592573
28042,0.014038029
28043,0.008509928
28044,0.0045357323
28045,0.020200212
28046,0.0052027022
28047,0.082573906
28048,0.0013211615
28049,0.10382281
28050,0.02408795
28051,0.028636184
28052,0.3335345
28053,0.04714664
28054,0.11670552
28055,0.040409725
28056,0.049931243
28057,0.009863442
28058,0.0014945862
28059,0.13850023
28060,0.0115364995
28061,0.11103592
28062,0.23088975
28063,0.017424362
28064,0.051818065
28065,0.031098196
28066,0.0051016808
28067,0.005632013
28068,0.0007127676
28069,0.039067935
28070,0.015552336
28071,0.0015816676
28072,0.13181224
28073,0.07030727
28074,0.00684613
28075,0.24529827
28076,0.043780793
28077,0.011452305
28078,0.014250268
28079,0.009093123
28080,0.007919511
28081,0.038119562
28082,0.0024628895
28083,0.001238104
28084,0.034278244
28085,0.004471236
28086,0.005439071
28087,0.053898484
28088,0.30285868
28089,0.19893304
28090,0.007238691
28091,0.048583154
28092,0.08731912
28093,0.0086951135
28094,0.041234404
28095,0.007057976
28096,0.018978164
28097,0.03270828
28098,0.08050297
28099,0.010764909
28100,0.107879974
28101,0.012882831
28102,0.046435818
28103,0.037099514
28104,0.076893196
28105,0.0023176884
28106,0.014217563
28107,0.018953709
28108,0.17238663
28109,0.023736302
28110,0.13542211
28111,0.15933526
28112,0.12790133
28113,0.014502379
28114,0.021939432
28115,0.029501671
28116,0.21613297
28117,0.13267168
28118,0.24474406
28119,0.16867563
28120,0.11629467
28121,0.011482253
28122,0.11506455
28123,0.012724395
28124,0.045644082
28125,0.004153651
28126,0.16801725
28127,0.03167458
28128,0.6310454
28129,0.16410854
28130,0.007324622
28131,0.053756475
28132,0.037273612
28133,0.021431044
28134,0.007218498
28135,0.015368259
28136,0.07423884
28137,0.028131342
28138,0.0017478603
28139,0.00972369
28140,0.11668054
28141,0.14450614
28142,0.43365097
28143,0.4550879
28144,0.004636952
28145,0.07986671
28146,0.015454993
28147,0.08293054
28148,0.18009028
28149,0.11922485
28150,0.09786658
28151,0.10062258
28152,0.09126574
28153,0.032159258
28154,0.30899325
28155,0.18762554
28156,0.17747697
28157,0.4130442
28158,0.023890022
28159,0.015199283
28160,0.42308688
28161,0.027161753
28162,0.08199461
28163,0.74620473
28164,0.15159819
28165,0.05887415
28166,0.046546154
28167,0.08689923
28168,0.08612524
28169,0.081474714
28170,0.10989767
28171,0.040390395
28172,0.02550956
28173,0.13852005
28174,0.18964258
28175,0.008942673
28176,0.059696358
28177,0.06794574
28178,0.16206047
28179,0.17336483
28180,0.026217183
28181,0.045563884
28182,0.0037399358
28183,0.008518837
28184,0.021149624
28185,0.06245178
28186,0.15112312
28187,0.017117877
28188,0.24374494
28189,0.02003335
28190,0.0040072678
28191,0.032265075
28192,0.004678925
28193,0.025786597
28194,0.011783794
28195,0.44330373
28196,0.14858405
28197,0.08824678
28198,0.2202785
28199,0.3879295
28200,0.13865662
28201,0.08295728
28202,0.016891534
28203,0.076877065
28204,0.005083357
28205,0.027866786
28206,0.06394916
28207,0.106742665
28208,0.2511962
28209,0.37826753
28210,0.058295555
28211,0.059165023
28212,0.008541303
28213,0.058225445
28214,0.020501763
28215,0.004074058
28216,0.33265325
28217,0.0025100044
28218,0.0672217
28219,0.010438353
28220,0.053828746
28221,0.11800282
28222,0.026546543
28223,0.17686954
28224,0.37296104
28225,0.07147634
28226,0.18308079
28227,0.045423523
28228,0.01072195
28229,0.11846671
28230,0.09953515
28231,0.01912792
28232,0.18314843
28233,0.21236177
28234,0.16389403
28235,0.07450287
28236,0.091885135
28237,0.006744775
28238,0.014325539
28239,0.0059126513
28240,0.13907692
28241,0.070106454
28242,0.11430986
28243,0.034229364
28244,0.047572825
28245,0.025916636
28246,0.029656231
28247,0.009802602
28248,0.03309061
28249,0.04030765
28250,0.04011265
28251,0.0029069704
28252,0.39368755
28253,0.29309523
28254,0.10619887
28255,0.06274623
28256,0.031776316
28257,0.09179716
28258,0.061868716
28259,0.0012666543
28260,0.0169049
28261,0.00778403
28262,0.012082264
28263,0.012802338
28264,0.23665449
28265,0.004621793
28266,0.0069796816
28267,0.014135687
28268,0.007576416
28269,0.089615
28270,0.07607083
28271,0.13887279
28272,0.16286425
28273,0.17484704
28274,0.0502585
28275,0.036134012
28276,0.0054627513
28277,0.07304857
28278,0.028297395
28279,0.19607814
28280,0.09959756
28281,0.5128888
28282,0.09057467
28283,0.03650678
28284,0.012135957
28285,0.11637479
28286,0.13478926
28287,0.041918658
28288,0.009467427
28289,0.006875406
28290,0.006886455
28291,0.042520568
28292,0.010871197
28293,0.0026892438
28294,0.10401483
28295,0.058038305
28296,0.10803731
28297,0.06075278
28298,0.11673485
28299,0.15977624
28300,0.3583016
28301,0.048159268
28302,0.023605691
28303,0.08620314
28304,0.022637814
28305,0.11292349
28306,0.077673815
28307,0.14233217
28308,0.027893942
28309,0.08655757
28310,0.040840015
28311,0.06276298
28312,0.012985311
28313,0.010197006
28314,0.012049328
28315,0.1698675
28316,0.0009996083
28317,0.0034301425
28318,0.10689546
28319,0.037347496
28320,0.01893139
28321,0.038975466
28322,0.08309269
28323,0.0749359
28324,0.100517176
28325,0.07185623
28326,0.19261135
28327,0.15957606
28328,0.22468922
28329,0.011852271
28330,0.114801146
28331,0.039796114
28332,0.008148187
28333,0.1020907
28334,0.03239562
28335,0.022786641
28336,0.10408056
28337,0.11921064
28338,0.05800911
28339,0.06956862
28340,0.00933302
28341,0.038603615
28342,0.0030242484
28343,0.124246635
28344,0.0106400205
28345,0.023164
28346,0.1629678
28347,0.053545218
28348,0.17374119
28349,0.35672474
28350,0.1345779
28351,0.15180498
28352,0.053427584
28353,0.105217196
28354,0.07358915
28355,0.06595553
28356,0.08187811
28357,0.03576248
28358,0.030368233
28359,0.34288636
28360,0.09763668
28361,0.05184601
28362,0.043188356
28363,0.04721866
28364,0.012055156
28365,0.0045805937
28366,0.031418543
28367,0.01981568
28368,0.019509306
28369,0.38847908
28370,0.038528793
28371,0.044787426
28372,0.09762702
28373,0.57098615
28374,0.057758152
28375,0.027097696
28376,0.15218988
28377,0.10257878
28378,0.15033452
28379,0.28387204
28380,0.08291163
28381,0.09628134
28382,0.0091213025
28383,0.12955664
28384,0.14521423
28385,0.1979752
28386,0.077137396
28387,0.14810576
28388,0.09340694
28389,0.08987669
28390,0.006934193
28391,0.0074991225
28392,0.0025258597
28393,0.04451236
28394,0.09577413
28395,0.013984323
28396,0.09253019
28397,0.1219664
28398,0.26671305
28399,0.12585208
28400,0.0048000133
28401,0.09615837
28402,0.17049676
28403,0.13180317
28404,0.011142128
28405,0.07393204
28406,0.059449
28407,0.06763617
28408,0.54498184
28409,0.014203717
28410,0.08437265
28411,0.2676145
28412,0.20130956
28413,0.0052158213
28414,0.05520741
28415,0.044015348
28416,0.2051203
28417,0.19609927
28418,0.008984621
28419,0.08450721
28420,0.06641655
28421,0.123731054
28422,0.11800043
28423,0.11015992
28424,0.13201539
28425,0.2942248
28426,0.12606226
28427,0.0066949413
28428,0.051411606
28429,0.10663287
28430,0.08209628
28431,0.3286514
28432,0.8839464
28433,0.020915303
28434,0.31301346
28435,0.0088112205
28436,0.081592575
28437,0.2411005
28438,0.008416081
28439,0.070233956
28440,0.066244416
28441,0.011744643
28442,0.037481535
28443,0.007492318
28444,0.43395782
28445,0.051116712
28446,0.068835065
28447,0.24052095
28448,0.06359237
28449,0.2040308
28450,0.30627635
28451,0.34141135
28452,0.23299392
28453,0.16609111
28454,0.11678392
28455,0.9794618
28456,0.38893795
28457,0.4283777
28458,0.005953394
28459,0.005382252
28460,0.24061117
28461,0.08815453
28462,0.01096951
28463,0.04540608
28464,0.012530836
28465,0.03533014
28466,0.0069252597
28467,0.008099243
28468,0.012579325
28469,0.038315814
28470,0.09550913
28471,0.07974152
28472,0.09021388
28473,0.09816004
28474,0.12206826
28475,0.2413394
28476,0.16730246
28477,0.059430074
28478,0.10994695
28479,0.29396075
28480,0.0020867842
28481,0.023699868
28482,0.9912238
28483,0.97161084
28484,0.82236135
28485,0.005651144
28486,0.006246629
28487,0.058255833
28488,0.16122782
28489,0.43248504
28490,0.12866165
28491,0.009802571
28492,0.06773011
28493,0.034107503
28494,0.0071075535
28495,0.0050638537
28496,0.039366797
28497,0.051734187
28498,0.035414774
28499,0.0073854947
28500,0.34942168
28501,0.0015973843
28502,0.032313287
28503,0.068274096
28504,0.084129214
28505,0.037327725
28506,0.05817642
28507,0.22130053
28508,0.10666915
28509,0.011747506
28510,0.112628445
28511,0.1007027
28512,0.09688897
28513,0.991397
28514,0.7869594
28515,0.77808076
28516,0.005823979
28517,0.013485518
28518,0.012626378
28519,0.44472176
28520,0.12752804
28521,0.27428666
28522,0.028087664
28523,0.11626844
28524,0.022956882
28525,0.17510307
28526,0.10771726
28527,0.14163336
28528,0.268077
28529,0.34558913
28530,0.3446905
28531,0.13248548
28532,0.13724451
28533,0.123981334
28534,0.06157983
28535,0.12922715
28536,0.08183293
28537,0.05178096
28538,0.118321314
28539,0.19753326
28540,0.093165554
28541,0.09437858
28542,0.012789245
28543,0.98607314
28544,0.98767436
28545,0.99241287
28546,0.14445226
28547,0.05057024
28548,0.11490059
28549,0.008262563
28550,0.37502146
28551,0.021233957
28552,0.001575534
28553,0.020256724
28554,0.03624559
28555,0.019159427
28556,0.02673028
28557,0.06350835
28558,0.24327135
28559,0.99103945
28560,0.04022387
28561,0.057549864
28562,0.089671224
28563,0.17301801
28564,0.04960351
28565,0.21189666
28566,0.17778616
28567,0.008577362
28568,0.13870248
28569,0.10381702
28570,0.0895574
28571,0.036651094
28572,0.24107023
28573,0.29479367
28574,0.15542737
28575,0.07025942
28576,0.0017268171
28577,0.05336871
28578,0.0065977154
28579,0.08674349
28580,0.19926786
28581,0.059589684
28582,0.07682637
28583,0.051508933
28584,0.06283398
28585,0.16899356
28586,0.4320181
28587,0.1879976
28588,0.18470748
28589,0.08909609
28590,0.17777224
28591,0.17256515
28592,0.50325286
28593,0.046430178
28594,0.06056124
28595,0.04934464
28596,0.033479616
28597,0.22006507
28598,0.1279738
28599,0.23379917
28600,0.443156
28601,0.2561934
28602,0.18156667
28603,0.9901358
28604,0.107735895
28605,0.0012708135
28606,0.14946598
28607,0.21206541
28608,0.006966038
28609,0.04395099
28610,0.2529595
28611,0.016646182
28612,0.0076605924
28613,0.06204927
28614,0.03087807
28615,0.09418307
28616,0.20020027
28617,0.2634815
28618,0.24357085
28619,0.22936687
28620,0.14949217
28621,0.10226693
28622,0.21105346
28623,0.045766346
28624,0.18693519
28625,0.08510803
28626,0.008994112
28627,0.58185655
28628,0.24295947
28629,0.09303148
28630,0.43491364
28631,0.31277293
28632,0.0065749465
28633,0.06062504
28634,0.13456568
28635,0.08781061
28636,0.020112049
28637,0.009026441
28638,0.032112103
28639,0.0039095017
28640,0.045140274
28641,0.049972594
28642,0.041950423
28643,0.10158058
28644,0.3067778
28645,0.60279334
28646,0.29711872
28647,0.18195078
28648,0.35688964
28649,0.103200175
28650,0.0767994
28651,0.0906777
28652,0.16065021
28653,0.26207095
28654,0.071765915
28655,0.025471535
28656,0.097752705
28657,0.14202403
28658,0.0186321
28659,0.099198386
28660,0.019825447
28661,0.011517432
28662,0.04921695
28663,0.011477875
28664,0.0060942927
28665,0.008573528
28666,0.04675315
28667,0.044570692
28668,0.07361548
28669,0.1757278
28670,0.08382811
28671,0.09864225
28672,0.5658904
28673,0.4556488
28674,0.18175451
28675,0.16028346
28676,0.08858056
28677,0.12607278
28678,0.067567766
28679,0.007607526
28680,0.05874326
28681,0.9925683
28682,0.046296325
28683,0.0079681715
28684,0.080294035
28685,0.08320266
28686,0.18967168
28687,0.034626268
28688,0.08908753
28689,0.0028420226
28690,0.017449021
28691,0.018407991
28692,0.081497855
28693,0.053331703
28694,0.52321994
28695,0.27876812
28696,0.18509263
28697,0.9883121
28698,0.27718034
28699,0.38002697
28700,0.1437804
28701,0.055128533
28702,0.03008087
28703,0.06327119
28704,0.0258088
28705,0.010066322
28706,0.100790165
28707,0.38151136
28708,0.055842936
28709,0.24469395
28710,0.0071512824
28711,0.0803503
28712,0.118477
28713,0.13418245
28714,0.23692946
28715,0.05231868
28716,0.004051879
28717,0.01881398
28718,0.1228449
28719,0.99081814
28720,0.21737762
28721,0.6686557
28722,0.23843697
28723,0.24011746
28724,0.16766378
28725,0.19634965
28726,0.012589966
28727,0.0082658185
28728,0.01503983
28729,0.0027986676
28730,0.12105372
28731,0.09898032
28732,0.07772826
28733,0.31546527
28734,0.0183335
28735,0.05640331
28736,0.3008138
28737,0.0052811797
28738,0.008514476
28739,0.007498207
28740,0.08973121
28741,0.18800847
28742,0.026892772
28743,0.0058616027
28744,0.13958676
28745,0.16367511
28746,0.11040493
28747,0.104931176
28748,0.14496608
28749,0.11399101
28750,0.012376952
28751,0.16305794
28752,0.12136567
28753,0.03445665
28754,0.014796689
28755,0.0011101797
28756,0.09399989
28757,0.1812121
28758,0.0046914285
28759,0.078069605
28760,0.04182437
28761,0.037438624
28762,0.02093856
28763,0.19361414
28764,0.27394536
28765,0.5414966
28766,0.14668843
28767,0.008730937
28768,0.02171109
28769,0.033652868
28770,0.0014809879
28771,0.09077477
28772,0.15709737
28773,0.008730189
28774,0.004992443
28775,0.010470946
28776,0.039938383
28777,0.008064431
28778,0.0069670966
28779,0.027764585
28780,0.07852323
28781,0.09484718
28782,0.33819723
28783,0.0096347295
28784,0.053335853
28785,0.033255547
28786,0.12962045
28787,0.3467457
28788,0.13088433
28789,0.009897375
28790,0.2132298
28791,0.011501098
28792,0.036468964
28793,0.008658329
28794,0.107564405
28795,0.1681137
28796,0.09782948
28797,0.008950265
28798,0.014676958
28799,0.001052104
28800,0.29233295
28801,0.043556076
28802,0.0014442487
28803,0.026909688
28804,0.120951936
28805,0.083068825
28806,0.02000913
28807,0.010557825
28808,0.0024006187
28809,0.05509603
28810,0.3558103
28811,0.030844793
28812,0.0151214525
28813,0.0354585
28814,0.015119424
28815,0.06333204
28816,0.24979219
28817,0.094463065
28818,0.20414767
28819,0.10643711
28820,0.0496675
28821,0.01151418
28822,0.0491193
28823,0.053117227
28824,0.055766266
28825,0.21824321
28826,0.108411476
28827,0.009128988
28828,0.20595603
28829,0.003200566
28830,0.036172904
28831,0.08172113
28832,0.0055856267
28833,0.31430662
28834,0.5102606
28835,0.08276914
28836,0.075031616
28837,0.013952823
28838,0.11029158
28839,0.061272718
28840,0.064438805
28841,0.10988693
28842,0.1495028
28843,0.07302902
28844,0.9893791
28845,0.15024552
28846,0.002687748
28847,0.041986708
28848,0.018829983
28849,0.0059089055
28850,0.01483081
28851,0.06741053
28852,0.35503376
28853,0.07149019
28854,0.21528828
28855,0.01474956
28856,0.0055496655
28857,0.10201087
28858,0.0018378168
28859,0.0041906782
28860,0.08872268
28861,0.015884936
28862,0.05106058
28863,0.11138804
28864,0.046040975
28865,0.059587114
28866,0.0039543957
28867,0.0059289546
28868,0.084376976
28869,0.0036911152
28870,0.154963
28871,0.0027430642
28872,0.03649501
28873,0.0020191146
28874,0.067527905
28875,0.102331266
28876,0.0046789562
28877,0.007919766
28878,0.9922063
28879,0.06789136
28880,0.12570564
28881,0.038946144
28882,0.02552903
28883,0.029657025
28884,0.024047028
28885,0.010906148
28886,0.0066060023
28887,0.21271023
28888,0.04944261
28889,0.010068173
28890,0.06262101
28891,0.108223334
28892,0.013206644
28893,0.007896867
28894,0.13999887
28895,0.015922863
28896,0.0038189315
28897,0.075520605
28898,0.3122185
28899,0.012178451
28900,0.0014873922
28901,0.0061850245
28902,0.018675545
28903,0.03199271
28904,0.0019912797
28905,0.18070939
28906,0.08681291
28907,0.002251406
28908,0.0081161335
28909,0.07743021
28910,0.13618906
28911,0.09015061
28912,0.06330864
28913,0.061405353
28914,0.07909035
28915,0.036611788
28916,0.07873544
28917,0.22548456
28918,0.23481536
28919,0.0044763414
28920,0.004750301
28921,0.022956647
28922,0.0068141795
28923,0.006706496
28924,0.057934474
28925,0.0059926286
28926,0.005192855
28927,0.02169103
28928,0.012917091
28929,0.051700294
28930,0.15392058
28931,0.004319347
28932,0.13534229
28933,0.29943815
28934,0.0053248936
28935,0.008629775
28936,0.0055793757
28937,0.015720677
28938,0.004559904
28939,0.030485863
28940,0.03215376
28941,0.009278653
28942,0.0072835535
28943,0.00749611
28944,0.15825024
28945,0.014232014
28946,0.027803188
28947,0.013451424
28948,0.010364446
28949,0.047966965
28950,0.0100474525
28951,0.0052552964
28952,0.013711005
28953,0.0007312664
28954,0.11136156
28955,0.025020713
28956,0.020923037
28957,0.0060642995
28958,0.010014407
28959,0.07814027
28960,0.009497682
28961,0.10436368
28962,0.0069659264
28963,0.3780675
28964,0.069094405
28965,0.114745244
28966,0.088977955
28967,0.00084833323
28968,0.00466771
28969,0.022747587
28970,0.005972757
28971,0.0046559265
28972,0.10401229
28973,0.17583701
28974,0.16554794
28975,0.0040647956
28976,0.043642357
28977,0.05914055
28978,0.036003612
28979,0.013516399
28980,0.013649019
28981,0.012237799
28982,0.01697927
28983,0.025083998
28984,0.11229779
28985,0.09325745
28986,0.041236557
28987,0.24969473
28988,0.03584182
28989,0.0019375304
28990,0.0030076294
28991,0.016623005
28992,0.03830276
28993,0.0067527504
28994,0.0058667874
28995,0.007716869
28996,0.03393405
28997,0.30665657
28998,0.21740627
28999,0.06320766
29000,0.10316031
29001,0.013462415
29002,0.0145572275
29003,0.035092194
29004,0.048271894
29005,0.06821315
29006,0.018942377
29007,0.036505915
29008,0.041494083
29009,0.006651464
29010,0.019994985
29011,0.08936362
29012,0.013538854
29013,0.006018552
29014,0.005640014
29015,0.20828912
29016,0.0054502958
29017,0.081983134
29018,0.2095503
29019,0.20529139
29020,0.008213958
29021,0.19438738
29022,0.17184445
29023,0.25042486
29024,0.10653075
29025,0.123120986
29026,0.06321967
29027,0.19941498
29028,0.009258194
29029,0.005076299
29030,0.00828562
29031,0.012936832
29032,0.0717263
29033,0.032452844
29034,0.5676176
29035,0.14918283
29036,0.046898693
29037,0.06890296
29038,0.22803168
29039,0.040106792
29040,0.0082830805
29041,0.06566109
29042,0.011986965
29043,0.05118122
29044,0.19626993
29045,0.39604038
29046,0.39404935
29047,0.051033594
29048,0.015200692
29049,0.15600522
29050,0.25554356
29051,0.012115727
29052,0.07941882
29053,0.066532455
29054,0.10634859
29055,0.038326975
29056,0.32481384
29057,0.16143925
29058,0.23106405
29059,0.38422665
29060,0.17623875
29061,0.015618464
29062,0.4074263
29063,0.08318459
29064,0.7306214
29065,0.1166565
29066,0.11181164
29067,0.019609127
29068,0.08486408
29069,0.045446392
29070,0.070102766
29071,0.18532094
29072,0.004636905
29073,0.09264475
29074,0.07684077
29075,0.18448952
29076,0.020680532
29077,0.054025106
29078,0.055892475
29079,0.12599103
29080,0.13858767
29081,0.007881157
29082,0.03273046
29083,0.0276944
29084,0.23031776
29085,0.07604439
29086,0.35488355
29087,0.06095212
29088,0.06139354
29089,0.0025127218
29090,0.018294126
29091,0.0089348955
29092,0.35495368
29093,0.19529966
29094,0.050863434
29095,0.33514228
29096,0.35084066
29097,0.11387148
29098,0.049866688
29099,0.008157833
29100,0.01495461
29101,0.007458067
29102,0.07886244
29103,0.028978392
29104,0.10308325
29105,0.06740614
29106,0.087044924
29107,0.20676136
29108,0.34124392
29109,0.01457084
29110,0.060810935
29111,0.02521241
29112,0.008510077
29113,0.29765278
29114,0.0016779043
29115,0.052701205
29116,0.019362802
29117,0.044612847
29118,0.18073861
29119,0.39802018
29120,0.006309229
29121,0.064345114
29122,0.1489236
29123,0.009645713
29124,0.021829242
29125,0.05817758
29126,0.08360736
29127,0.0018978234
29128,0.10488291
29129,0.18710698
29130,0.08665707
29131,0.05481512
29132,0.0835975
29133,0.033796556
29134,0.04713311
29135,0.011905732
29136,0.15844145
29137,0.05240692
29138,0.13995476
29139,0.011391558
29140,0.03227633
29141,0.03078204
29142,0.04776321
29143,0.005141952
29144,0.04821039
29145,0.048271973
29146,0.034334272
29147,0.021765206
29148,0.61544013
29149,0.2550818
29150,0.030458272
29151,0.07120071
29152,0.003923105
29153,0.09540808
29154,0.082468696
29155,0.013185725
29156,0.06358458
29157,0.008045947
29158,0.001709673
29159,0.21048522
29160,0.017045807
29161,0.009357304
29162,0.048693396
29163,0.0076565417
29164,0.11918031
29165,0.09634351
29166,0.16397734
29167,0.1588818
29168,0.19623014
29169,0.06779589
29170,0.019064521
29171,0.010713674
29172,0.06268909
29173,0.0260592
29174,0.2146831
29175,0.077929005
29176,0.44651848
29177,0.115790606
29178,0.0068143075
29179,0.108187534
29180,0.11204742
29181,0.09451282
29182,0.010858523
29183,0.0068160174
29184,0.022068806
29185,0.040096004
29186,0.008905619
29187,0.007749063
29188,0.031797543
29189,0.10736799
29190,0.049194273
29191,0.1344576
29192,0.06678399
29193,0.098004535
29194,0.16886517
29195,0.30898327
29196,0.052018344
29197,0.022904072
29198,0.09045193
29199,0.059490286
29200,0.014049821
29201,0.09310512
29202,0.11396017
29203,0.15706353
29204,0.029455487
29205,0.08975048
29206,0.002910838
29207,0.062147755
29208,0.020472499
29209,0.012008683
29210,0.13638408
29211,0.008207832
29212,0.0015380273
29213,0.14350185
29214,0.053338964
29215,0.008534531
29216,0.0018059814
29217,0.042267732
29218,0.07505431
29219,0.10978615
29220,0.0811162
29221,0.081694655
29222,0.18443382
29223,0.19291869
29224,0.21798559
29225,0.012206472
29226,0.099495836
29227,0.06737746
29228,0.0213448
29229,0.105632424
29230,0.03385232
29231,0.044964023
29232,0.096691094
29233,0.09561514
29234,0.085938536
29235,0.003267767
29236,0.030045513
29237,0.0019465946
29238,0.07227939
29239,0.12737834
29240,0.040099215
29241,0.16926572
29242,0.048969917
29243,0.1083924
29244,0.41874948
29245,0.15571207
29246,0.1275102
29247,0.049564768
29248,0.08485055
29249,0.0801637
29250,0.109928764
29251,0.018750494
29252,0.0013509088
29253,0.004271711
29254,0.35626373
29255,0.084851764
29256,0.04060536
29257,0.036831252
29258,0.0702865
29259,0.01205875
29260,0.049695462
29261,0.0095224725
29262,0.045236353
29263,0.35472888
29264,0.080720745
29265,0.051835638
29266,0.08456282
29267,0.6076156
29268,0.07201251
29269,0.042868994
29270,0.13086337
29271,0.071004346
29272,0.15724383
29273,0.32295328
29274,0.086553484
29275,0.053671498
29276,0.07460427
29277,0.1538792
29278,0.17014174
29279,0.16953707
29280,0.08406483
29281,0.14319195
29282,0.067799605
29283,0.068304576
29284,0.0068532503
29285,0.0070946747
29286,0.0051060664
29287,0.070230804
29288,0.08999659
29289,0.014102708
29290,0.11251198
29291,0.1313735
29292,0.23198357
29293,0.080897935
29294,0.0024447143
29295,0.116498515
29296,0.17731395
29297,0.17816839
29298,0.047862235
29299,0.04174762
29300,0.005823995
29301,0.1123482
29302,0.52994895
29303,0.04574988
29304,0.10905882
29305,0.28545126
29306,0.18115428
29307,0.034675814
29308,0.052690644
29309,0.03633924
29310,0.21257608
29311,0.1867325
29312,0.009271922
29313,0.08156904
29314,0.08024144
29315,0.10658828
29316,0.11356499
29317,0.120150425
29318,0.15103047
29319,0.27300572
29320,0.088409916
29321,0.005378683
29322,0.1017067
29323,0.10572616
29324,0.04629067
29325,0.3317046
29326,0.9650338
29327,0.024820143
29328,0.31827885
29329,0.0074351705
29330,0.07855798
29331,0.2542184
29332,0.0089153135
29333,0.044558752
29334,0.08305521
29335,0.003911211
29336,0.07189729
29337,0.007600126
29338,0.45816422
29339,0.052078925
29340,0.057877235
29341,0.24908784
29342,0.105967306
29343,0.2410861
29344,0.29563302
29345,0.28535384
29346,0.19577444
29347,0.13872504
29348,0.13731799
29349,0.9573746
29350,0.36690718
29351,0.41171557
29352,0.04072809
29353,0.19707105
29354,0.06333684
29355,0.013816628
29356,0.049551655
29357,0.01352107
29358,0.023943584
29359,0.0072371783
29360,0.008596497
29361,0.0663678
29362,0.09720659
29363,0.08096787
29364,0.06456925
29365,0.107443884
29366,0.13734874
29367,0.25781998
29368,0.13689391
29369,0.05070882
29370,0.14492716
29371,0.29031143
29372,0.0153016625
29373,0.05324467
29374,0.991851
29375,0.9630001
29376,0.6959445
29377,0.005840987
29378,0.006373659
29379,0.0012834759
29380,0.07631247
29381,0.3958133
29382,0.08853003
29383,0.0019157048
29384,0.06718564
29385,0.052263968
29386,0.0655985
29387,0.019991878
29388,0.0070680664
29389,0.3621148
29390,0.012123918
29391,0.013234207
29392,0.075153485
29393,0.07902465
29394,0.03914848
29395,0.055799376
29396,0.21255282
29397,0.09261981
29398,0.06259191
29399,0.10480122
29400,0.14599559
29401,0.13381627
29402,0.9915369
29403,0.76013845
29404,0.7715732
29405,0.0061473413
29406,0.054554336
29407,0.008495014
29408,0.035240002
29409,0.4049181
29410,0.07386167
29411,0.23573709
29412,0.015640825
29413,0.118083075
29414,0.0020626541
29415,0.19764808
29416,0.09715323
29417,0.11480781
29418,0.22667518
29419,0.34205398
29420,0.38310847
29421,0.17821255
29422,0.111928225
29423,0.0954995
29424,0.058743276
29425,0.11910033
29426,0.069271244
29427,0.051190685
29428,0.0037472316
29429,0.13338932
29430,0.20894566
29431,0.08733375
29432,0.10428809
29433,0.00639382
29434,0.9792916
29435,0.9882204
29436,0.99273425
29437,0.1479877
29438,0.014416602
29439,0.058636706
29440,0.4237473
29441,0.023578739
29442,0.007523486
29443,0.013421832
29444,0.0575167
29445,0.087069504
29446,0.047808405
29447,0.24120823
29448,0.99125636
29449,0.035627134
29450,0.06069978
29451,0.06927632
29452,0.13472071
29453,0.07590733
29454,0.14475283
29455,0.17308621
29456,0.02324668
29457,0.14490478
29458,0.13451746
29459,0.15265067
29460,0.012958625
29461,0.28237668
29462,0.2928279
29463,0.13573857
29464,0.07194119
29465,0.002659386
29466,0.06478411
29467,0.0068822564
29468,0.07268362
29469,0.20969632
29470,0.06318389
29471,0.06306486
29472,0.0017691767
29473,0.007673559
29474,0.030602124
29475,0.06222399
29476,0.16018422
29477,0.4392066
29478,0.19041851
29479,0.19252262
29480,0.09809299
29481,0.14552596
29482,0.109485194
29483,0.48454827
29484,0.030237343
29485,0.058079053
29486,0.04608761
29487,0.13708618
29488,0.1723409
29489,0.20549116
29490,0.43642992
29491,0.27533776
29492,0.166952
29493,0.9904396
29494,0.12311915
29495,0.0010439211
29496,0.16575328
29497,0.21651037
29498,0.0032703318
29499,0.0022650692
29500,0.34242445
29501,0.050704062
29502,0.00822727
29503,0.052820552
29504,0.021202784
29505,0.11912434
29506,0.24030276
29507,0.28006425
29508,0.30431074
29509,0.20962985
29510,0.13628447
29511,0.15871534
29512,0.23843732
29513,0.05597961
29514,0.15371951
29515,0.07189344
29516,0.040960085
29517,0.43059683
29518,0.21107738
29519,0.10838564
29520,0.49164456
29521,0.30149937
29522,0.07916014
29523,0.23389335
29524,0.120753154
29525,0.0038719545
29526,0.0083003305
29527,0.007861289
29528,0.0029096971
29529,0.029166346
29530,0.053303648
29531,0.074643195
29532,0.08296813
29533,0.32054713
29534,0.6074472
29535,0.2699985
29536,0.18067482
29537,0.31883612
29538,0.11616522
29539,0.05284394
29540,0.039897423
29541,0.19282159
29542,0.24697804
29543,0.062068135
29544,0.04422811
29545,0.0697263
29546,0.13151965
29547,0.03946602
29548,0.041507848
29549,0.124421135
29550,0.05609727
29551,0.049138553
29552,0.040332634
29553,0.051379293
29554,0.04659297
29555,0.05735193
29556,0.17371258
29557,0.13767907
29558,0.13428569
29559,0.49774742
29560,0.4733583
29561,0.20627868
29562,0.17551027
29563,0.02070072
29564,0.05547161
29565,0.1292028
29566,0.013716504
29567,0.00842347
29568,0.014113059
29569,0.9924923
29570,0.021605592
29571,0.06266638
29572,0.072906874
29573,0.13104972
29574,0.15831265
29575,0.038231146
29576,0.076397434
29577,0.0127545055
29578,0.05351473
29579,0.0046497867
29580,0.008671744
29581,0.05677092
29582,0.078165844
29583,0.60925794
29584,0.25062975
29585,0.20853765
29586,0.98862064
29587,0.2673052
29588,0.36792985
29589,0.24347568
29590,0.040222526
29591,0.078450814
29592,0.026266862
29593,0.0806265
29594,0.04595327
29595,0.052449793
29596,0.07487326
29597,0.35822338
29598,0.13744101
29599,0.31893036
29600,0.015961839
29601,0.10621605
29602,0.15042879
29603,0.11542565
29604,0.19941479
29605,0.023818573
29606,0.018723018
29607,0.015047498
29608,0.12991676
29609,0.9911972
29610,0.23908162
29611,0.6717431
29612,0.23943636
29613,0.27343565
29614,0.18086664
29615,0.16443682
29616,0.13558064
29617,0.01955029
29618,0.012886035
29619,0.008342488
29620,0.009463456
29621,0.16899799
29622,0.1383627
29623,0.18426771
29624,0.29709476
29625,0.005969713
29626,0.044594686
29627,0.008205178
29628,0.3109135
29629,0.06195129
29630,0.06882395
29631,0.19329679
29632,0.018967358
29633,0.0060105687
29634,0.1570057
29635,0.17564166
29636,0.069424525
29637,0.14060836
29638,0.09443627
29639,0.08498559
29640,0.04238528
29641,0.14650747
29642,0.13630827
29643,0.009337523
29644,0.14505169
29645,0.006381009
29646,0.08849764
29647,0.026057761
29648,0.003916914
29649,0.12596098
29650,0.03300687
29651,0.008035293
29652,0.022038933
29653,0.16568151
29654,0.2634949
29655,0.6338245
29656,0.12044565
29657,0.008956675
29658,0.022367403
29659,0.0040993667
29660,0.075423986
29661,0.14416793
29662,0.008923716
29663,0.02196065
29664,0.0402264
29665,0.009865245
29666,0.010878759
29667,0.001881656
29668,0.018685225
29669,0.07134676
29670,0.110424995
29671,0.32946455
29672,0.04271584
29673,0.040636644
29674,0.05793066
29675,0.10259231
29676,0.3364265
29677,0.14887926
29678,0.0022243422
29679,0.17570882
29680,0.010215478
29681,0.06565677
29682,0.009376892
29683,0.061829865
29684,0.21376446
29685,0.0901075
29686,0.009783946
29687,0.04065637
29688,0.0107121235
29689,0.26435888
29690,0.003088707
29691,0.00954196
29692,0.13679297
29693,0.060484003
29694,0.04203537
29695,0.045739256
29696,0.0122410385
29697,0.055031754
29698,0.34866032
29699,0.038012367
29700,0.00982895
29701,0.04859093
29702,0.057600737
29703,0.008147402
29704,0.03830698
29705,0.19063973
29706,0.028369075
29707,0.1843656
29708,0.049917355
29709,0.02352666
29710,0.0011723153
29711,0.09002984
29712,0.06641679
29713,0.05690164
29714,0.2765293
29715,0.10831119
29716,0.13029651
29717,0.0036014807
29718,0.048013717
29719,0.11882057
29720,0.0032021757
29721,0.24083933
29722,0.40742698
29723,0.08587681
29724,0.05052533
29725,0.0060198144
29726,0.08102398
29727,0.053106
29728,0.077295676
29729,0.14760464
29730,0.15162887
29731,0.110415205
29732,0.98955905
29733,0.07296793
29734,0.013240148
29735,0.07813938
29736,0.0516266
29737,0.0017537798
29738,0.058927476
29739,0.40745506
29740,0.08873969
29741,0.19606283
29742,0.02312017
29743,0.012092161
29744,0.1036765
29745,0.009655004
29746,0.07056407
29747,0.021607012
29748,0.040431328
29749,0.053927414
29750,0.0819629
29751,0.015380087
29752,0.09036659
29753,0.14092004
29754,0.007203321
29755,0.041528914
29756,0.03415276
29757,0.09265091
29758,0.11528442
29759,0.031495888
29760,0.07511382
29761,0.99213904
29762,0.029205164
29763,0.08378898
29764,0.05073742
29765,0.03646233
29766,0.03618696
29767,0.032726903
29768,0.009674212
29769,0.017797124
29770,0.19660237
29771,0.05277161
29772,0.0056741545
29773,0.0050022616
29774,0.0014697493
29775,0.00626758
29776,0.010547388
29777,0.081507996
29778,0.10437492
29779,0.06346308
29780,0.008736173
29781,0.10030375
29782,0.013447955
29783,0.0021863314
29784,0.08631768
29785,0.39025712
29786,0.0028553295
29787,0.0062535987
29788,0.0059383335
29789,0.020014469
29790,0.0048633046
29791,0.0047824043
29792,0.17531276
29793,0.06397768
29794,0.008953214
29795,0.008572059
29796,0.0776102
29797,0.2188125
29798,0.101346314
29799,0.017741373
29800,0.05386154
29801,0.01858415
29802,0.08224831
29803,0.005258986
29804,0.07434006
29805,0.2470231
29806,0.2030817
29807,0.0050198035
29808,0.0033441894
29809,0.012768391
29810,0.0066836798
29811,0.0017903715
29812,0.0044330643
29813,0.042197935
29814,0.0027204715
29815,0.0052197594
29816,0.029173125
29817,0.027670722
29818,0.098445274
29819,0.08376829
29820,0.004449216
29821,0.17168352
29822,0.005935467
29823,0.28893673
29824,0.004858684
29825,0.00335766
29826,0.0022016722
29827,0.0051274267
29828,0.008100563
29829,0.019262012
29830,0.016500201
29831,0.01162711
29832,0.0042996383
29833,0.007693529
29834,0.0076110796
29835,0.10734053
29836,0.0050319494
29837,0.045654044
29838,0.020560356
29839,0.026800042
29840,0.012500991
29841,0.04597418
29842,0.008936307
29843,0.0047570616
29844,0.12474482
29845,0.026336115
29846,0.0094251605
29847,0.0038241793
29848,0.004949505
29849,0.03706077
29850,0.03552734
29851,0.112949274
29852,0.009966191
29853,0.1072919
29854,0.44910407
29855,0.050311726
29856,0.07922176
29857,0.0567715
29858,0.08681165
29859,0.020618951
29860,0.0076906853
29861,0.14426205
29862,0.1530614
29863,0.14916229
29864,0.0020765872
29865,0.01979
29866,0.033160534
29867,0.003490633
29868,0.001460829
29869,0.051913314
29870,0.0059064357
29871,0.09428909
29872,0.12666424
29873,0.31229502
29874,0.0023057363
29875,0.03160188
29876,0.0029242937
29877,0.0018596454
29878,0.038461614
29879,0.044889744
29880,0.023000909
29881,0.008992803
29882,0.0131041575
29883,0.0023506903
29884,0.005066677
29885,0.022884283
29886,0.25626796
29887,0.21978752
29888,0.012123348
29889,0.07680373
29890,0.0012410984
29891,0.0018611249
29892,0.03552677
29893,0.010499573
29894,0.0054310253
29895,0.0051725763
29896,0.019459525
29897,0.035513926
29898,0.01799132
29899,0.050084937
29900,0.11697346
29901,0.00347138
29902,0.21163173
29903,0.010032754
29904,0.03049829
29905,0.2681864
29906,0.22228082
29907,0.048657537
29908,0.22230105
29909,0.028629744
29910,0.24172434
29911,0.05184893
29912,0.1998001
29913,0.06374866
29914,0.012598833
29915,0.20906773
29916,0.008317942
29917,0.027399402
29918,0.0470523
29919,0.20684893
29920,0.0345135
29921,0.6737561
29922,0.17307048
29923,0.037300255
29924,0.25838432
29925,0.010708939
29926,0.040561546
29927,0.07058605
29928,0.12375797
29929,0.22168484
29930,0.54798514
29931,0.5409652
29932,0.05025177
29933,0.041596875
29934,0.1246721
29935,0.26255357
29936,0.0061401566
29937,0.01434643
29938,0.053116072
29939,0.06695174
29940,0.11810277
29941,0.09470105
29942,0.028832477
29943,0.37316072
29944,0.19646046
29945,0.167636
29946,0.46571484
29947,0.17966323
29948,0.50218123
29949,0.08491499
29950,0.5961863
29951,0.16717751
29952,0.1104938
29953,0.014790023
29954,0.07412222
29955,0.02623477
29956,0.1731322
29957,0.19738033
29958,0.02769645
29959,0.021402173
29960,0.056259178
29961,0.20830417
29962,0.040470295
29963,0.076376006
29964,0.089288644
29965,0.16994533
29966,0.03283059
29967,0.0055191135
29968,0.016879385
29969,0.2475106
29970,0.061087538
29971,0.1462191
29972,0.06199064
29973,0.047111087
29974,0.0010465003
29975,0.375731
29976,0.08804156
29977,0.0071503907
29978,0.06273438
29979,0.44114628
29980,0.37373057
29981,0.16769679
29982,0.062185697
29983,0.008327864
29984,0.0018703099
29985,0.055863895
29986,0.004989912
29987,0.11109318
29988,0.048613768
29989,0.065916106
29990,0.05757261
29991,0.28801745
29992,0.3003499
29993,0.012631121
29994,0.014722708
29995,0.023516323
29996,0.01153855
29997,0.34667563
29998,0.05674365
29999,0.07933786
30000,0.009988433
30001,0.14871418
30002,0.019719308
30003,0.007871306
30004,0.13356902
30005,0.4442555
30006,0.23110095
30007,0.013659827
30008,0.0017042009
30009,0.006959206
30010,0.082729
30011,0.033491753
30012,0.018800924
30013,0.1695475
30014,0.1689773
30015,0.106355466
30016,0.06882129
30017,0.12516549
30018,0.0057228794
30019,0.0072841374
30020,0.043119095
30021,0.04979683
30022,0.050692976
30023,0.044917643
30024,0.13679852
30025,0.075395875
30026,0.10548431
30027,0.0344839
30028,0.01350495
30029,0.045654528
30030,0.03128843
30031,0.003005749
30032,0.0036827687
30033,0.059897076
30034,0.007867536
30035,0.024230327
30036,0.5794355
30037,0.30655625
30038,0.005081617
30039,0.06201585
30040,0.08919647
30041,0.12857929
30042,0.04631538
30043,0.05627548
30044,0.008006037
30045,0.00916592
30046,0.027577233
30047,0.23166843
30048,0.010998664
30049,0.015006048
30050,0.040697377
30051,0.15468924
30052,0.064149156
30053,0.18697178
30054,0.15890574
30055,0.19916292
30056,0.09683938
30057,0.004232402
30058,0.0019006748
30059,0.06304015
30060,0.065303855
30061,0.20469575
30062,0.11461309
30063,0.40616512
30064,0.065009855
30065,0.016861752
30066,0.085086115
30067,0.12903361
30068,0.038951773
30069,0.010814992
30070,0.008007996
30071,0.039750785
30072,0.022020733
30073,0.03271673
30074,0.036870178
30075,0.09815176
30076,0.06053689
30077,0.12681964
30078,0.07480751
30079,0.08471052
30080,0.23319158
30081,0.28687546
30082,0.05990981
30083,0.004251845
30084,0.066404186
30085,0.0065865396
30086,0.048036918
30087,0.007984427
30088,0.1319584
30089,0.064127184
30090,0.12019855
30091,0.085163005
30092,0.06917511
30093,0.002634179
30094,0.03300547
30095,0.0121763935
30096,0.009499169
30097,0.1721684
30098,0.010597603
30099,0.12441541
30100,0.02767025
30101,0.034673054
30102,0.01011439
30103,0.043117702
30104,0.07013525
30105,0.11921257
30106,0.11712746
30107,0.106640816
30108,0.24252124
30109,0.1643286
30110,0.19152255
30111,0.0037128336
30112,0.0616116
30113,0.040078994
30114,0.043566294
30115,0.059396166
30116,0.011746669
30117,0.06724286
30118,0.042727552
30119,0.060919367
30120,0.0854396
30121,0.048349004
30122,0.04713195
30123,0.013745993
30124,0.101438984
30125,0.009776677
30126,0.070531234
30127,0.1865602
30128,0.050204635
30129,0.15220274
30130,0.43232888
30131,0.108756386
30132,0.0922219
30133,0.05013194
30134,0.06961346
30135,0.06378198
30136,0.10261518
30137,0.054953597
30138,0.008985012
30139,0.05075421
30140,0.26044583
30141,0.084640846
30142,0.058403444
30143,0.013999088
30144,0.05234499
30145,0.011994126
30146,0.01776623
30147,0.0038721343
30148,0.04732728
30149,0.38005334
30150,0.08295803
30151,0.058838345
30152,0.06757854
30153,0.6369764
30154,0.05626496
30155,0.041518297
30156,0.17697842
30157,0.05066079
30158,0.23276761
30159,0.33910334
30160,0.0872446
30161,0.060614686
30162,0.12514111
30163,0.089989334
30164,0.16731286
30165,0.03582737
30166,0.16093567
30167,0.09701978
30168,0.013059291
30169,0.0015086848
30170,0.0071082963
30171,0.0069978484
30172,0.037609536
30173,0.09362732
30174,0.113887094
30175,0.0012987385
30176,0.08349292
30177,0.13862269
30178,0.23891541
30179,0.091880426
30180,0.008323627
30181,0.1359523
30182,0.21005097
30183,0.23257557
30184,0.07845561
30185,0.055781115
30186,0.03131006
30187,0.09408881
30188,0.5492355
30189,0.046755802
30190,0.08901891
30191,0.3730368
30192,0.21192496
30193,0.0018558353
30194,0.007160183
30195,0.0011941785
30196,0.042291056
30197,0.0643775
30198,0.2755435
30199,0.26088148
30200,0.009053246
30201,0.07480462
30202,0.10704376
30203,0.13442867
30204,0.15052399
30205,0.1247113
30206,0.19405505
30207,0.27646118
30208,0.09721222
30209,0.0038239087
30210,0.13441455
30211,0.086070515
30212,0.05365885
30213,0.27990606
30214,0.9435166
30215,0.005641093
30216,0.3310693
30217,0.007148155
30218,0.07445586
30219,0.27613163
30220,0.005538578
30221,0.06005458
30222,0.0758881
30223,0.0033546102
30224,0.08240245
30225,0.0075615244
30226,0.47098407
30227,0.05591155
30228,0.0635969
30229,0.2552987
30230,0.13102552
30231,0.25039813
30232,0.29395705
30233,0.36142808
30234,0.15427253
30235,0.08989787
30236,0.09591298
30237,0.95644724
30238,0.31523398
30239,0.41803282
30240,0.014472227
30241,0.16174321
30242,0.11207843
30243,0.006603808
30244,0.0526463
30245,0.007007572
30246,0.008325541
30247,0.0083701145
30248,0.04815281
30249,0.098032355
30250,0.08510116
30251,0.066128485
30252,0.09831555
30253,0.15528806
30254,0.19879091
30255,0.16425791
30256,0.00245747
30257,0.10826367
30258,0.26182735
30259,0.022812555
30260,0.9918308
30261,0.85631037
30262,0.7130914
30263,0.005887223
30264,0.014444227
30265,0.0090644015
30266,0.16330998
30267,0.42266375
30268,0.10521585
30269,0.008607373
30270,0.055929475
30271,0.009040067
30272,0.0416453
30273,0.058851205
30274,0.04553033
30275,0.039734412
30276,0.32733184
30277,0.01332207
30278,0.058927834
30279,0.08658202
30280,0.08920361
30281,0.056640215
30282,0.05508191
30283,0.25043404
30284,0.108420774
30285,0.011763439
30286,0.14468917
30287,0.13404374
30288,0.12873578
30289,0.99138147
30290,0.6326538
30291,0.81836814
30292,0.09771226
30293,0.020886693
30294,0.0071274852
30295,0.3884691
30296,0.05775222
30297,0.25291434
30298,0.055444457
30299,0.1667752
30300,0.0014222562
30301,0.16375814
30302,0.08659817
30303,0.12711765
30304,0.21238999
30305,0.33916125
30306,0.43393785
30307,0.14401844
30308,0.091899335
30309,0.05284856
30310,0.041861396
30311,0.061545223
30312,0.06698335
30313,0.024202842
30314,0.1955023
30315,0.19845438
30316,0.07617735
30317,0.14921062
30318,0.018474514
30319,0.9744213
30320,0.9876976
30321,0.99319935
30322,0.10330951
30323,0.07979648
30324,0.15195446
30325,0.008254644
30326,0.39923134
30327,0.0055023306
30328,0.0014273748
30329,0.010580407
30330,0.027299583
30331,0.09232477
30332,0.066725224
30333,0.2382292
30334,0.9909992
30335,0.031130437
30336,0.092568755
30337,0.05859766
30338,0.14181443
30339,0.06952701
30340,0.15886281
30341,0.19922185
30342,0.017467888
30343,0.08242567
30344,0.12449038
30345,0.15721196
30346,0.05729741
30347,0.054551892
30348,0.26329318
30349,0.31289253
30350,0.17145114
30351,0.08668549
30352,0.018584166
30353,0.13168065
30354,0.006671194
30355,0.08288784
30356,0.21641178
30357,0.054131098
30358,0.076015934
30359,0.021418333
30360,0.015363762
30361,0.049078945
30362,0.1261892
30363,0.45920548
30364,0.16487068
30365,0.16513787
30366,0.14538994
30367,0.13929248
30368,0.12674992
30369,0.53786325
30370,0.0541597
30371,0.01292575
30372,0.009567613
30373,0.051557846
30374,0.14676799
30375,0.12271335
30376,0.21755433
30377,0.48119813
30378,0.31094638
30379,0.16616371
30380,0.9905027
30381,0.11286938
30382,0.0074745417
30383,0.09857096
30384,0.2714867
30385,0.0022966429
30386,0.027557686
30387,0.43858844
30388,0.044916503
30389,0.020438597
30390,0.054772604
30391,0.009215258
30392,0.11400801
30393,0.22130576
30394,0.23956314
30395,0.23972753
30396,0.23073106
30397,0.13386902
30398,0.14701721
30399,0.23070356
30400,0.004083427
30401,0.13646813
30402,0.016293421
30403,0.03401349
30404,0.46238083
30405,0.2062728
30406,0.07952706
30407,0.5139245
30408,0.27273852
30409,0.0066449977
30410,0.12561378
30411,0.18132783
30412,0.045820285
30413,0.041551642
30414,0.005567975
30415,0.007334908
30416,0.014993837
30417,0.01629753
30418,0.06549654
30419,0.06894209
30420,0.10926119
30421,0.29872397
30422,0.7266568
30423,0.26631227
30424,0.1967854
30425,0.3592031
30426,0.13482949
30427,0.1316227
30428,0.096962765
30429,0.16516149
30430,0.3020373
30431,0.08510399
30432,0.017984005
30433,0.09996791
30434,0.11427653
30435,0.02434704
30436,0.055446226
30437,0.10803996
30438,0.028174648
30439,0.030035842
30440,0.011096898
30441,0.014158885
30442,0.015132187
30443,0.060677923
30444,0.020632708
30445,0.04785945
30446,0.16577199
30447,0.13754818
30448,0.13828187
30449,0.46831504
30450,0.41529956
30451,0.2743143
30452,0.19341853
30453,0.03302462
30454,0.005238845
30455,0.053722955
30456,0.115849
30457,0.002175386
30458,0.028294329
30459,0.99255866
30460,0.0039750645
30461,0.00610056
30462,0.15803805
30463,0.06748742
30464,0.15847614
30465,0.060555905
30466,0.043069627
30467,0.0020379699
30468,0.027430523
30469,0.029609537
30470,0.06253554
30471,0.07595946
30472,0.48468715
30473,0.2594964
30474,0.20092317
30475,0.98836577
30476,0.27592543
30477,0.3601869
30478,0.22273362
30479,0.03745743
30480,0.05507357
30481,0.028918784
30482,0.08036789
30483,0.049600564
30484,0.03573338
30485,0.034024097
30486,0.37563196
30487,0.18686065
30488,0.33357066
30489,0.045446523
30490,0.07210535
30491,0.22570398
30492,0.14421692
30493,0.19222005
30494,0.01708719
30495,0.0016902828
30496,0.0055021057
30497,0.1274384
30498,0.99164975
30499,0.21711023
30500,0.73854274
30501,0.247665
30502,0.2996901
30503,0.19138458
30504,0.20945945
30505,0.17400925
30506,0.0025719393
30507,0.009948276
30508,0.008368762
30509,0.016974634
30510,0.007934192
30511,0.15337642
30512,0.15710725
30513,0.35520238
30514,0.30356142
30515,0.049504198
30516,0.09208354
30517,0.26651186
30518,0.046426143
30519,0.05551008
30520,0.20576188
30521,0.046122838
30522,0.13106641
30523,0.18975477
30524,0.084074974
30525,0.15834294
30526,0.13961613
30527,0.07083825
30528,0.03908349
30529,0.14361191
30530,0.121969245
30531,0.022135822
30532,0.035293993
30533,0.107224
30534,0.08507025
30535,0.02880536
30536,0.0035657443
30537,0.08822696
30538,0.019435732
30539,0.025126096
30540,0.013825819
30541,0.15828101
30542,0.30017975
30543,0.6213709
30544,0.13801208
30545,0.038532738
30546,0.0042088777
30547,0.031410538
30548,0.06627898
30549,0.1711212
30550,0.012787831
30551,0.010808862
30552,0.09742596
30553,0.010818584
30554,0.0066542565
30555,0.0062112934
30556,0.08483359
30557,0.07242425
30558,0.3818302
30559,0.032053106
30560,0.0036684442
30561,0.04643605
30562,0.08004894
30563,0.08930908
30564,0.40502715
30565,0.121954784
30566,0.00094809046
30567,0.16250236
30568,0.06753733
30569,0.019771758
30570,0.07259478
30571,0.13337947
30572,0.038822975
30573,0.05678009
30574,0.00905996
30575,0.26191932
30576,0.00655718
30577,0.003755138
30578,0.010295729
30579,0.008534936
30580,0.12733503
30581,0.075101376
30582,0.038335808
30583,0.01582915
30584,0.019400638
30585,0.054823935
30586,0.28854066
30587,0.047971565
30588,0.040949684
30589,0.08512149
30590,0.013926452
30591,0.07287532
30592,0.18731289
30593,0.05063193
30594,0.21058476
30595,0.02232502
30596,0.0065529323
30597,0.010982324
30598,0.08326532
30599,0.072451346
30600,0.031117827
30601,0.2973179
30602,0.109828964
30603,0.2221599
30604,0.024897033
30605,0.06129054
30606,0.0926191
30607,0.0041714148
30608,0.2538511
30609,0.4152825
30610,0.11958276
30611,0.07529868
30612,0.11246598
30613,0.10256569
30614,0.10299673
30615,0.17915857
30616,0.10282539
30617,0.055530798
30618,0.9902981
30619,0.0112282485
30620,0.078068435
30621,0.0023375212
30622,0.069519505
30623,0.08192466
30624,0.016522016
30625,0.007518313
30626,0.09046434
30627,0.44127506
30628,0.09145599
30629,0.19020551
30630,0.03418155
30631,0.11167683
30632,0.0023073521
30633,0.043709323
30634,0.044692226
30635,0.06286625
30636,0.036765408
30637,0.050605886
30638,0.019398235
30639,0.009068449
30640,0.07953264
30641,0.0064129354
30642,0.15709639
30643,0.014062695
30644,0.07868881
30645,0.048475184
30646,0.11847514
30647,0.00313701
30648,0.0033849147
30649,0.029698383
30650,0.9922727
30651,0.06390242
30652,0.13923989
30653,0.018578766
30654,0.02158767
30655,0.061416738
30656,0.018062059
30657,0.009962482
30658,0.0052453405
30659,0.19932477
30660,0.031038996
30661,0.006035184
30662,0.005465503
30663,0.013012314
30664,0.01058047
30665,0.0105889905
30666,0.028397033
30667,0.14480825
30668,0.13216539
30669,0.021540973
30670,0.027879784
30671,0.29166454
30672,0.0054820925
30673,0.028440475
30674,0.006304127
30675,0.012538901
30676,0.008025366
30677,0.06787731
30678,0.003304803
30679,0.016429652
30680,0.19673713
30681,0.07086356
30682,0.011858593
30683,0.028918004
30684,0.004896184
30685,0.09588958
30686,0.20537582
30687,0.11202689
30688,0.046791732
30689,0.058902822
30690,0.011285374
30691,0.07969407
30692,0.010281182
30693,0.054257743
30694,0.20194915
30695,0.2101129
30696,0.0066021034
30697,0.021217227
30698,0.0072301193
30699,0.016147587
30700,0.005221137
30701,0.0026599965
30702,0.00885307
30703,0.0052652094
30704,0.054188002
30705,0.06158009
30706,0.06889268
30707,0.0893265
30708,0.16348286
30709,0.006062989
30710,0.25958663
30711,0.005065569
30712,0.020032883
30713,0.005465611
30714,0.0024273656
30715,0.006372777
30716,0.010798347
30717,0.0064824624
30718,0.004650262
30719,0.0016574841
30720,0.015804615
30721,0.0025771041
30722,0.025348961
30723,0.13348994
30724,0.018156651
30725,0.032645065
30726,0.024810717
30727,0.006804143
30728,0.0021630353
30729,0.008126378
30730,0.0052490323
30731,0.128791
30732,0.0070489226
30733,0.0054353112
30734,0.0035320234
30735,0.057347596
30736,0.029822519
30737,0.06782318
30738,0.010111644
30739,0.10484836
30740,0.3758921
30741,0.0346779
30742,0.053458862
30743,0.094366826
30744,0.034571346
30745,0.021614168
30746,0.0033028487
30747,0.14635211
30748,0.0012680152
30749,0.12638634
30750,0.17043336
30751,0.009428494
30752,0.030082041
30753,0.038435824
30754,0.008289707
30755,0.0067200237
30756,0.010571268
30757,0.017396117
30758,0.013782638
30759,0.08952101
30760,0.062433816
30761,0.0425426
30762,0.0062220003
30763,0.22702226
30764,0.011294404
30765,0.01977902
30766,0.0037424266
30767,0.003193324
30768,0.02011722
30769,0.019698665
30770,0.05936321
30771,0.029602736
30772,0.013832328
30773,0.0027933684
30774,0.0065401057
30775,0.27085945
30776,0.20462319
30777,0.00851742
30778,0.014747816
30779,0.09354265
30780,0.016219664
30781,0.0029479847
30782,0.07153157
30783,0.030625623
30784,0.028834831
30785,0.046067096
30786,0.12243847
30787,0.010792384
30788,0.020230316
30789,0.05516646
30790,0.009652839
30791,0.049899
30792,0.11064868
30793,0.061082564
30794,0.35641402
30795,0.04405826
30796,0.104158
30797,0.2835773
30798,0.288861
30799,0.018670589
30800,0.23315296
30801,0.1774338
30802,0.2605874
30803,0.042333785
30804,0.31919497
30805,0.024023008
30806,0.015091388
30807,0.28399533
30808,0.005510161
30809,0.01080053
30810,0.012477691
30811,0.24095018
30812,0.036430843
30813,0.87876904
30814,0.23451164
30815,0.0047755954
30816,0.27072757
30817,0.018495508
30818,0.017018229
30819,0.06291684
30820,0.057532478
30821,0.0019680425
30822,0.03414216
30823,0.10890193
30824,0.508248
30825,0.7302783
30826,0.7136968
30827,0.015228095
30828,0.18348539
30829,0.13146791
30830,0.37085053
30831,0.081867605
30832,0.08255334
30833,0.057942253
30834,0.09892024
30835,0.027592614
30836,0.305718
30837,0.1635578
30838,0.2816635
30839,0.68251055
30840,0.15524693
30841,0.0067515997
30842,0.64631283
30843,0.08407038
30844,0.4863472
30845,0.11752434
30846,0.058075774
30847,0.0067224354
30848,0.12851463
30849,0.09966266
30850,0.14153439
30851,0.1606517
30852,0.011343284
30853,0.04432558
30854,0.15192764
30855,0.18961707
30856,0.0701276
30857,0.13760932
30858,0.119557045
30859,0.21622391
30860,0.003477045
30861,0.018512804
30862,0.06465761
30863,0.23227902
30864,0.18522653
30865,0.31089792
30866,0.020657673
30867,0.067760244
30868,0.004519228
30869,0.009034713
30870,0.0092800455
30871,0.3229149
30872,0.058832508
30873,0.10277142
30874,0.5230938
30875,0.30838194
30876,0.0077533894
30877,0.17517762
30878,0.120747365
30879,0.0055929474
30880,0.005044301
30881,0.022794846
30882,0.121077225
30883,0.060684584
30884,0.29715958
30885,0.27162692
30886,0.00872845
30887,0.04653274
30888,0.021157429
30889,0.31678206
30890,0.08584164
30891,0.067083
30892,0.007910336
30893,0.15669999
30894,0.04147157
30895,0.09786691
30896,0.26122263
30897,0.57559144
30898,0.19331874
30899,0.020608475
30900,0.013231479
30901,0.042622678
30902,0.05463763
30903,0.05377073
30904,0.002471668
30905,0.19972801
30906,0.16083175
30907,0.16763942
30908,0.085291594
30909,0.13027985
30910,0.0070495135
30911,0.055121876
30912,0.041984104
30913,0.034615718
30914,0.05111227
30915,0.168571
30916,0.038258553
30917,0.12765037
30918,0.0018048112
30919,0.007334946
30920,0.037000913
30921,0.024593327
30922,0.0012180551
30923,0.019878041
30924,0.066305906
30925,0.056136467
30926,0.55002534
30927,0.22876391
30928,0.044350505
30929,0.061003484
30930,0.1104326
30931,0.089651845
30932,0.049210828
30933,0.050084226
30934,0.029277608
30935,0.18366458
30936,0.03791552
30937,0.035141014
30938,0.029272959
30939,0.1269863
30940,0.089966
30941,0.12144171
30942,0.17002898
30943,0.15976763
30944,0.050997846
30945,0.0390588
30946,0.010144393
30947,0.06846519
30948,0.05886026
30949,0.26326096
30950,0.059105556
30951,0.3304883
30952,0.08882252
30953,0.03424675
30954,0.12579863
30955,0.00880914
30956,0.02667976
30957,0.006279552
30958,0.0063385824
30959,0.10867252
30960,0.04296841
30961,0.01377735
30962,0.011476176
30963,0.036490127
30964,0.07700147
30965,0.05180509
30966,0.06610104
30967,0.092358455
30968,0.10838201
30969,0.21875541
30970,0.30949926
30971,0.08830492
30972,0.0039700093
30973,0.110306
30974,0.033619884
30975,0.05305802
30976,0.00569285
30977,0.084989056
30978,0.091061264
30979,0.071771584
30980,0.08061047
30981,0.16028781
30982,0.032942887
30983,0.04963894
30984,0.009142466
30985,0.002121328
30986,0.010761483
30987,0.21522257
30988,0.10953399
30989,0.002482722
30990,0.0020550902
30991,0.048711203
30992,0.090388045
30993,0.069387965
30994,0.112158254
30995,0.090460435
30996,0.2528096
30997,0.18679704
30998,0.19171871
30999,0.0041852575
31000,0.084562644
31001,0.002420859
31002,0.05347833
31003,0.035905987
31004,0.028992567
31005,0.038809005
31006,0.035461728
31007,0.043948233
31008,0.057421975
31009,0.0071667708
31010,0.074710295
31011,0.072598994
31012,0.01544047
31013,0.05649224
31014,0.014419225
31015,0.030072773
31016,0.10119854
31017,0.015515164
31018,0.055721283
31019,0.16999853
31020,0.04557113
31021,0.1706342
31022,0.4980134
31023,0.06680064
31024,0.09149139
31025,0.051026918
31026,0.09835341
31027,0.069699414
31028,0.10236937
31029,0.033840448
31030,0.3130278
31031,0.08501762
31032,0.07425235
31033,0.03952366
31034,0.07163636
31035,0.0066097914
31036,0.021278564
31037,0.014223149
31038,0.0013289218
31039,0.053483468
31040,0.4837664
31041,0.080497846
31042,0.055947226
31043,0.08428698
31044,0.5996803
31045,0.06316729
31046,0.0019508662
31047,0.13915078
31048,0.058567565
31049,0.2332341
31050,0.33756852
31051,0.05813365
31052,0.0039112433
31053,0.08176178
31054,0.12639296
31055,0.16888817
31056,0.17857644
31057,0.013910483
31058,0.115820944
31059,0.055703796
31060,0.007366261
31061,0.074073955
31062,0.0070848577
31063,0.018734645
31064,0.029385041
31065,0.113057986
31066,0.062126063
31067,0.0073111444
31068,0.103109695
31069,0.15103965
31070,0.21381164
31071,0.07118224
31072,0.0077705616
31073,0.12368425
31074,0.17726046
31075,0.18468484
31076,0.086529315
31077,0.084553435
31078,0.019400315
31079,0.09909988
31080,0.46342975
31081,0.0034855627
31082,0.13178878
31083,0.33477834
31084,0.17543265
31085,0.004882893
31086,0.010724502
31087,0.03604488
31088,0.092364
31089,0.21729295
31090,0.2671768
31091,0.009406755
31092,0.08141857
31093,0.11993176
31094,0.16028087
31095,0.106508
31096,0.114194356
31097,0.16435528
31098,0.26426512
31099,0.10156413
31100,0.0059418045
31101,0.058537938
31102,0.12581009
31103,0.044104345
31104,0.22222634
31105,0.9755508
31106,0.03122342
31107,0.2883146
31108,0.007577793
31109,0.064102694
31110,0.21540165
31111,0.009444422
31112,0.050803386
31113,0.05282554
31114,0.028187638
31115,0.09149422
31116,0.51142514
31117,0.076697834
31118,0.060311574
31119,0.28308523
31120,0.1485146
31121,0.27031344
31122,0.32018012
31123,0.36420783
31124,0.22351682
31125,0.1097538
31126,0.09005569
31127,0.97389
31128,0.37507683
31129,0.45705968
31130,0.04738825
31131,0.11001816
31132,0.11927974
31133,0.011466445
31134,0.010607702
31135,0.015686397
31136,0.059591256
31137,0.0072592995
31138,0.008377901
31139,0.0021593266
31140,0.03970027
31141,0.053358715
31142,0.098539986
31143,0.10352427
31144,0.11623611
31145,0.1380693
31146,0.1599283
31147,0.17458354
31148,0.0058438955
31149,0.10612309
31150,0.25436798
31151,0.010598295
31152,0.052474212
31153,0.99182713
31154,0.9619058
31155,0.72888297
31156,0.0057708565
31157,0.0091277305
31158,0.13250342
31159,0.38404936
31160,0.09832685
31161,0.04602106
31162,0.06470847
31163,0.00243516
31164,0.04702418
31165,0.057339013
31166,0.040490404
31167,0.051125348
31168,0.34895116
31169,0.013047119
31170,0.040470384
31171,0.10568088
31172,0.10722005
31173,0.027196148
31174,0.05319298
31175,0.27518603
31176,0.16047949
31177,0.033697337
31178,0.17055073
31179,0.17588256
31180,0.16177592
31181,0.9914645
31182,0.75390524
31183,0.79729474
31184,0.034552377
31185,0.12694475
31186,0.02018289
31187,0.018664185
31188,0.46521416
31189,0.10593977
31190,0.25855163
31191,0.06568964
31192,0.20565347
31193,0.0053997426
31194,0.16743556
31195,0.12906839
31196,0.13193801
31197,0.18706436
31198,0.39668313
31199,0.45687205
31200,0.13266349
31201,0.07964751
31202,0.04635126
31203,0.029442132
31204,0.10378245
31205,0.07799921
31206,0.011931265
31207,0.011856362
31208,0.18770334
31209,0.22199865
31210,0.052514452
31211,0.1754553
31212,0.04458061
31213,0.95695317
31214,0.9875001
31215,0.9926222
31216,0.16468841
31217,0.052449606
31218,0.14922348
31219,0.48491582
31220,0.010480067
31221,0.00931097
31222,0.004634749
31223,0.013262188
31224,0.016435413
31225,0.09496184
31226,0.013336924
31227,0.23780589
31228,0.99117726
31229,0.024575982
31230,0.10663812
31231,0.06257607
31232,0.10335883
31233,0.048005633
31234,0.15204181
31235,0.25804803
31236,0.01812474
31237,0.12279129
31238,0.14061293
31239,0.13317558
31240,0.033651598
31241,0.011465474
31242,0.2838119
31243,0.3165292
31244,0.18337515
31245,0.107924044
31246,0.0034129024
31247,0.12734851
31248,0.010146444
31249,0.12301101
31250,0.18730745
31251,0.030956293
31252,0.044531025
31253,0.0025145106
31254,0.0062021306
31255,0.005703195
31256,0.013989294
31257,0.05482074
31258,0.17347446
31259,0.43247834
31260,0.19700855
31261,0.15318897
31262,0.12044388
31263,0.13996902
31264,0.09435694
31265,0.6110553
31266,0.07331596
31267,0.01258195
31268,0.0114938095
31269,0.13322397
31270,0.14030138
31271,0.20674452
31272,0.39033848
31273,0.33003417
31274,0.11851804
31275,0.99067247
31276,0.14517951
31277,0.005047667
31278,0.10306321
31279,0.24048606
31280,0.005016716
31281,0.06799239
31282,0.4708496
31283,0.055962496
31284,0.003997482
31285,0.057920028
31286,0.018427612
31287,0.053392936
31288,0.2410181
31289,0.2027549
31290,0.25309283
31291,0.20503207
31292,0.10935612
31293,0.114837945
31294,0.25793618
31295,0.027697003
31296,0.19277973
31297,0.087025
31298,0.024318546
31299,0.515322
31300,0.26168728
31301,0.08113699
31302,0.55115086
31303,0.3082668
31304,0.12190968
31305,0.15603513
31306,0.12490909
31307,0.04979854
31308,0.008339343
31309,0.0011203743
31310,0.007280433
31311,0.008370473
31312,0.036627963
31313,0.07376917
31314,0.07982048
31315,0.10258659
31316,0.29092377
31317,0.7043883
31318,0.3036288
31319,0.20522451
31320,0.3602771
31321,0.111084506
31322,0.08669444
31323,0.07627422
31324,0.1559926
31325,0.25932732
31326,0.047615875
31327,0.006800802
31328,0.051529236
31329,0.15129317
31330,0.013281089
31331,0.031122068
31332,0.088975444
31333,0.017095651
31334,0.06336864
31335,0.0031845246
31336,0.011384959
31337,0.013692866
31338,0.016043281
31339,0.09368084
31340,0.044108637
31341,0.05668776
31342,0.1490698
31343,0.13074341
31344,0.08813392
31345,0.4787714
31346,0.45533305
31347,0.22721973
31348,0.18877366
31349,0.06526667
31350,0.019106694
31351,0.03729386
31352,0.16390316
31353,0.0042938665
31354,0.9922034
31355,0.03870567
31356,0.019241652
31357,0.11763392
31358,0.07034135
31359,0.13212487
31360,0.0178758
31361,0.03518205
31362,0.020446245
31363,0.06873733
31364,0.071819045
31365,0.5198425
31366,0.292453
31367,0.17131159
31368,0.9890847
31369,0.26540947
31370,0.35605985
31371,0.14689128
31372,0.056075282
31373,0.008786801
31374,0.051608235
31375,0.077177666
31376,0.015890792
31377,0.053065885
31378,0.3732615
31379,0.16683772
31380,0.2429522
31381,0.011278013
31382,0.09312143
31383,0.152769
31384,0.1367275
31385,0.20521274
31386,0.06857656
31387,0.004375889
31388,0.009106599
31389,0.012614189
31390,0.10974393
31391,0.9909458
31392,0.23948717
31393,0.63972443
31394,0.22177163
31395,0.2548912
31396,0.16944143
31397,0.16328797
31398,0.21632898
31399,0.014156299
31400,0.009977776
31401,0.012580438
31402,0.037592452
31403,0.030571515
31404,0.1705079
31405,0.16297337
31406,0.16940299
31407,0.24283333
31408,0.0043626428
31409,0.12857364
31410,0.2292501
31411,0.017231155
31412,0.063507214
31413,0.18270515
31414,0.005849636
31415,0.005953935
31416,0.13501438
31417,0.1595833
31418,0.051056206
31419,0.1647501
31420,0.0899301
31421,0.10680684
31422,0.039575327
31423,0.16132045
31424,0.1156166
31425,0.031676732
31426,0.16264379
31427,0.0070942244
31428,0.1333142
31429,0.048370175
31430,0.0073975623
31431,0.111754574
31432,0.010669817
31433,0.04607286
31434,0.014214342
31435,0.16368136
31436,0.29476184
31437,0.67894286
31438,0.19572054
31439,0.019752126
31440,0.0011422597
31441,0.06437044
31442,0.06934011
31443,0.15659454
31444,0.009372075
31445,0.020539759
31446,0.010626758
31447,0.050389
31448,0.017543608
31449,0.0013496473
31450,0.0013620686
31451,0.09526552
31452,0.07590128
31453,0.39264292
31454,0.018992325
31455,0.015546086
31456,0.021345591
31457,0.078614354
31458,0.06033524
31459,0.37563103
31460,0.19906925
31461,0.0015144248
31462,0.187219
31463,0.08965592
31464,0.009063641
31465,0.06532091
31466,0.17707859
31467,0.06327316
31468,0.0109341405
31469,0.008787206
31470,0.23288588
31471,0.06787572
31472,0.0031445022
31473,0.009668919
31474,0.021922473
31475,0.15160759
31476,0.043204013
31477,0.047114152
31478,0.021587452
31479,0.016334636
31480,0.041647773
31481,0.257841
31482,0.011176546
31483,0.003166616
31484,0.035440095
31485,0.028060917
31486,0.055883456
31487,0.28197655
31488,0.069712505
31489,0.18140179
31490,0.0715416
31491,0.029442051
31492,0.00273159
31493,0.12462081
31494,0.09796738
31495,0.015353924
31496,0.25331926
31497,0.009190504
31498,0.23907936
31499,0.017524235
31500,0.066863164
31501,0.06508161
31502,0.26907825
31503,0.45206624
31504,0.1140189
31505,0.08782752
31506,0.12836008
31507,0.07258243
31508,0.08636391
31509,0.17281727
31510,0.11429236
31511,0.084250554
31512,0.98995066
31513,0.010710187
31514,0.105349734
31515,0.042344876
31516,0.06607518
31517,0.093391635
31518,0.0027349773
31519,0.01599941
31520,0.08732637
31521,0.3604041
31522,0.05205373
31523,0.20598212
31524,0.047233444
31525,0.058300704
31526,0.009096089
31527,0.044479877
31528,0.019500634
31529,0.04712961
31530,0.045032144
31531,0.057602238
31532,0.017570676
31533,0.0789873
31534,0.002863225
31535,0.11386641
31536,0.005161102
31537,0.06002537
31538,0.00859319
31539,0.060192168
31540,0.10754833
31541,0.1085573
31542,0.0021420494
31543,0.024181869
31544,0.9926089
31545,0.031661313
31546,0.1602168
31547,0.089018956
31548,0.016912356
31549,0.01831248
31550,0.041028313
31551,0.0012517862
31552,0.24604957
31553,0.007132151
31554,0.006324739
31555,0.0047495947
31556,0.006115897
31557,0.0035285898
31558,0.06663026
31559,0.1478248
31560,0.035427883
31561,0.0847093
31562,0.010670053
31563,0.017155733
31564,0.050754525
31565,0.2823431
31566,0.009232374
31567,0.0063511147
31568,0.038909186
31569,0.072206914
31570,0.19068113
31571,0.04728528
31572,0.047991324
31573,0.003503561
31574,0.13977756
31575,0.1877738
31576,0.162507
31577,0.100252554
31578,0.024975866
31579,0.055538185
31580,0.006106446
31581,0.026736666
31582,0.20070663
31583,0.1992389
31584,0.0050431965
31585,0.008325709
31586,0.00086748553
31587,0.0064528002
31588,0.0042962236
31589,0.007145723
31590,0.001474443
31591,0.047338426
31592,0.058837295
31593,0.08250241
31594,0.12772658
31595,0.11285776
31596,0.0076817684
31597,0.22517753
31598,0.005749967
31599,0.29648134
31600,0.014281325
31601,0.006152347
31602,0.0037126946
31603,0.006597562
31604,0.0018811531
31605,0.0028299415
31606,0.06687225
31607,0.0030656594
31608,0.08999491
31609,0.04706924
31610,0.0681548
31611,0.010573645
31612,0.059183717
31613,0.0044557853
31614,0.015548883
31615,0.12205036
31616,0.0037707626
31617,0.005873714
31618,0.0034955505
31619,0.05775873
31620,0.123166524
31621,0.0041745687
31622,0.0075620012
31623,0.42157632
31624,0.06335111
31625,0.06973603
31626,0.10986934
31627,0.033353575
31628,0.013255
31629,0.004407495
31630,0.17297077
31631,0.011588683
31632,0.15289696
31633,0.0050424756
31634,0.156328
31635,0.02248625
31636,0.0019505022
31637,0.025000632
31638,0.017536834
31639,0.0022512474
31640,0.0057127727
31641,0.0014814165
31642,0.005823667
31643,0.0008434605
31644,0.0012367682
31645,0.030856043
31646,0.103004575
31647,0.094859004
31648,0.011344573
31649,0.18780729
31650,0.01914916
31651,0.006324923
31652,0.028902119
31653,0.037800826
31654,0.0012751098
31655,0.023280773
31656,0.016489316
31657,0.28692368
31658,0.18282948
31659,0.008731177
31660,0.14755127
31661,0.012254858
31662,0.04065638
31663,0.018252753
31664,0.13643993
31665,0.009888826
31666,0.06506918
31667,0.06424123
31668,0.009571826
31669,0.010406266
31670,0.026016042
31671,0.0582843
31672,0.10008858
31673,0.048749235
31674,0.029823873
31675,0.39120406
31676,0.14251879
31677,0.17036214
31678,0.17531958
31679,0.21725376
31680,0.012184047
31681,0.07407141
31682,0.18022671
31683,0.13673532
31684,0.29075518
31685,0.034858637
31686,0.05327942
31687,0.0054789893
31688,0.0070919534
31689,0.18081054
31690,0.007759289
31691,0.22861525
31692,0.75801814
31693,0.16792169
31694,0.007463382
31695,0.040260263
31696,0.28273958
31697,0.11765163
31698,0.014060562
31699,0.07328589
31700,0.04010583
31701,0.118179835
31702,0.35331658
31703,0.4847246
31704,0.49130678
31705,0.0049785557
31706,0.10330896
31707,0.10519238
31708,0.27431402
31709,0.039075416
31710,0.05922834
31711,0.085411675
31712,0.107178725
31713,0.29699686
31714,0.23325458
31715,0.24974212
31716,0.53326035
31717,0.24618192
31718,0.0025306274
31719,0.52014244
31720,0.024365654
31721,0.072489664
31722,0.414416
31723,0.11410636
31724,0.05599605
31725,0.020158574
31726,0.06675712
31727,0.028980821
31728,0.14064914
31729,0.2629703
31730,0.15809807
31731,0.027750349
31732,0.079029605
31733,0.09854182
31734,0.3810152
31735,0.09546436
31736,0.0066783233
31737,0.006334435
31738,0.13032074
31739,0.12389235
31740,0.20882109
31741,0.021090116
31742,0.035960842
31743,0.08072453
31744,0.028447285
31745,0.23955373
31746,0.15306835
31747,0.31766635
31748,0.029811015
31749,0.04811232
31750,0.060783077
31751,0.008786989
31752,0.011390406
31753,0.51406825
31754,0.12381677
31755,0.06751232
31756,0.35535026
31757,0.42603064
31758,0.007779739
31759,0.103484035
31760,0.113661766
31761,0.0026590868
31762,0.03282584
31763,0.051614545
31764,0.03510853
31765,0.09419852
31766,0.08419983
31767,0.31372306
31768,0.45545477
31769,0.030619238
31770,0.027123729
31771,0.0077954577
31772,0.050233193
31773,0.044604275
31774,0.05591901
31775,0.30090803
31776,0.051399373
31777,0.026060235
31778,0.008424493
31779,0.10589552
31780,0.048584573
31781,0.13715191
31782,0.63767374
31783,0.18931267
31784,0.0015470588
31785,0.042811945
31786,0.1064301
31787,0.0734668
31788,0.032612536
31789,0.18551144
31790,0.17877555
31791,0.10898073
31792,0.069713295
31793,0.08932334
31794,0.0057135457
31795,0.042451624
31796,0.02317809
31797,0.024919737
31798,0.008537352
31799,0.17529108
31800,0.06957399
31801,0.119246855
31802,0.011028516
31803,0.024961319
31804,0.0022514916
31805,0.01961646
31806,0.010439341
31807,0.03909882
31808,0.057026535
31809,0.038814664
31810,0.0027480181
31811,0.02637904
31812,0.57650846
31813,0.28791016
31814,0.044973243
31815,0.046139605
31816,0.0029412825
31817,0.115893945
31818,0.09121984
31819,0.058108915
31820,0.052684188
31821,0.02023128
31822,0.04204513
31823,0.16077384
31824,0.033069503
31825,0.012002482
31826,0.04719361
31827,0.12533617
31828,0.113084696
31829,0.112344906
31830,0.16264799
31831,0.18008146
31832,0.05499204
31833,0.043550722
31834,0.027383406
31835,0.041899823
31836,0.04306563
31837,0.24888913
31838,0.09522341
31839,0.3385669
31840,0.09844448
31841,0.052569054
31842,0.08733061
31843,0.0071060047
31844,0.0063338466
31845,0.010975352
31846,0.0054239826
31847,0.080054425
31848,0.033859216
31849,0.05260722
31850,0.11270746
31851,0.049756497
31852,0.061048824
31853,0.050420146
31854,0.09249563
31855,0.20882174
31856,0.25647467
31857,0.1166489
31858,0.012322137
31859,0.08390994
31860,0.016800918
31861,0.0660788
31862,0.071617804
31863,0.091838375
31864,0.108151115
31865,0.03748067
31866,0.15852043
31867,0.030952966
31868,0.06262955
31869,0.018181508
31870,0.010731553
31871,0.24379952
31872,0.006730066
31873,0.013355178
31874,0.08975754
31875,0.004071951
31876,0.006589456
31877,0.0030359454
31878,0.00911033
31879,0.0079599675
31880,0.113385424
31881,0.04816103
31882,0.14305408
31883,0.09266285
31884,0.2548605
31885,0.17893979
31886,0.20271167
31887,0.012713002
31888,0.10024138
31889,0.009673563
31890,0.03785584
31891,0.05801914
31892,0.043046154
31893,0.002276332
31894,0.068269774
31895,0.058215313
31896,0.007850544
31897,0.055007212
31898,0.058397822
31899,0.015890995
31900,0.005512327
31901,0.0058867475
31902,0.010920475
31903,0.0050372006
31904,0.008943861
31905,0.13814688
31906,0.003074161
31907,0.050281763
31908,0.2028712
31909,0.048654836
31910,0.13735658
31911,0.4354508
31912,0.09816711
31913,0.13475458
31914,0.05500701
31915,0.091394626
31916,0.07453528
31917,0.11354629
31918,0.062497687
31919,0.03301218
31920,0.3527518
31921,0.10691242
31922,0.05150593
31923,0.07793098
31924,0.055516094
31925,0.030965228
31926,0.018951235
31927,0.021038298
31928,0.051440544
31929,0.52416694
31930,0.06896432
31931,0.06213354
31932,0.09576945
31933,0.65669537
31934,0.08855775
31935,0.006986948
31936,0.118370436
31937,0.050566144
31938,0.14186305
31939,0.31231764
31940,0.06297532
31941,0.031244129
31942,0.05361672
31943,0.14538813
31944,0.12128611
31945,0.1763395
31946,0.016423862
31947,0.1227785
31948,0.06910692
31949,0.009985271
31950,0.05741921
31951,0.0110535445
31952,0.046186067
31953,0.0052682394
31954,0.11251402
31955,0.0726794
31956,0.013927689
31957,0.06745261
31958,0.16717435
31959,0.22700004
31960,0.1334382
31961,0.01476655
31962,0.13014361
31963,0.21388467
31964,0.21429686
31965,0.06421598
31966,0.03883906
31967,0.030924166
31968,0.0803761
31969,0.4350666
31970,0.061956666
31971,0.17263952
31972,0.33701786
31973,0.19563957
31974,0.007861549
31975,0.0011928246
31976,0.010257569
31977,0.019334907
31978,0.07078381
31979,0.2716016
31980,0.24635904
31981,0.10249387
31982,0.13295391
31983,0.12213061
31984,0.17924571
31985,0.13899688
31986,0.19819558
31987,0.27161297
31988,0.11365086
31989,0.06563489
31990,0.10693385
31991,0.052481093
31992,0.26210767
31993,0.9715298
31994,0.112335995
31995,0.003728804
31996,0.3453934
31997,0.0018565968
31998,0.068493485
31999,0.24863486
32000,0.010720451
32001,0.0102507295
32002,0.040157318
32003,0.0746795
32004,0.005909651
32005,0.07204985
32006,0.0078926515
32007,0.5034596
32008,0.059097104
32009,0.06831925
32010,0.30353883
32011,0.14517686
32012,0.23969527
32013,0.2997508
32014,0.36526275
32015,0.18437868
32016,0.089919314
32017,0.08635552
32018,0.91105205
32019,0.37148017
32020,0.4229231
32021,0.0060263253
32022,0.017671516
32023,0.12486122
32024,0.010196869
32025,0.11856405
32026,0.009854351
32027,0.0037661348
32028,0.03036266
32029,0.00795131
32030,0.037562765
32031,0.06774139
32032,0.10595442
32033,0.10476307
32034,0.08011228
32035,0.13135095
32036,0.20318833
32037,0.17451733
32038,0.09943175
32039,0.2695579
32040,0.011029346
32041,0.030995375
32042,0.9917229
32043,0.96466005
32044,0.73878175
32045,0.005884363
32046,0.009523544
32047,0.1955356
32048,0.38726157
32049,0.0570179
32050,0.017760241
32051,0.018440465
32052,0.011183619
32053,0.031320624
32054,0.06913139
32055,0.028349575
32056,0.3380602
32057,0.004088068
32058,0.018423835
32059,0.053265072
32060,0.08882175
32061,0.055411577
32062,0.031890348
32063,0.26572698
32064,0.155324
32065,0.02241109
32066,0.20817287
32067,0.18808386
32068,0.16646084
32069,0.99137574
32070,0.6814882
32071,0.7372216
32072,0.07835813
32073,0.024387572
32074,0.0015465241
32075,0.4434371
32076,0.118149266
32077,0.22847879
32078,0.06864013
32079,0.1632872
32080,0.0033592812
32081,0.16652553
32082,0.097934194
32083,0.120557345
32084,0.17414722
32085,0.34871283
32086,0.46202248
32087,0.17485352
32088,0.09702851
32089,0.051459216
32090,0.0480968
32091,0.08874112
32092,0.046319246
32093,0.008324491
32094,0.18564212
32095,0.21765837
32096,0.049951382
32097,0.14867991
32098,0.0022887771
32099,0.9579147
32100,0.98787725
32101,0.9931607
32102,0.16587678
32103,0.05963869
32104,0.1868746
32105,0.4632507
32106,0.018859118
32107,0.007491088
32108,0.012701109
32109,0.004100571
32110,0.07014044
32111,0.040716663
32112,0.22113518
32113,0.99187106
32114,0.05931983
32115,0.0872176
32116,0.05006768
32117,0.13021357
32118,0.055615224
32119,0.14567238
32120,0.30858868
32121,0.014745532
32122,0.13249533
32123,0.14847033
32124,0.1779764
32125,0.04585158
32126,0.039192803
32127,0.3249445
32128,0.3505198
32129,0.14690855
32130,0.119287945
32131,0.014809226
32132,0.08373961
32133,0.0072228415
32134,0.090718865
32135,0.19039875
32136,0.042257197
32137,0.011482172
32138,0.0043587266
32139,0.00453608
32140,0.015357114
32141,0.05405252
32142,0.051217865
32143,0.1423401
32144,0.4389093
32145,0.18587407
32146,0.14648035
32147,0.11616564
32148,0.16104047
32149,0.096471444
32150,0.56748736
32151,0.06561683
32152,0.00658757
32153,0.0063463314
32154,0.024220122
32155,0.13510282
32156,0.17893106
32157,0.21649003
32158,0.434748
32159,0.33284882
32160,0.12140106
32161,0.9903229
32162,0.14625895
32163,0.0024258033
32164,0.12147723
32165,0.13731281
32166,0.008466165
32167,0.06288312
32168,0.49939266
32169,0.03523016
32170,0.03266091
32171,0.040639896
32172,0.031683434
32173,0.074592546
32174,0.28189406
32175,0.252739
32176,0.25005382
32177,0.24367408
32178,0.13617551
32179,0.12468443
32180,0.27371
32181,0.029303338
32182,0.14604096
32183,0.04509698
32184,0.051673196
32185,0.5104681
32186,0.24585263
32187,0.085151084
32188,0.44472018
32189,0.30162463
32190,0.15908745
32191,0.16437982
32192,0.16663824
32193,0.032183122
32194,0.008474137
32195,0.010032224
32196,0.044609595
32197,0.0605657
32198,0.06990005
32199,0.102031566
32200,0.2821301
32201,0.6706594
32202,0.2366719
32203,0.1969328
32204,0.35110733
32205,0.11053991
32206,0.08846895
32207,0.07477721
32208,0.20902777
32209,0.25194973
32210,0.07307394
32211,0.022764683
32212,0.0668212
32213,0.15435801
32214,0.014470579
32215,0.015038324
32216,0.08177716
32217,0.0051273243
32218,0.016518425
32219,0.0084846765
32220,0.040874775
32221,0.07959863
32222,0.032401204
32223,0.058077287
32224,0.200309
32225,0.12912849
32226,0.09513225
32227,0.47862148
32228,0.5020169
32229,0.23326406
32230,0.18056765
32231,0.007847807
32232,0.051074516
32233,0.03662812
32234,0.010054745
32235,0.13206688
32236,0.0139137115
32237,0.009785113
32238,0.99306726
32239,0.07232119
32240,0.004115404
32241,0.09908646
32242,0.07817064
32243,0.16565177
32244,0.045235656
32245,0.06114319
32246,0.0028825458
32247,0.004012068
32248,0.04667149
32249,0.06667875
32250,0.12195052
32251,0.50969696
32252,0.308362
32253,0.19050072
32254,0.987385
32255,0.268033
32256,0.3363386
32257,0.15163517
32258,0.056272883
32259,0.094110146
32260,0.05873265
32261,0.047013395
32262,0.043915473
32263,0.057145942
32264,0.05095192
32265,0.29744247
32266,0.16786873
32267,0.25983414
32268,0.024895087
32269,0.09035903
32270,0.14778972
32271,0.21396986
32272,0.21333262
32273,0.070068635
32274,0.018195499
32275,0.0029851072
32276,0.13127482
32277,0.99090576
32278,0.21319485
32279,0.7254181
32280,0.21934769
32281,0.2769273
32282,0.20101047
32283,0.19679098
32284,0.11792374
32285,0.002823058
32286,0.008273872
32287,0.01954082
32288,0.02611289
32289,0.17738426
32290,0.12943788
32291,0.17377794
32292,0.25927806
32293,0.023221515
32294,0.111221336
32295,0.2793767
32296,0.046233863
32297,0.11094569
32298,0.009332227
32299,0.008930917
32300,0.077676974
32301,0.20084342
32302,0.0056721554
32303,0.11514604
32304,0.13898261
32305,0.050975524
32306,0.13281946
32307,0.1025007
32308,0.07127821
32309,0.049070857
32310,0.16275358
32311,0.09815936
32312,0.05656739
32313,0.007719764
32314,0.106869146
32315,0.012808678
32316,0.11201459
32317,0.05836568
32318,0.010183033
32319,0.13620232
32320,0.03336069
32321,0.05323107
32322,0.0028214427
32323,0.016308233
32324,0.16763659
32325,0.29595613
32326,0.66650975
32327,0.20199153
32328,0.04491407
32329,0.019984785
32330,0.06433157
32331,0.009178394
32332,0.091301806
32333,0.13586327
32334,0.03921236
32335,0.13737877
32336,0.01193028
32337,0.05527907
32338,0.012432044
32339,0.0077086436
32340,0.06962068
32341,0.067317665
32342,0.37908176
32343,0.002658146
32344,0.015836205
32345,0.009102042
32346,0.07455988
32347,0.074471004
32348,0.4489526
32349,0.17726052
32350,0.0026786723
32351,0.22954352
32352,0.060528494
32353,0.067148514
32354,0.20636146
32355,0.06685557
32356,0.007832298
32357,0.012808722
32358,0.0069303857
32359,0.21774435
32360,0.12833121
32361,0.0027024844
32362,0.010079068
32363,0.020263966
32364,0.12769213
32365,0.03228135
32366,0.06763653
32367,0.02535984
32368,0.029642876
32369,0.0314865
32370,0.24606791
32371,0.0175271
32372,0.0038015568
32373,0.009595535
32374,0.015557269
32375,0.05485157
32376,0.25746226
32377,0.09925942
32378,0.19480531
32379,0.118004166
32380,0.005282636
32381,0.01017615
32382,0.0351136
32383,0.09134201
32384,0.01354821
32385,0.26108804
32386,0.11524073
32387,0.15865727
32388,0.007794629
32389,0.0926937
32390,0.058429338
32391,0.008634871
32392,0.25790468
32393,0.43592072
32394,0.15045002
32395,0.09125718
32396,0.10344312
32397,0.026448125
32398,0.09515434
32399,0.17395687
32400,0.116269015
32401,0.06549913
32402,0.9893962
32403,0.011557184
32404,0.09722492
32405,0.009286268
32406,0.13300708
32407,0.055087127
32408,0.0012009883
32409,0.15575305
32410,0.38183486
32411,0.039598115
32412,0.16556963
32413,0.0462621
32414,0.05399429
32415,0.012154467
32416,0.0653532
32417,0.039483428
32418,0.006585265
32419,0.06372577
32420,0.062354065
32421,0.066859156
32422,0.0027453664
32423,0.0024909542
32424,0.07079014
32425,0.16266844
32426,0.0017692841
32427,0.055125933
32428,0.005632544
32429,0.044357028
32430,0.07237062
32431,0.13280007
32432,0.0041040396
32433,0.005458894
32434,0.050825767
32435,0.99254954
32436,0.023158077
32437,0.13495156
32438,0.089012474
32439,0.045386963
32440,0.039632592
32441,0.061565578
32442,0.013145948
32443,0.012172619
32444,0.21051899
32445,0.001734589
32446,0.025671136
32447,0.20370643
32448,0.019230682
32449,0.15277204
32450,0.0023559842
32451,0.0023850347
32452,0.042664595
32453,0.22179839
32454,0.020172458
32455,0.01581139
32456,0.066830285
32457,0.021421358
32458,0.005080983
32459,0.018668871
32460,0.15250914
32461,0.02708454
32462,0.008324131
32463,0.13962421
32464,0.12555654
32465,0.13075975
32466,0.08542967
32467,0.054294426
32468,0.023452727
32469,0.051577024
32470,0.0013676111
32471,0.016302025
32472,0.18501142
32473,0.2075179
32474,0.041830737
32475,0.00094552233
32476,0.0008241902
32477,0.04475774
32478,0.005187393
32479,0.013077959
32480,0.06139345
32481,0.0897401
32482,0.06261686
32483,0.0046132035
32484,0.14662738
32485,0.006460215
32486,0.22987314
32487,0.005305714
32488,0.039508782
32489,0.001128827
32490,0.013536316
32491,0.006747288
32492,0.0023969598
32493,0.0035727923
32494,0.0065427935
32495,0.002133004
32496,0.055033207
32497,0.0070091025
32498,0.058468383
32499,0.050600596
32500,0.010917765
32501,0.024809085
32502,0.0067873173
32503,0.0049809325
32504,0.13040547
32505,0.0012863437
32506,0.002413321
32507,0.016960377
32508,0.01222132
32509,0.08272155
32510,0.01167438
32511,0.11286217
32512,0.006403999
32513,0.44333488
32514,0.1056756
32515,0.11081413
32516,0.069692105
32517,0.006751382
32518,0.038818825
32519,0.013806269
32520,0.0014556184
32521,0.16382757
32522,0.0033645693
32523,0.15613556
32524,0.18384948
32525,0.038923662
32526,0.0035073347
32527,0.0047537466
32528,0.0410667
32529,0.0020233463
32530,0.007843205
32531,0.0055587925
32532,0.004420903
32533,0.0016287122
32534,0.0071348324
32535,0.026218217
32536,0.005516856
32537,0.012088358
32538,0.0012151502
32539,0.115398906
32540,0.0634587
32541,0.00533248
32542,0.24049015
32543,0.02271664
32544,0.0017491577
32545,0.03176821
32546,0.025376389
32547,0.0016869701
32548,0.008203446
32549,0.06429644
32550,0.0034794933
32551,0.0050004898
32552,0.012819836
32553,0.291555
32554,0.22078416
32555,0.1428645
32556,0.007247437
32557,0.0029114275
32558,0.008035786
32559,0.04161457
32560,0.018601123
32561,0.05918292
32562,0.026435133
32563,0.022823911
32564,0.04807353
32565,0.058860123
32566,0.06748375
32567,0.02694945
32568,0.03994998
32569,0.017089294
32570,0.15078215
32571,0.11446609
32572,0.034256794
32573,0.0046925307
32574,0.38260862
32575,0.055055
32576,0.1642049
32577,0.006237837
32578,0.16094816
32579,0.20128512
32580,0.01021046
32581,0.032202475
32582,0.15306586
32583,0.17845441
32584,0.26786196
32585,0.088230506
32586,0.16288987
32587,0.21669205
32588,0.08683943
32589,0.7543897
32590,0.18003973
32591,0.093094185
32592,0.072092555
32593,0.30775997
32594,0.13120084
32595,0.01708778
32596,0.05413745
32597,0.010639826
32598,0.043984357
32599,0.12437971
32600,0.40029424
32601,0.719008
32602,0.51928973
32603,0.011889611
32604,0.13165319
32605,0.11438872
32606,0.34293342
32607,0.124800764
32608,0.041793127
32609,0.104194686
32610,0.15317687
32611,0.0037657705
32612,0.33869714
32613,0.18527237
32614,0.29292625
32615,0.5407752
32616,0.10470362
32617,0.023234975
32618,0.5322813
32619,0.09811951
32620,0.39742416
32621,0.14613934
32622,0.060275327
32623,0.0041810693
32624,0.16167034
32625,0.089817
32626,0.18437248
32627,0.17963383
32628,0.06787065
32629,0.012963042
32630,0.081275076
32631,0.25499102
32632,0.098697186
32633,0.03170299
32634,0.089278616
32635,0.114457786
32636,0.17986497
32637,0.016214091
32638,0.09956434
32639,0.0048008026
32640,0.02471048
32641,0.08886905
32642,0.26006043
32643,0.088134035
32644,0.24112403
32645,0.04037898
32646,0.062130623
32647,0.0062474357
32648,0.008812328
32649,0.3163113
32650,0.1422194
32651,0.114644624
32652,0.3114851
32653,0.53878474
32654,0.118132815
32655,0.092283584
32656,0.0047714333
32657,0.011414915
32658,0.070253074
32659,0.12154029
32660,0.099691786
32661,0.27112505
32662,0.40377793
32663,0.024907751
32664,0.07516883
32665,0.039288383
32666,0.01775277
32667,0.054736786
32668,0.2946426
32669,0.008037085
32670,0.054465294
32671,0.008113715
32672,0.0101426905
32673,0.022659075
32674,0.04635301
32675,0.10845648
32676,0.3620646
32677,0.5895129
32678,0.19568041
32679,0.014640221
32680,0.08004796
32681,0.099287555
32682,0.073643744
32683,0.18229347
32684,0.20772597
32685,0.102650955
32686,0.10788286
32687,0.07739953
32688,0.026084319
32689,0.020613354
32690,0.009568928
32691,0.15172069
32692,0.048296403
32693,0.13206564
32694,0.015625563
32695,0.016154297
32696,0.050825894
32697,0.017809832
32698,0.007734119
32699,0.015260622
32700,0.064030975
32701,0.02775918
32702,0.025774306
32703,0.5230637
32704,0.3010342
32705,0.02067101
32706,0.009149229
32707,0.14929564
32708,0.06386604
32709,0.03551074
32710,0.018383803
32711,0.0086323265
32712,0.005628898
32713,0.19444767
32714,0.026731482
32715,0.0058993055
32716,0.048732273
32717,0.08810821
32718,0.06700908
32719,0.13901842
32720,0.16305465
32721,0.15003705
32722,0.035890214
32723,0.020306703
32724,0.033658277
32725,0.05380122
32726,0.048869662
32727,0.23723583
32728,0.0935639
32729,0.44367456
32730,0.1221696
32731,0.0013581017
32732,0.1297795
32733,0.04501602
32734,0.07653133
32735,0.0065609985
32736,0.0063373945
32737,0.06397967
32738,0.03500313
32739,0.046003044
32740,0.08309685
32741,0.06153696
32742,0.12076874
32743,0.054476153
32744,0.1173176
32745,0.19786765
32746,0.24837561
32747,0.07867638
32748,0.031353373
32749,0.099914506
32750,0.005846083
32751,0.05524511
32752,0.03059562
32753,0.0073245787
32754,0.09655714
32755,0.059985302
32756,0.14357394
32757,0.036034115
32758,0.11813464
32759,0.066069916
32760,0.0808632
32761,0.02655835
32762,0.00866082
32763,0.19350427
32764,0.12991592
32765,0.044983346
32766,0.002258616
32767,0.0133243445
32768,0.008552152
32769,0.09482334
32770,0.08584414
32771,0.15136161
32772,0.11080269
32773,0.19854774
32774,0.1749405
32775,0.1974999
32776,0.013735181
32777,0.10298556
32778,0.054688424
32779,0.08529849
32780,0.118414044
32781,0.11354039
32782,0.04545945
32783,0.0077766255
32784,0.04669201
32785,0.069334656
32786,0.057840776
32787,0.003507095
32788,0.0059150383
32789,0.15775235
32790,0.0039458964
32791,0.066387326
32792,0.2213283
32793,0.061531495
32794,0.12906173
32795,0.43093356
32796,0.099239804
32797,0.114878476
32798,0.076460026
32799,0.09800635
32800,0.040886704
32801,0.11173918
32802,0.03095011
32803,0.006420753
32804,0.017021285
32805,0.26421362
32806,0.12684698
32807,0.043397833
32808,0.05910795
32809,0.06343375
32810,0.05679025
32811,0.0021382961
32812,0.015381639
32813,0.053033672
32814,0.46893716
32815,0.05291062
32816,0.05021614
32817,0.086106285
32818,0.74915457
32819,0.051315337
32820,0.00771843
32821,0.10463977
32822,0.059148066
32823,0.12235077
32824,0.36104128
32825,0.06290181
32826,0.0071760626
32827,0.08901733
32828,0.18837659
32829,0.10659039
32830,0.19267991
32831,0.035517525
32832,0.16267166
32833,0.09544711
32834,0.0076047904
32835,0.06060065
32836,0.011600979
32837,0.14036807
32838,0.052347757
32839,0.004614969
32840,0.125305
32841,0.13649467
32842,0.23336601
32843,0.109642886
32844,0.017100766
32845,0.09610197
32846,0.1637975
32847,0.17025623
32848,0.051833887
32849,0.013847443
32850,0.060944684
32851,0.00732778
32852,0.14542654
32853,0.51660305
32854,0.011114515
32855,0.17091018
32856,0.3500209
32857,0.17566289
32858,0.042027812
32859,0.011004018
32860,0.0015157793
32861,0.043274302
32862,0.059502117
32863,0.26045775
32864,0.2235845
32865,0.06024041
32866,0.079205245
32867,0.1321106
32868,0.14426787
32869,0.121798694
32870,0.14750755
32871,0.27678463
32872,0.10396626
32873,0.03656756
32874,0.10978673
32875,0.08693885
32876,0.2868479
32877,0.92556775
32878,0.06225132
32879,0.31983608
32880,0.009329783
32881,0.046585683
32882,0.25822616
32883,0.015974587
32884,0.04336776
32885,0.096801385
32886,0.00353517
32887,0.05284798
32888,0.48178688
32889,0.03459186
32890,0.07273115
32891,0.26944697
32892,0.10592119
32893,0.21203797
32894,0.29112062
32895,0.33792034
32896,0.0024055813
32897,0.20959263
32898,0.06893154
32899,0.15709865
32900,0.9654293
32901,0.41767272
32902,0.4941277
32903,0.036748774
32904,0.18276456
32905,0.061985523
32906,0.0119699035
32907,0.0060616788
32908,0.008587773
32909,0.0033923653
32910,0.05174456
32911,0.008575933
32912,0.04719048
32913,0.071346
32914,0.07856621
32915,0.054259926
32916,0.11713384
32917,0.12255557
32918,0.20249958
32919,0.15700755
32920,0.026938384
32921,0.087037995
32922,0.23595135
32923,0.028357435
32924,0.075023815
32925,0.991587
32926,0.96351004
32927,0.64074075
32928,0.0057710605
32929,0.0094746575
32930,0.1586138
32931,0.35756892
32932,0.11242618
32933,0.06139165
32934,0.04667502
32935,0.03755843
32936,0.04895053
32937,0.015583323
32938,0.35153288
32939,0.0127892
32940,0.039825957
32941,0.08185439
32942,0.07729903
32943,0.03512516
32944,0.060073096
32945,0.25871748
32946,0.14728728
32947,0.0038613223
32948,0.13254611
32949,0.13106081
32950,0.10919069
32951,0.9916729
32952,0.78357494
32953,0.78331894
32954,0.008915634
32955,0.0015061385
32956,0.06213603
32957,0.025382947
32958,0.45869446
32959,0.08296875
32960,0.19380872
32961,0.032822914
32962,0.14863664
32963,0.006408002
32964,0.17565101
32965,0.07312769
32966,0.1517392
32967,0.19822958
32968,0.36224288
32969,0.5381034
32970,0.118517265
32971,0.10755815
32972,0.07287429
32973,0.059066355
32974,0.07573802
32975,0.050115783
32976,0.011432961
32977,0.11001389
32978,0.17889325
32979,0.04770559
32980,0.19056877
32981,0.026064664
32982,0.9793123
32983,0.98767567
32984,0.9929482
32985,0.07125157
32986,0.046716064
32987,0.14316504
32988,0.46466184
32989,0.03779031
32990,0.00702029
32991,0.011192058
32992,0.01849441
32993,0.07028997
32994,0.044635355
32995,0.25660247
32996,0.9918779
32997,0.020025242
32998,0.10729545
32999,0.06362997
33000,0.09428857
33001,0.060983777
33002,0.13389495
33003,0.24412794
33004,0.14721194
33005,0.10449548
33006,0.1607633
33007,0.062391292
33008,0.038572215
33009,0.30294302
33010,0.29834795
33011,0.20526867
33012,0.12703724
33013,0.015542744
33014,0.10175272
33015,0.0960386
33016,0.18022265
33017,0.013481952
33018,0.01850271
33019,0.005462285
33020,0.018239742
33021,0.032127336
33022,0.037564993
33023,0.16117431
33024,0.4610625
33025,0.16504219
33026,0.14826176
33027,0.089200996
33028,0.12589952
33029,0.122034386
33030,0.5516027
33031,0.0754298
33032,0.022358073
33033,0.030801874
33034,0.026893571
33035,0.13977568
33036,0.1849837
33037,0.14894195
33038,0.37260038
33039,0.25127572
33040,0.13870656
33041,0.9907217
33042,0.18113495
33043,0.16225812
33044,0.21697982
33045,0.005812672
33046,0.031082112
33047,0.37880647
33048,0.043924958
33049,0.013091033
33050,0.01617112
33051,0.03878451
33052,0.101459585
33053,0.23301604
33054,0.24770351
33055,0.2722613
33056,0.25514972
33057,0.121769056
33058,0.1380112
33059,0.25000677
33060,0.02827928
33061,0.17789555
33062,0.11244204
33063,0.021811565
33064,0.5196037
33065,0.18816073
33066,0.039552253
33067,0.5302254
33068,0.3049553
33069,0.2075259
33070,0.16402721
33071,0.11837564
33072,0.008569047
33073,0.005566341
33074,0.0017186239
33075,0.01611861
33076,0.057567734
33077,0.083221935
33078,0.06831156
33079,0.2640913
33080,0.65422493
33081,0.23329055
33082,0.16429624
33083,0.36625084
33084,0.11989293
33085,0.08724102
33086,0.06772349
33087,0.15196815
33088,0.25486726
33089,0.108821
33090,0.023541948
33091,0.08378845
33092,0.11614005
33093,0.01540032
33094,0.045723576
33095,0.059419505
33096,0.018198343
33097,0.0037275464
33098,0.09017952
33099,0.049312986
33100,0.06576626
33101,0.17628446
33102,0.11793736
33103,0.0746338
33104,0.52474916
33105,0.46686345
33106,0.24531436
33107,0.1812566
33108,0.050842542
33109,0.0027940809
33110,0.04268112
33111,0.13952568
33112,0.048015658
33113,0.9923073
33114,0.08960245
33115,0.010892713
33116,0.08024831
33117,0.07048436
33118,0.18764031
33119,0.036577202
33120,0.011022059
33121,0.01169346
33122,0.03688741
33123,0.008906195
33124,0.012482017
33125,0.019096335
33126,0.063680485
33127,0.091742024
33128,0.5898956
33129,0.2845921
33130,0.19546476
33131,0.9885623
33132,0.29657692
33133,0.30546173
33134,0.17652738
33135,0.050884634
33136,0.046671513
33137,0.046387754
33138,0.067033514
33139,0.038537927
33140,0.05467949
33141,0.02828992
33142,0.36642176
33143,0.124928616
33144,0.29213732
33145,0.020482954
33146,0.16026056
33147,0.1604943
33148,0.3053139
33149,0.19123101
33150,0.0831979
33151,0.016176054
33152,0.008194482
33153,0.09826802
33154,0.991374
33155,0.21517518
33156,0.74206585
33157,0.22945741
33158,0.2547229
33159,0.19856408
33160,0.22244385
33161,0.071483724
33162,0.01032676
33163,0.031736504
33164,0.027036447
33165,0.15593563
33166,0.10779826
33167,0.15445442
33168,0.297855
33169,0.012563875
33170,0.109990284
33171,0.2635682
33172,0.053887557
33173,0.009484488
33174,0.06898472
33175,0.21412298
33176,0.024659798
33177,0.11345093
33178,0.14282966
33179,0.07693554
33180,0.13519771
33181,0.11255193
33182,0.05049894
33183,0.0057830387
33184,0.14374466
33185,0.14758304
33186,0.04431828
33187,0.014402588
33188,0.10538568
33189,0.007458256
33190,0.092032425
33191,0.031053767
33192,0.008073006
33193,0.09715935
33194,0.029527446
33195,0.06128496
33196,0.006524737
33197,0.18588196
33198,0.31515282
33199,0.5848139
33200,0.22077692
33201,0.012511367
33202,0.01774677
33203,0.0067534037
33204,0.051119726
33205,0.07733717
33206,0.100329064
33207,0.022305513
33208,0.036841087
33209,0.08554951
33210,0.0028697182
33211,0.014089671
33212,0.0058187963
33213,0.053022176
33214,0.046988405
33215,0.37251687
33216,0.008026758
33217,0.007347378
33218,0.0053382716
33219,0.04743564
33220,0.07959621
33221,0.37423736
33222,0.19558722
33223,0.009399144
33224,0.007358211
33225,0.190636
33226,0.00985982
33227,0.06731899
33228,0.010267396
33229,0.06005202
33230,0.15502775
33231,0.047132425
33232,0.013110613
33233,0.007394655
33234,0.30147105
33235,0.15130588
33236,0.010866901
33237,0.0125130685
33238,0.11492858
33239,0.04297947
33240,0.021692427
33241,0.031889856
33242,0.041040104
33243,0.021277297
33244,0.24419919
33245,0.043085724
33246,0.0022496078
33247,0.035736553
33248,0.065704845
33249,0.06294227
33250,0.24238808
33251,0.1322417
33252,0.2845528
33253,0.14309964
33254,0.0037552055
33255,0.011838494
33256,0.040574856
33257,0.13825324
33258,0.014754666
33259,0.31476218
33260,0.121844195
33261,0.13909094
33262,0.03281809
33263,0.042750396
33264,0.062220614
33265,0.25072703
33266,0.47439504
33267,0.13383286
33268,0.10178387
33269,0.011342807
33270,0.101232745
33271,0.055656254
33272,0.09886001
33273,0.16151085
33274,0.10433785
33275,0.09306254
33276,0.9898195
33277,0.011129869
33278,0.10519482
33279,0.15351582
33280,0.077619866
33281,0.03358901
33282,0.13365571
33283,0.3685739
33284,0.07249962
33285,0.20176621
33286,0.04585442
33287,0.0038944036
33288,0.08087941
33289,0.0066612824
33290,0.064541504
33291,0.033843655
33292,0.050266456
33293,0.050887085
33294,0.07541512
33295,0.017775442
33296,0.037210293
33297,0.09559839
33298,0.01790547
33299,0.11541574
33300,0.051867593
33301,0.003154964
33302,0.08856412
33303,0.06456068
33304,0.014623213
33305,0.018543229
33306,0.06656806
33307,0.99175596
33308,0.016781548
33309,0.18118602
33310,0.06452602
33311,0.04239974
33312,0.05384024
33313,0.043369465
33314,0.002993176
33315,0.013291754
33316,0.2695623
33317,0.019454917
33318,0.0057133525
33319,0.006933591
33320,0.057459116
33321,0.25430757
33322,0.030371875
33323,0.11491356
33324,0.029741991
33325,0.019582003
33326,0.0064420975
33327,0.32342356
33328,0.018679362
33329,0.012912922
33330,0.005644124
33331,0.020922538
33332,0.040666483
33333,0.004831913
33334,0.003217329
33335,0.13965924
33336,0.058276672
33337,0.0013423729
33338,0.12688239
33339,0.16718698
33340,0.14245054
33341,0.056063898
33342,0.026463741
33343,0.028149595
33344,0.08075689
33345,0.0131469965
33346,0.06592585
33347,0.14906222
33348,0.15647182
33349,0.004899106
33350,0.0053308504
33351,0.046145987
33352,0.020335728
33353,0.007913549
33354,0.006110933
33355,0.0967634
33356,0.07537774
33357,0.11153537
33358,0.19794552
33359,0.3361506
33360,0.004984241
33361,0.0008518343
33362,0.017156139
33363,0.0036384747
33364,0.0071131876
33365,0.008136734
33366,0.004513583
33367,0.0071083484
33368,0.15618403
33369,0.047142
33370,0.03278982
33371,0.010852228
33372,0.008800599
33373,0.04679901
33374,0.010388606
33375,0.0075705415
33376,0.005099196
33377,0.17062075
33378,0.021577816
33379,0.010698121
33380,0.034964677
33381,0.002864662
33382,0.12443999
33383,0.011552353
33384,0.1171878
33385,0.0073584043
33386,0.42475137
33387,0.15759549
33388,0.062272497
33389,0.11654649
33390,0.0067927814
33391,0.08655974
33392,0.008505357
33393,0.0066955313
33394,0.19169374
33395,0.0066189044
33396,0.12080091
33397,0.18447244
33398,0.033435382
33399,0.052734435
33400,0.04458549
33401,0.013648088
33402,0.0050381906
33403,0.010399784
33404,0.049854316
33405,0.035173204
33406,0.006227722
33407,0.0064109983
33408,0.12274287
33409,0.07147461
33410,0.2569534
33411,0.0031364686
33412,0.0015737104
33413,0.01664156
33414,0.004474747
33415,0.0220672
33416,0.009040864
33417,0.02766046
33418,0.014125588
33419,0.006622985
33420,0.043738853
33421,0.29801613
33422,0.24118118
33423,0.01297119
33424,0.19483271
33425,0.008570855
33426,0.0071758614
33427,0.0387403
33428,0.0025652973
33429,0.008593925
33430,0.05669096
33431,0.025916647
33432,0.009586567
33433,0.020447113
33434,0.02716817
33435,0.051686604
33436,0.04097862
33437,0.19313374
33438,0.038824987
33439,0.08743944
33440,0.31385633
33441,0.06529899
33442,0.13437618
33443,0.039478876
33444,0.33095306
33445,0.24339347
33446,0.00347264
33447,0.2918653
33448,0.16552244
33449,0.37670442
33450,0.30227932
33451,0.119514704
33452,0.11565783
33453,0.017908169
33454,0.31994498
33455,0.91053647
33456,0.22975087
33457,0.08827352
33458,0.17662835
33459,0.40422663
33460,0.1388969
33461,0.0015732783
33462,0.029438099
33463,0.07431418
33464,0.007837513
33465,0.014398587
33466,0.12674275
33467,0.29581004
33468,0.6765822
33469,0.6760209
33470,0.05396794
33471,0.063348725
33472,0.12847492
33473,0.2938209
33474,0.086833596
33475,0.0051131966
33476,0.17350623
33477,0.09010569
33478,0.03194158
33479,0.41475457
33480,0.18755527
33481,0.2727453
33482,0.8222601
33483,0.20571427
33484,0.52622
33485,0.12894806
33486,0.35185823
33487,0.13398106
33488,0.044791292
33489,0.017204043
33490,0.19749816
33491,0.004962734
33492,0.05701344
33493,0.10682638
33494,0.27320075
33495,0.0115552675
33496,0.07396678
33497,0.16217038
33498,0.22919436
33499,0.09934672
33500,0.03072622
33501,0.024085538
33502,0.071619086
33503,0.1293445
33504,0.06148713
33505,0.04406311
33506,0.028684244
33507,0.012374889
33508,0.29355153
33509,0.17447102
33510,0.27483028
33511,0.02956652
33512,0.078195415
33513,0.0097859865
33514,0.55224764
33515,0.22197609
33516,0.12932904
33517,0.4204328
33518,0.6649233
33519,0.005859618
33520,0.10387622
33521,0.07766266
33522,0.004382608
33523,0.071858525
33524,0.012073679
33525,0.024852833
33526,0.04909606
33527,0.18244918
33528,0.08149241
33529,0.27882797
33530,0.54965836
33531,0.009247558
33532,0.06382857
33533,0.0032097236
33534,0.0044698855
33535,0.029359128
33536,0.34192267
33537,0.007478929
33538,0.18557468
33539,0.052509498
33540,0.3625603
33541,0.58850646
33542,0.21609965
33543,0.01185763
33544,0.0041044294
33545,0.05877938
33546,0.10425444
33547,0.021179294
33548,0.21364152
33549,0.21169254
33550,0.12299539
33551,0.14062133
33552,0.10603239
33553,0.048595697
33554,0.011080463
33555,0.018568728
33556,0.031100143
33557,0.11714306
33558,0.08567245
33559,0.1157472
33560,0.011860083
33561,0.0030015581
33562,0.029894063
33563,0.005595949
33564,0.0036372945
33565,0.041797597
33566,0.062009215
33567,0.009157014
33568,0.022068309
33569,0.5075897
33570,0.29845688
33571,0.056474395
33572,0.03347207
33573,0.032941155
33574,0.13107198
33575,0.09870677
33576,0.039124485
33577,0.008195577
33578,0.014741337
33579,0.0029709472
33580,0.19399087
33581,0.042068295
33582,0.042310078
33583,0.018729707
33584,0.0076931715
33585,0.07455454
33586,0.062157877
33587,0.14755106
33588,0.16051254
33589,0.17411432
33590,0.034425724
33591,0.04225541
33592,0.0018389616
33593,0.06935867
33594,0.006693563
33595,0.18913616
33596,0.03502365
33597,0.4019378
33598,0.072263405
33599,0.019504387
33600,0.12934032
33601,0.03250073
33602,0.076366775
33603,0.011358978
33604,0.006238436
33605,0.008567924
33606,0.120255396
33607,0.039492406
33608,0.037688762
33609,0.10420891
33610,0.015591344
33611,0.090550125
33612,0.08420138
33613,0.11250118
33614,0.20377374
33615,0.31711388
33616,0.06753249
33617,0.017067205
33618,0.09963488
33619,0.0016610913
33620,0.04997944
33621,0.0014006037
33622,0.12227867
33623,0.09728256
33624,0.07487956
33625,0.068323836
33626,0.14286238
33627,0.075028576
33628,0.05352209
33629,0.009850614
33630,0.027255233
33631,0.18846479
33632,0.024396684
33633,0.11626822
33634,0.084578104
33635,0.008519394
33636,0.02007382
33637,0.03971966
33638,0.11522032
33639,0.06710712
33640,0.11377084
33641,0.10111618
33642,0.1555196
33643,0.15579084
33644,0.21078932
33645,0.012712719
33646,0.093591705
33647,0.006721806
33648,0.052395992
33649,0.06706794
33650,0.08587272
33651,0.07394202
33652,0.0457715
33653,0.0847634
33654,0.02923223
33655,0.079879686
33656,0.07330301
33657,0.011323626
33658,0.031959154
33659,0.1155532
33660,0.008864026
33661,0.0634449
33662,0.20293501
33663,0.03696958
33664,0.11653378
33665,0.4176014
33666,0.092493005
33667,0.10269036
33668,0.06564514
33669,0.104024865
33670,0.080635466
33671,0.087444015
33672,0.02040955
33673,0.00797915
33674,0.009424396
33675,0.046063375
33676,0.25299916
33677,0.076721154
33678,0.06405626
33679,0.068714395
33680,0.010409975
33681,0.0016254969
33682,0.015860492
33683,0.002868466
33684,0.058845855
33685,0.44949895
33686,0.047521837
33687,0.055093028
33688,0.077331826
33689,0.76806486
33690,0.08308531
33691,0.0045603067
33692,0.1251004
33693,0.061338723
33694,0.16901949
33695,0.34576982
33696,0.023642227
33697,0.058552854
33698,0.18418077
33699,0.10166377
33700,0.21805926
33701,0.010441994
33702,0.18028127
33703,0.07127776
33704,0.030337233
33705,0.005439467
33706,0.118429184
33707,0.049036663
33708,0.0019722532
33709,0.11607089
33710,0.07544421
33711,0.24151377
33712,0.059487045
33713,0.031887673
33714,0.11070715
33715,0.1397455
33716,0.20797487
33717,0.047418553
33718,0.07541935
33719,0.0065195025
33720,0.113755226
33721,0.5579981
33722,0.0047910265
33723,0.1443086
33724,0.37507778
33725,0.15634134
33726,0.031561628
33727,0.010629191
33728,0.0014528667
33729,0.019287433
33730,0.039957803
33731,0.24010666
33732,0.18940237
33733,0.048247717
33734,0.08924486
33735,0.1747996
33736,0.17870864
33737,0.11498978
33738,0.14505681
33739,0.24122341
33740,0.086202264
33741,0.022329893
33742,0.12443278
33743,0.09120323
33744,0.3079716
33745,0.8328664
33746,0.04147941
33747,0.30033654
33748,0.008304464
33749,0.034152724
33750,0.21545677
33751,0.010195928
33752,0.0138653545
33753,0.060655393
33754,0.035742782
33755,0.0039451006
33756,0.04281661
33757,0.41729936
33758,0.017921628
33759,0.04983067
33760,0.28226537
33761,0.11849272
33762,0.2223208
33763,0.3174884
33764,0.3076715
33765,0.028756127
33766,0.18833879
33767,0.044574894
33768,0.12648693
33769,0.9756249
33770,0.40759674
33771,0.39846808
33772,0.04244078
33773,0.13893351
33774,0.07298644
33775,0.010234132
33776,0.0462852
33777,0.044755008
33778,0.030617256
33779,0.009663671
33780,0.001955803
33781,0.03317819
33782,0.07458963
33783,0.05445061
33784,0.0637451
33785,0.117132485
33786,0.084972724
33787,0.15843941
33788,0.1232329
33789,0.072951645
33790,0.27922934
33791,0.01088107
33792,0.066344716
33793,0.9913939
33794,0.9185135
33795,0.84736556
33796,0.0233741
33797,0.15361285
33798,0.3875347
33799,0.12423245
33800,0.06887971
33801,0.0062217144
33802,0.037478633
33803,0.019498218
33804,0.02837199
33805,0.005361804
33806,0.33256167
33807,0.0027268145
33808,0.028340165
33809,0.07501957
33810,0.09331271
33811,0.05353442
33812,0.05902285
33813,0.2484694
33814,0.12607436
33815,0.003436271
33816,0.067009285
33817,0.116420105
33818,0.069658674
33819,0.99160844
33820,0.7603211
33821,0.7039555
33822,0.06192736
33823,0.025013212
33824,0.48048362
33825,0.08256063
33826,0.18065885
33827,0.0051863533
33828,0.1162581
33829,0.013609735
33830,0.12837091
33831,0.09270858
33832,0.11365875
33833,0.30473676
33834,0.34709865
33835,0.4890038
33836,0.12994345
33837,0.09624683
33838,0.08236254
33839,0.026301473
33840,0.08582239
33841,0.054182835
33842,0.007481821
33843,0.024689998
33844,0.0955444
33845,0.15083453
33846,0.062282007
33847,0.20921686
33848,0.01079673
33849,0.9847599
33850,0.9875315
33851,0.99258566
33852,0.09583487
33853,0.012354752
33854,0.15787555
33855,0.49880296
33856,0.006570815
33857,0.009911853
33858,0.002958478
33859,0.074016124
33860,0.059773803
33861,0.24558981
33862,0.99088496
33863,0.040162634
33864,0.12891705
33865,0.075698555
33866,0.13253525
33867,0.052219443
33868,0.13822451
33869,0.19912878
33870,0.010485298
33871,0.046824664
33872,0.10373016
33873,0.10692231
33874,0.05553361
33875,0.055168867
33876,0.2973417
33877,0.2945206
33878,0.19324814
33879,0.09617855
33880,0.016044836
33881,0.073760614
33882,0.0657454
33883,0.18614699
33884,0.07936551
33885,0.06453626
33886,0.016894292
33887,0.0013846835
33888,0.03001735
33889,0.031373877
33890,0.17219608
33891,0.43042737
33892,0.16133125
33893,0.15532248
33894,0.102594055
33895,0.11448735
33896,0.11771033
33897,0.56698275
33898,0.046468552
33899,0.009071415
33900,0.0044579515
33901,0.04678118
33902,0.12390669
33903,0.1942931
33904,0.22651906
33905,0.412692
33906,0.2696827
33907,0.08941911
33908,0.9904181
33909,0.13560717
33910,0.011709288
33911,0.17918594
33912,0.25070488
33913,0.027590338
33914,0.030655172
33915,0.23812118
33916,0.011037616
33917,0.0031082178
33918,0.027423522
33919,0.02101079
33920,0.089990966
33921,0.2341321
33922,0.23206222
33923,0.26840073
33924,0.23921323
33925,0.117477894
33926,0.12143753
33927,0.17168796
33928,0.0015324968
33929,0.0019272929
33930,0.18534763
33931,0.06304377
33932,0.047283977
33933,0.5444315
33934,0.18377975
33935,0.010003781
33936,0.45144358
33937,0.30656677
33938,0.1737928
33939,0.09767967
33940,0.118222155
33941,0.033423882
33942,0.007457795
33943,0.0038001083
33944,0.011100765
33945,0.066295765
33946,0.062924094
33947,0.068527564
33948,0.2699048
33949,0.5763749
33950,0.26186496
33951,0.20913903
33952,0.3968828
33953,0.08804159
33954,0.07149073
33955,0.07979107
33956,0.14462374
33957,0.2755046
33958,0.076817885
33959,0.022601983
33960,0.07690202
33961,0.12295282
33962,0.042198353
33963,0.03876748
33964,0.04127578
33965,0.0047444343
33966,0.0019717298
33967,0.008741326
33968,0.04335972
33969,0.053429045
33970,0.04056372
33971,0.07269991
33972,0.19469383
33973,0.13479753
33974,0.083859816
33975,0.46680513
33976,0.44297957
33977,0.23465279
33978,0.15890737
33979,0.022857297
33980,0.017625667
33981,0.009905839
33982,0.15069461
33983,0.0061025647
33984,0.9925774
33985,0.0528439
33986,0.013892742
33987,0.0910851
33988,0.089996524
33989,0.17203262
33990,0.06866531
33991,0.016002605
33992,0.01219774
33993,0.038219284
33994,0.0020327359
33995,0.022411814
33996,0.06090774
33997,0.08974664
33998,0.59729296
33999,0.23946361
34000,0.1631879
34001,0.98835266
34002,0.28927892
34003,0.35568744
34004,0.12685587
34005,0.02762008
34006,0.048919044
34007,0.021290112
34008,0.08928964
34009,0.01793098
34010,0.0574387
34011,0.12464161
34012,0.35032672
34013,0.10260131
34014,0.24981523
34015,0.037562642
34016,0.13435319
34017,0.12325653
34018,0.22327673
34019,0.18622902
34020,0.073115416
34021,0.005250021
34022,0.027393505
34023,0.11103543
34024,0.99075395
34025,0.23007222
34026,0.79038054
34027,0.20171933
34028,0.24312122
34029,0.13031203
34030,0.23016253
34031,0.06928448
34032,0.00934991
34033,0.027085382
34034,0.008366081
34035,0.048243575
34036,0.0017704532
34037,0.123311736
34038,0.13913633
34039,0.15502998
34040,0.27972323
34041,0.007767074
34042,0.07001878
34043,0.23107307
34044,0.03217163
34045,0.009037988
34046,0.008763659
34047,0.05109806
34048,0.17579415
34049,0.007478443
34050,0.10002919
34051,0.13898174
34052,0.08361119
34053,0.14932877
34054,0.026878405
34055,0.12620303
34056,0.05023559
34057,0.03272935
34058,0.14880818
34059,0.14364117
34060,0.031246927
34061,0.0073970803
34062,0.16382141
34063,0.0017886448
34064,0.06476698
34065,0.012926176
34066,0.1105018
34067,0.008449121
34068,0.07296423
34069,0.043637913
34070,0.16947682
34071,0.24513343
34072,0.63682353
34073,0.22967048
34074,0.0093614785
34075,0.0037038866
34076,0.030414766
34077,0.017712608
34078,0.036805995
34079,0.036368795
34080,0.15880275
34081,0.0043940907
34082,0.032666616
34083,0.010929111
34084,0.077391386
34085,0.048310976
34086,0.002934736
34087,0.0046731615
34088,0.09850259
34089,0.049892407
34090,0.40304962
34091,0.013266941
34092,0.035308037
34093,0.012882409
34094,0.04830224
34095,0.08776933
34096,0.36315686
34097,0.18583915
34098,0.21015914
34099,0.010838112
34100,0.010930527
34101,0.010835754
34102,0.04953828
34103,0.19051382
34104,0.091129035
34105,0.008891949
34106,0.008767791
34107,0.012629312
34108,0.006868849
34109,0.3555388
34110,0.084308036
34111,0.0023662064
34112,0.017615471
34113,0.09852887
34114,0.022327323
34115,0.004368095
34116,0.0024817358
34117,0.021142391
34118,0.03879027
34119,0.15390816
34120,0.026953641
34121,0.040131338
34122,0.059554428
34123,0.061848868
34124,0.06132994
34125,0.23305249
34126,0.10171632
34127,0.25558716
34128,0.091316596
34129,0.0018700976
34130,0.0040097805
34131,0.07240718
34132,0.16656603
34133,0.008435369
34134,0.2739523
34135,0.19134179
34136,0.010025022
34137,0.068976946
34138,0.027037729
34139,0.018510286
34140,0.28929213
34141,0.48425826
34142,0.16671185
34143,0.14046372
34144,0.0024525924
34145,0.117248654
34146,0.032763075
34147,0.08464891
34148,0.14623982
34149,0.07855508
34150,0.10163081
34151,0.98955667
34152,0.0113206385
34153,0.047033723
34154,0.012165163
34155,0.045224495
34156,0.07681763
34157,0.016454645
34158,0.19796512
34159,0.44432297
34160,0.07940172
34161,0.19700281
34162,0.03564989
34163,0.15619735
34164,0.033463463
34165,0.05938396
34166,0.023931976
34167,0.010273233
34168,0.043963503
34169,0.056124598
34170,0.01566087
34171,0.06354906
34172,0.014117628
34173,0.02399559
34174,0.154212
34175,0.033364005
34176,0.10676485
34177,0.038350176
34178,0.007153681
34179,0.0966753
34180,0.06073282
34181,0.065227486
34182,0.99219036
34183,0.04452606
34184,0.18106769
34185,0.014943523
34186,0.011656675
34187,0.025701825
34188,0.031970054
34189,0.0020079135
34190,0.3172725
34191,0.0016674467
34192,0.006825338
34193,0.055236645
34194,0.22954786
34195,0.083308116
34196,0.09282434
34197,0.05220128
34198,0.021002699
34199,0.059582017
34200,0.29532716
34201,0.0111645525
34202,0.012970341
34203,0.005008931
34204,0.007615128
34205,0.014139377
34206,0.0050614886
34207,0.0046761287
34208,0.18713607
34209,0.017394263
34210,0.010170111
34211,0.08972857
34212,0.16144618
34213,0.16311336
34214,0.07580162
34215,0.0651985
34216,0.008447444
34217,0.0739594
34218,0.009417539
34219,0.11490889
34220,0.17434748
34221,0.18990651
34222,0.006508056
34223,0.01848491
34224,0.0046730572
34225,0.005197554
34226,0.011881223
34227,0.0084200725
34228,0.015425938
34229,0.012903991
34230,0.081810914
34231,0.037026722
34232,0.15535311
34233,0.025423234
34234,0.17333731
34235,0.34726152
34236,0.0009778152
34237,0.0036555312
34238,0.0024718577
34239,0.018300591
34240,0.006468055
34241,0.0028561866
34242,0.011797096
34243,0.008392428
34244,0.0080420775
34245,0.007084875
34246,0.09302432
34247,0.033843614
34248,0.07059868
34249,0.011510966
34250,0.05233846
34251,0.068908915
34252,0.00085012725
34253,0.0057937466
34254,0.18358965
34255,0.0048298687
34256,0.016930467
34257,0.023054443
34258,0.093422145
34259,0.035572164
34260,0.008610248
34261,0.0066115484
34262,0.4013052
34263,0.07905008
34264,0.04738503
34265,0.14629567
34266,0.007025099
34267,0.07374928
34268,0.013882505
34269,0.00649147
34270,0.13752161
34271,0.010319029
34272,0.16301958
34273,0.1986388
34274,0.015056719
34275,0.00528282
34276,0.07362919
34277,0.010728316
34278,0.0020794894
34279,0.0067839595
34280,0.018924806
34281,0.005630221
34282,0.15349999
34283,0.04752808
34284,0.006474032
34285,0.29821828
34286,0.013423307
34287,0.004066137
34288,0.0045735226
34289,0.0034623188
34290,0.025999073
34291,0.001916481
34292,0.03347695
34293,0.0012083447
34294,0.028537089
34295,0.0063911355
34296,0.0065182485
34297,0.0033063323
34298,0.32429972
34299,0.2106458
34300,0.036463924
34301,0.16983677
34302,0.0074713146
34303,0.012826398
34304,0.03141913
34305,0.042726588
34306,0.046411928
34307,0.027921159
34308,0.01007096
34309,0.027814198
34310,0.14053011
34311,0.016173054
34312,0.29152417
34313,0.04639475
34314,0.05551218
34315,0.087105945
34316,0.15604286
34317,0.30007258
34318,0.03284097
34319,0.21290576
34320,0.10938859
34321,0.3683336
34322,0.11262152
34323,0.21463673
34324,0.12313141
34325,0.0032874714
34326,0.15764111
34327,0.2485685
34328,0.85181636
34329,0.34004518
34330,0.111624144
34331,0.056181032
34332,0.41650128
34333,0.104875624
34334,0.0022332733
34335,0.05579748
34336,0.0032740652
34337,0.0047829626
34338,0.025274822
34339,0.08716331
34340,0.32551903
34341,0.5749214
34342,0.5731545
34343,0.009269906
34344,0.027228823
34345,0.1284322
34346,0.24248528
34347,0.08854199
34348,0.054350235
34349,0.18402965
34350,0.18415014
34351,0.009317447
34352,0.32341522
34353,0.21639805
34354,0.24573858
34355,0.5520795
34356,0.14175408
34357,0.04609078
34358,0.54986393
34359,0.122201696
34360,0.36225384
34361,0.07739119
34362,0.11696605
34363,0.0023775238
34364,0.22996645
34365,0.090421215
34366,0.16967925
34367,0.052298713
34368,0.031018186
34369,0.0890618
34370,0.13274646
34371,0.29475012
34372,0.060819626
34373,0.02273206
34374,0.06567009
34375,0.1266144
34376,0.05402621
34377,0.0121744955
34378,0.0031003426
34379,0.022319209
34380,0.24616969
34381,0.14142923
34382,0.28493744
34383,0.0021886346
34384,0.031081256
34385,0.03984182
34386,0.034072794
34387,0.013876542
34388,0.48544583
34389,0.18803032
34390,0.13757142
34391,0.44114465
34392,0.54268444
34393,0.11100378
34394,0.079277225
34395,0.01263843
34396,0.049503133
34397,0.024403973
34398,0.007893116
34399,0.14263538
34400,0.056564927
34401,0.054902293
34402,0.3225336
34403,0.4922958
34404,0.009002052
34405,0.011028956
34406,0.0344414
34407,0.05401534
34408,0.043595836
34409,0.3157541
34410,0.014451252
34411,0.024135774
34412,0.17792472
34413,0.020491969
34414,0.37214303
34415,0.5267402
34416,0.19322233
34417,0.011948275
34418,0.015648331
34419,0.071523204
34420,0.10971606
34421,0.22866687
34422,0.20343742
34423,0.115282156
34424,0.16230094
34425,0.104321554
34426,0.005575571
34427,0.028219258
34428,0.0979204
34429,0.00897493
34430,0.012261638
34431,0.027441869
34432,0.13396516
34433,0.09079734
34434,0.1194545
34435,0.0034875958
34436,0.032401357
34437,0.0131084975
34438,0.0042747757
34439,0.010324264
34440,0.035648875
34441,0.05109816
34442,0.040751856
34443,0.06755653
34444,0.4265181
34445,0.33562523
34446,0.06911565
34447,0.05583232
34448,0.0097062485
34449,0.17447813
34450,0.09077617
34451,0.07292609
34452,0.011080215
34453,0.053749494
34454,0.046685357
34455,0.15636775
34456,0.04382857
34457,0.021082364
34458,0.007928823
34459,0.044943415
34460,0.06679279
34461,0.13920608
34462,0.16388914
34463,0.16216531
34464,0.038372286
34465,0.07008812
34466,0.0030172355
34467,0.047868334
34468,0.042638343
34469,0.21479449
34470,0.06952349
34471,0.47122964
34472,0.11227812
34473,0.012060185
34474,0.171602
34475,0.058252893
34476,0.068654224
34477,0.032202803
34478,0.0066104755
34479,0.007918082
34480,0.10626867
34481,0.006943549
34482,0.03859147
34483,0.0039144373
34484,0.0055742553
34485,0.11318384
34486,0.07667974
34487,0.06602903
34488,0.10455041
34489,0.18993732
34490,0.31242293
34491,0.076427
34492,0.038943022
34493,0.07753647
34494,0.034303226
34495,0.029094433
34496,0.006955337
34497,0.0018432258
34498,0.16362086
34499,0.08944231
34500,0.118012704
34501,0.055199265
34502,0.12612864
34503,0.022946125
34504,0.037408844
34505,0.030356381
34506,0.0021964828
34507,0.20313445
34508,0.0040484676
34509,0.11023299
34510,0.051109016
34511,0.0018015116
34512,0.012220627
34513,0.014360599
34514,0.09131037
34515,0.04866182
34516,0.097507454
34517,0.09092874
34518,0.19512372
34519,0.18844186
34520,0.20328136
34521,0.004236902
34522,0.13309917
34523,0.011454337
34524,0.061388355
34525,0.05954395
34526,0.11795944
34527,0.055410035
34528,0.1312533
34529,0.06326511
34530,0.109913744
34531,0.08778069
34532,0.041477147
34533,0.009670226
34534,0.07623938
34535,0.004213056
34536,0.061484415
34537,0.24104324
34538,0.07402486
34539,0.10483637
34540,0.45448694
34541,0.06965549
34542,0.07733872
34543,0.025715346
34544,0.09273667
34545,0.054338492
34546,0.07940414
34547,0.04803601
34548,0.042630676
34549,0.24987309
34550,0.08435924
34551,0.0755625
34552,0.04641791
34553,0.08553469
34554,0.032036476
34555,0.0026551262
34556,0.0033878994
34557,0.062295794
34558,0.47368532
34559,0.059258424
34560,0.059503745
34561,0.058105707
34562,0.70120955
34563,0.0509422
34564,0.002678237
34565,0.09874572
34566,0.05405786
34567,0.1773776
34568,0.33426732
34569,0.05275349
34570,0.005313819
34571,0.06514132
34572,0.112303115
34573,0.1120085
34574,0.20839095
34575,0.039178614
34576,0.1446269
34577,0.08215989
34578,0.06105998
34579,0.10549792
34580,0.053072084
34581,0.021783669
34582,0.102047026
34583,0.08797899
34584,0.23123494
34585,0.060655676
34586,0.008815874
34587,0.08954566
34588,0.14790347
34589,0.19380106
34590,0.057984203
34591,0.063761875
34592,0.06929644
34593,0.011188276
34594,0.1266223
34595,0.5297545
34596,0.034201317
34597,0.116596736
34598,0.41865864
34599,0.18919495
34600,0.009085647
34601,0.0075417124
34602,0.001164137
34603,0.04547141
34604,0.054265838
34605,0.2729543
34606,0.19129361
34607,0.051643502
34608,0.087530755
34609,0.17719862
34610,0.055202227
34611,0.07999949
34612,0.16961563
34613,0.23334508
34614,0.08897955
34615,0.026605973
34616,0.1726737
34617,0.096740305
34618,0.26945743
34619,0.8435072
34620,0.042038046
34621,0.2859999
34622,0.034752764
34623,0.02823564
34624,0.22081828
34625,0.0101119615
34626,0.003202113
34627,0.06317648
34628,0.034788996
34629,0.04325809
34630,0.07957256
34631,0.40037122
34632,0.0088222055
34633,0.07305499
34634,0.27577394
34635,0.10911743
34636,0.21699396
34637,0.29110593
34638,0.24536192
34639,0.24017091
34640,0.11981718
34641,0.11959158
34642,0.9852683
34643,0.47238845
34644,0.3158404
34645,0.03632347
34646,0.1543899
34647,0.045706347
34648,0.05404427
34649,0.04890924
34650,0.025010884
34651,0.009235902
34652,0.0033371404
34653,0.0106298635
34654,0.06294145
34655,0.10521622
34656,0.07522489
34657,0.109057665
34658,0.07126318
34659,0.12963462
34660,0.14749894
34661,0.020337757
34662,0.10266362
34663,0.30831927
34664,0.0040508998
34665,0.102048896
34666,0.99187547
34667,0.94722956
34668,0.7363421
34669,0.20464182
34670,0.4630929
34671,0.16434579
34672,0.006638699
34673,0.048276626
34674,0.0059775272
34675,0.0054542013
34676,0.021944577
34677,0.039878376
34678,0.0036856346
34679,0.38729396
34680,0.00842067
34681,0.04512642
34682,0.059929084
34683,0.08951709
34684,0.0059541576
34685,0.050538994
34686,0.22525533
34687,0.09319385
34688,0.045204952
34689,0.13419609
34690,0.10952586
34691,0.11100505
34692,0.99191034
34693,0.924544
34694,0.5712088
34695,0.009492014
34696,0.010540732
34697,0.043201804
34698,0.0030222663
34699,0.008196354
34700,0.484596
34701,0.0695545
34702,0.23091921
34703,0.05219215
34704,0.17094404
34705,0.1075121
34706,0.10228598
34707,0.13836925
34708,0.52056
34709,0.3103811
34710,0.4977359
34711,0.09703697
34712,0.12099646
34713,0.080642655
34714,0.062040817
34715,0.057495076
34716,0.048399445
34717,0.0143455025
34718,0.038480736
34719,0.12042918
34720,0.14427944
34721,0.054377265
34722,0.22186847
34723,0.011705538
34724,0.98816526
34725,0.98827106
34726,0.9933286
34727,0.07343778
34728,0.043240078
34729,0.15569043
34730,0.010210677
34731,0.4567706
34732,0.0024846296
34733,0.0023387813
34734,0.003510921
34735,0.033926822
34736,0.0716739
34737,0.04122555
34738,0.21130681
34739,0.99132186
34740,0.059933133
34741,0.07532559
34742,0.04809313
34743,0.12951796
34744,0.03794319
34745,0.18362479
34746,0.1098363
34747,0.0377134
34748,0.115039505
34749,0.08564034
34750,0.08850517
34751,0.019432034
34752,0.35083646
34753,0.26098293
34754,0.1462362
34755,0.058391444
34756,0.016746514
34757,0.0853499
34758,0.06602271
34759,0.21171387
34760,0.068469204
34761,0.055231046
34762,0.016068522
34763,0.0021494448
34764,0.030201938
34765,0.0071628653
34766,0.17114902
34767,0.40399617
34768,0.14967461
34769,0.17187998
34770,0.08213025
34771,0.1660125
34772,0.14406914
34773,0.5248922
34774,0.036598317
34775,0.03718606
34776,0.05618306
34777,0.015197227
34778,0.14229478
34779,0.18297897
34780,0.28305247
34781,0.4335227
34782,0.23576292
34783,0.08995591
34784,0.9904586
34785,0.16917498
34786,0.011125344
34787,0.17361614
34788,0.22337861
34789,0.050065644
34790,0.06311093
34791,0.28494948
34792,0.028860813
34793,0.006243547
34794,0.0049974862
34795,0.03751723
34796,0.08737609
34797,0.21714115
34798,0.21853963
34799,0.24731915
34800,0.18320593
34801,0.109391704
34802,0.15385965
34803,0.23017693
34804,0.0020041636
34805,0.20478201
34806,0.12003106
34807,0.093537405
34808,0.43310937
34809,0.28470474
34810,0.04985256
34811,0.43248954
34812,0.39119256
34813,0.006628976
34814,0.15265872
34815,0.12087468
34816,0.14230004
34817,0.029369002
34818,0.008464
34819,0.0015258676
34820,0.0096526
34821,0.0019376095
34822,0.059413888
34823,0.08581157
34824,0.056592334
34825,0.100341044
34826,0.2780055
34827,0.64178073
34828,0.31646073
34829,0.21212769
34830,0.36675015
34831,0.09298448
34832,0.0040739197
34833,0.051115822
34834,0.05432988
34835,0.15491267
34836,0.2782261
34837,0.073379815
34838,0.005571788
34839,0.065932594
34840,0.09776032
34841,0.04513294
34842,0.021467542
34843,0.05111556
34844,0.02204069
34845,0.036124453
34846,0.06505052
34847,0.08550771
34848,0.2022117
34849,0.13428049
34850,0.08252291
34851,0.47827157
34852,0.46558666
34853,0.2177734
34854,0.15317395
34855,0.06872387
34856,0.051968627
34857,0.0047873273
34858,0.17407402
34859,0.010798372
34860,0.99257195
34861,0.10082803
34862,0.026771301
34863,0.09767033
34864,0.119761266
34865,0.13207753
34866,0.071696915
34867,0.054494392
34868,0.012404403
34869,0.06886741
34870,0.032195777
34871,0.07649156
34872,0.042218477
34873,0.5641402
34874,0.2265048
34875,0.2040685
34876,0.9883522
34877,0.26722062
34878,0.35717073
34879,0.1473221
34880,0.005871389
34881,0.0024638386
34882,0.003209243
34883,0.07606671
34884,0.059585392
34885,0.03651935
34886,0.05824814
34887,0.43504095
34888,0.086586
34889,0.26424104
34890,0.05851804
34891,0.11872207
34892,0.11873057
34893,0.23902377
34894,0.1968945
34895,0.00902053
34896,0.0031494864
34897,0.028821912
34898,0.10674627
34899,0.9911822
34900,0.22730489
34901,0.7844168
34902,0.26948637
34903,0.22604248
34904,0.13054371
34905,0.22550142
34906,0.001572704
34907,0.016845366
34908,0.018249674
34909,0.004677956
34910,0.026525613
34911,0.14747
34912,0.116621375
34913,0.11092217
34914,0.284639
34915,0.0062242476
34916,0.02303813
34917,0.28999528
34918,0.0044856323
34919,0.007862274
34920,0.06300585
34921,0.19369759
34922,0.007833553
34923,0.12055296
34924,0.10478201
34925,0.10719874
34926,0.17656994
34927,0.042069834
34928,0.13217399
34929,0.0867978
34930,0.025366988
34931,0.1513693
34932,0.115445755
34933,0.03975368
34934,0.0016874488
34935,0.16836452
34936,0.0068762945
34937,0.14175892
34938,0.060630582
34939,0.044014983
34940,0.087658264
34941,0.010237964
34942,0.010738875
34943,0.0042684176
34944,0.15662141
34945,0.25001132
34946,0.81102324
34947,0.20007873
34948,0.0027120167
34949,0.013123462
34950,0.016868195
34951,0.014754039
34952,0.04704798
34953,0.051186036
34954,0.1651471
34955,0.010651035
34956,0.023843324
34957,0.0031734216
34958,0.052142072
34959,0.05125313
34960,0.0028002001
34961,0.017267909
34962,0.0056741335
34963,0.09978427
34964,0.051581867
34965,0.3325386
34966,0.012322311
34967,0.014903384
34968,0.017078089
34969,0.056028675
34970,0.10065997
34971,0.3762111
34972,0.20514572
34973,0.23932162
34974,0.026407495
34975,0.07044165
34976,0.16711026
34977,0.04184436
34978,0.008337993
34979,0.012466261
34980,0.37566313
34981,0.055789668
34982,0.013057682
34983,0.010689936
34984,0.02317836
34985,0.12894645
34986,0.018718299
34987,0.028992629
34988,0.0021746315
34989,0.0043307794
34990,0.06819667
34991,0.16174176
34992,0.010246779
34993,0.0054113986
34994,0.07284113
34995,0.071576536
34996,0.028493937
34997,0.071072966
34998,0.18613413
34999,0.08105266
35000,0.21159711
35001,0.057920504
35002,0.0051859356
35003,0.015857166
35004,0.04373218
35005,0.10220478
35006,0.0034054
35007,0.28980803
35008,0.010734087
35009,0.22096007
35010,0.002871268
35011,0.032896563
35012,0.02935971
35013,0.2680523
35014,0.421413
35015,0.13583294
35016,0.13464022
35017,0.0057655526
35018,0.17644551
35019,0.03259278
35020,0.06227375
35021,0.10791005
35022,0.14559825
35023,0.1537796
35024,0.9895212
35025,0.010549828
35026,0.08712612
35027,0.061387025
35028,0.06658741
35029,0.035406116
35030,0.25459743
35031,0.52594316
35032,0.084790595
35033,0.18210466
35034,0.008796612
35035,0.16064054
35036,0.015626047
35037,0.0759506
35038,0.0045941016
35039,0.0052647428
35040,0.034533024
35041,0.06391373
35042,0.0062261173
35043,0.039202698
35044,0.08690006
35045,0.02398515
35046,0.19688414
35047,0.081209466
35048,0.0028505807
35049,0.013553729
35050,0.118291296
35051,0.12383716
35052,0.09423758
35053,0.9920994
35054,0.063275054
35055,0.19833417
35056,0.039615117
35057,0.025462901
35058,0.025376746
35059,0.008547905
35060,0.0019381086
35061,0.0073502227
35062,0.3828177
35063,0.0022178472
35064,0.0067638955
35065,0.00091350183
35066,0.013462549
35067,0.04221703
35068,0.17519765
35069,0.076643415
35070,0.15877429
35071,0.039751682
35072,0.020816984
35073,0.051503785
35074,0.35668117
35075,0.0065709525
35076,0.006766285
35077,0.005812223
35078,0.0016481464
35079,0.014159192
35080,0.0052522533
35081,0.0020760293
35082,0.20439765
35083,0.029629057
35084,0.05213496
35085,0.11505042
35086,0.1386706
35087,0.14667474
35088,0.11717616
35089,0.07386021
35090,0.010579931
35091,0.107118025
35092,0.044342995
35093,0.14499745
35094,0.16210318
35095,0.15054162
35096,0.011590004
35097,0.0010690668
35098,0.007759575
35099,0.014536543
35100,0.0064578266
35101,0.0041287197
35102,0.04210869
35103,0.0067941276
35104,0.005094032
35105,0.019370234
35106,0.09269176
35107,0.049886547
35108,0.15431198
35109,0.0073019764
35110,0.2488364
35111,0.0057284543
35112,0.35780078
35113,0.0067613884
35114,0.010025814
35115,0.013945127
35116,0.00680594
35117,0.0044308356
35118,0.00653897
35119,0.016915014
35120,0.01043423
35121,0.0075053247
35122,0.0013346147
35123,0.10763858
35124,0.025111392
35125,0.06234734
35126,0.011094421
35127,0.009355806
35128,0.044086676
35129,0.006295518
35130,0.003187859
35131,0.17862818
35132,0.008620692
35133,0.016727343
35134,0.0007318117
35135,0.007858114
35136,0.083381295
35137,0.11518761
35138,0.001457847
35139,0.008726257
35140,0.007493896
35141,0.39701283
35142,0.08460976
35143,0.058284163
35144,0.1531202
35145,0.04894442
35146,0.02091199
35147,0.11391755
35148,0.005927315
35149,0.14955011
35150,0.14496806
35151,0.0017183323
35152,0.0120301265
35153,0.094299875
35154,0.06265292
35155,0.0073193787
35156,0.007091065
35157,0.16106822
35158,0.07891909
35159,0.3374995
35160,0.0036613015
35161,0.01661835
35162,0.006609273
35163,0.02299889
35164,0.0062420643
35165,0.0029740166
35166,0.019382114
35167,0.08836783
35168,0.010043877
35169,0.047296815
35170,0.32076892
35171,0.23748009
35172,0.06185896
35173,0.18919274
35174,0.007813986
35175,0.007951495
35176,0.035293125
35177,0.10797588
35178,0.10911479
35179,0.036701996
35180,0.023303965
35181,0.037191473
35182,0.03384953
35183,0.11750259
35184,0.15479851
35185,0.035552457
35186,0.019887924
35187,0.341658
35188,0.029921556
35189,0.16579142
35190,0.047349192
35191,0.1792938
35192,0.1871624
35193,0.117839694
35194,0.0077826516
35195,0.009161648
35196,0.17879851
35197,0.13457854
35198,0.3846902
35199,0.11900244
35200,0.30414605
35201,0.16654627
35202,0.18857187
35203,0.011821717
35204,0.007589425
35205,0.2642747
35206,0.028435329
35207,0.79248303
35208,0.3100118
35209,0.03504574
35210,0.38186017
35211,0.0814922
35212,0.012275292
35213,0.06656692
35214,0.006487473
35215,0.013870807
35216,0.003061213
35217,0.0901209
35218,0.3669268
35219,0.5424817
35220,0.4998797
35221,0.036138564
35222,0.049931012
35223,0.018121649
35224,0.1369832
35225,0.22954127
35226,0.0072061047
35227,0.007674021
35228,0.065251514
35229,0.061606675
35230,0.13563295
35231,0.23668334
35232,0.005948578
35233,0.33839744
35234,0.19496523
35235,0.2347816
35236,0.6462228
35237,0.13137373
35238,0.44916677
35239,0.017183945
35240,0.0992898
35241,0.38595548
35242,0.059181113
35243,0.10221382
35244,0.0022245976
35245,0.19798236
35246,0.04240039
35247,0.10214772
35248,0.17092486
35249,0.04023626
35250,0.040445156
35251,0.13776565
35252,0.2788375
35253,0.0490892
35254,0.06924712
35255,0.072270446
35256,0.10406707
35257,0.0038648583
35258,0.008024635
35259,0.08427041
35260,0.13566327
35261,0.061997056
35262,0.17922585
35263,0.006302108
35264,0.04691391
35265,0.079598404
35266,0.02597258
35267,0.010360391
35268,0.050367348
35269,0.41416377
35270,0.15131532
35271,0.15151754
35272,0.43315515
35273,0.5117758
35274,0.1169881
35275,0.12934677
35276,0.0543842
35277,0.063313104
35278,0.08897877
35279,0.16114438
35280,0.02348615
35281,0.25925383
35282,0.41904044
35283,0.0065047992
35284,0.057884365
35285,0.04312282
35286,0.05158679
35287,0.3145464
35288,0.00247751
35289,0.046219837
35290,0.16500959
35291,0.29482538
35292,0.50516987
35293,0.20732522
35294,0.040929396
35295,0.013956127
35296,0.0634935
35297,0.13659611
35298,0.008653267
35299,0.043421596
35300,0.012607329
35301,0.18213035
35302,0.19809552
35303,0.11302854
35304,0.14388165
35305,0.090072475
35306,0.06006729
35307,0.020140978
35308,0.04658753
35309,0.027019013
35310,0.15015721
35311,0.052248962
35312,0.0675212
35313,0.010477128
35314,0.0060645975
35315,0.05209331
35316,0.01364776
35317,0.0062562115
35318,0.029961038
35319,0.05545319
35320,0.029881218
35321,0.11552962
35322,0.4603247
35323,0.34513816
35324,0.072734736
35325,0.025878176
35326,0.016182005
35327,0.16913854
35328,0.0902563
35329,0.01663079
35330,0.085872844
35331,0.0038844205
35332,0.08068623
35333,0.19329719
35334,0.029628161
35335,0.007011076
35336,0.027273506
35337,0.05874293
35338,0.05403032
35339,0.18177368
35340,0.14567803
35341,0.18484612
35342,0.041315805
35343,0.03097474
35344,0.0100941565
35345,0.033866208
35346,0.028731953
35347,0.011377553
35348,0.20864603
35349,0.07220175
35350,0.40329328
35351,0.11179499
35352,0.014186369
35353,0.13132174
35354,0.03227032
35355,0.07483299
35356,0.019961307
35357,0.006194194
35358,0.11401119
35359,0.048760302
35360,0.015757103
35361,0.082810536
35362,0.02373157
35363,0.0785109
35364,0.062296607
35365,0.08765788
35366,0.18861292
35367,0.27566105
35368,0.05879299
35369,0.008047441
35370,0.1035219
35371,0.03297081
35372,0.062251665
35373,0.13540706
35374,0.15108007
35375,0.124168776
35376,0.005581261
35377,0.11782326
35378,0.0055879746
35379,0.005264045
35380,0.010166831
35381,0.007988041
35382,0.22916731
35383,0.007639639
35384,0.021174092
35385,0.08518594
35386,0.07252066
35387,0.015546891
35388,0.0053163865
35389,0.07663785
35390,0.058347993
35391,0.11784153
35392,0.08917237
35393,0.19061905
35394,0.18095548
35395,0.21447024
35396,0.014367226
35397,0.10974244
35398,0.03839753
35399,0.069276296
35400,0.097771145
35401,0.046470594
35402,0.0064302296
35403,0.14481714
35404,0.03444191
35405,0.12730429
35406,0.0039029769
35407,0.06832024
35408,0.0075319223
35409,0.0023533718
35410,0.013916425
35411,0.101280645
35412,0.013738048
35413,0.031265676
35414,0.21956392
35415,0.048761528
35416,0.11034943
35417,0.43909502
35418,0.06750115
35419,0.081828564
35420,0.055720113
35421,0.13310115
35422,0.060863804
35423,0.085545115
35424,0.052823294
35425,0.21490207
35426,0.12110911
35427,0.064001806
35428,0.039644945
35429,0.06471391
35430,0.014156893
35431,0.04389532
35432,0.02118579
35433,0.015761826
35434,0.038054056
35435,0.48618412
35436,0.05192142
35437,0.05304452
35438,0.07029699
35439,0.6838109
35440,0.116389774
35441,0.0052360855
35442,0.1289193
35443,0.05234353
35444,0.20491752
35445,0.32138976
35446,0.061167616
35447,0.07141642
35448,0.15451798
35449,0.072605245
35450,0.16780928
35451,0.028595185
35452,0.18830828
35453,0.038028374
35454,0.06828757
35455,0.0021429644
35456,0.00523062
35457,0.10661639
35458,0.027387116
35459,0.026841145
35460,0.08718477
35461,0.082379505
35462,0.22773783
35463,0.04298666
35464,0.011777515
35465,0.087896965
35466,0.131484
35467,0.19120784
35468,0.067551814
35469,0.0681992
35470,0.06442822
35471,0.07041214
35472,0.5714745
35473,0.0027637216
35474,0.13369033
35475,0.37939337
35476,0.16462426
35477,0.009201026
35478,0.015386233
35479,0.011234376
35480,0.030295914
35481,0.054493077
35482,0.2749932
35483,0.19193271
35484,0.058476113
35485,0.083248734
35486,0.10400505
35487,0.1445879
35488,0.117132686
35489,0.17351767
35490,0.24647634
35491,0.098584935
35492,0.0048531853
35493,0.03838431
35494,0.05894841
35495,0.15200683
35496,0.10462014
35497,0.3399877
35498,0.88712996
35499,0.05030941
35500,0.28613812
35501,0.0025488667
35502,0.018925894
35503,0.22299604
35504,0.051989116
35505,0.030030036
35506,0.0125808
35507,0.08376078
35508,0.008044382
35509,0.41785535
35510,0.016485754
35511,0.07153678
35512,0.26968908
35513,0.13454108
35514,0.25850233
35515,0.2581187
35516,0.2658872
35517,0.01625344
35518,0.2387264
35519,0.1825712
35520,0.10768257
35521,0.98685646
35522,0.45605883
35523,0.3359073
35524,0.006966529
35525,0.12573871
35526,0.08863824
35527,0.081484534
35528,0.027848179
35529,0.009264097
35530,0.007047714
35531,0.053134613
35532,0.008910946
35533,0.00683683
35534,0.00743237
35535,0.05784329
35536,0.105112575
35537,0.08879547
35538,0.08695811
35539,0.07227155
35540,0.17332663
35541,0.12487725
35542,0.0016592931
35543,0.1410792
35544,0.28356725
35545,0.00097023125
35546,0.09882935
35547,0.9915563
35548,0.9798153
35549,0.73871154
35550,0.006168963
35551,0.0414586
35552,0.04665346
35553,0.15838243
35554,0.4381163
35555,0.10804005
35556,0.014675704
35557,0.03248983
35558,0.01075471
35559,0.033702116
35560,0.05805389
35561,0.0021646405
35562,0.3240802
35563,0.007575161
35564,0.01319055
35565,0.068972245
35566,0.06547691
35567,0.0328007
35568,0.016954744
35569,0.22788891
35570,0.10044299
35571,0.018991496
35572,0.20767844
35573,0.14483286
35574,0.100846924
35575,0.99156654
35576,0.9637736
35577,0.6432191
35578,0.009296591
35579,0.07038523
35580,0.021926431
35581,0.0034608045
35582,0.47878128
35583,0.049179967
35584,0.23070082
35585,0.06495666
35586,0.15942897
35587,0.004348039
35588,0.06711552
35589,0.081336625
35590,0.12773924
35591,0.56354326
35592,0.29458213
35593,0.5122696
35594,0.08892237
35595,0.11069399
35596,0.06334986
35597,0.06735551
35598,0.04892956
35599,0.05164373
35600,0.0047836863
35601,0.0050072214
35602,0.11696155
35603,0.21658838
35604,0.06868857
35605,0.18586224
35606,0.007425887
35607,0.9847002
35608,0.9875663
35609,0.9928956
35610,0.070304535
35611,0.069438264
35612,0.12891416
35613,0.40908575
35614,0.026796784
35615,0.008940969
35616,0.0027744104
35617,0.0040447614
35618,0.009296214
35619,0.050245218
35620,0.05506015
35621,0.1995656
35622,0.9919888
35623,0.044098776
35624,0.07031272
35625,0.077422895
35626,0.09066042
35627,0.03985199
35628,0.16837072
35629,0.11072974
35630,0.044266824
35631,0.09587264
35632,0.12183505
35633,0.12707575
35634,0.045970228
35635,0.0029816132
35636,0.34932977
35637,0.29946584
35638,0.21831632
35639,0.06356463
35640,0.07625747
35641,0.19226222
35642,0.007892888
35643,0.024133125
35644,0.0060061878
35645,0.0037992292
35646,0.0588175
35647,0.04194941
35648,0.17140892
35649,0.39111212
35650,0.13200966
35651,0.14544836
35652,0.12552264
35653,0.12916711
35654,0.123145245
35655,0.5040715
35656,0.031144574
35657,0.102169655
35658,0.03175188
35659,0.048429146
35660,0.16042133
35661,0.22196636
35662,0.28227058
35663,0.46370912
35664,0.27821785
35665,0.07098086
35666,0.99031484
35667,0.17651133
35668,0.0127117485
35669,0.123202205
35670,0.23088667
35671,0.04298802
35672,0.03911173
35673,0.28705317
35674,0.007634985
35675,0.0073017525
35676,0.033389065
35677,0.022116419
35678,0.102079585
35679,0.24224345
35680,0.21120283
35681,0.25041768
35682,0.17499067
35683,0.1365005
35684,0.14737074
35685,0.29318786
35686,0.01926256
35687,0.20253742
35688,0.10070839
35689,0.059218764
35690,0.5524665
35691,0.26487702
35692,0.029009739
35693,0.43785125
35694,0.37674296
35695,0.0065451353
35696,0.12308471
35697,0.099646114
35698,0.08408619
35699,0.045117963
35700,0.005734748
35701,0.0076288856
35702,0.026101544
35703,0.07162606
35704,0.0715076
35705,0.08624659
35706,0.25332218
35707,0.61632216
35708,0.2797573
35709,0.18198821
35710,0.35552043
35711,0.08592476
35712,0.07214177
35713,0.036320757
35714,0.13248573
35715,0.29474902
35716,0.07326106
35717,0.024559632
35718,0.08651747
35719,0.09706724
35720,0.0035453178
35721,0.06186139
35722,0.010494112
35723,0.023787817
35724,0.0046073585
35725,0.0150831025
35726,0.010918866
35727,0.019402692
35728,0.043576624
35729,0.04951013
35730,0.04371976
35731,0.18600206
35732,0.14887482
35733,0.11060574
35734,0.5575377
35735,0.43403926
35736,0.20761855
35737,0.17145625
35738,0.037704654
35739,0.030875688
35740,0.035526056
35741,0.19087423
35742,0.018824702
35743,0.022123523
35744,0.99283665
35745,0.09553779
35746,0.017280238
35747,0.059930224
35748,0.14558414
35749,0.1782864
35750,0.05749347
35751,0.0665266
35752,0.012689827
35753,0.0445577
35754,0.027488614
35755,0.07328685
35756,0.067898296
35757,0.58205616
35758,0.25765055
35759,0.21285662
35760,0.9887837
35761,0.2784707
35762,0.36028868
35763,0.18852505
35764,0.020154627
35765,0.0077326363
35766,0.012775689
35767,0.122293726
35768,0.08690127
35769,0.08604072
35770,0.06904573
35771,0.34841353
35772,0.100323305
35773,0.3068074
35774,0.04510219
35775,0.11874871
35776,0.12197138
35777,0.18568261
35778,0.2186276
35779,0.03960041
35780,0.0068272566
35781,0.005154828
35782,0.01275156
35783,0.019216895
35784,0.11338173
35785,0.9907497
35786,0.22264862
35787,0.69448936
35788,0.24084504
35789,0.22385745
35790,0.13321339
35791,0.260094
35792,0.045287922
35793,0.012841245
35794,0.014086421
35795,0.049086113
35796,0.027504366
35797,0.11065904
35798,0.06090831
35799,0.10268124
35800,0.2987482
35801,0.009014173
35802,0.07956053
35803,0.3816944
35804,0.013540218
35805,0.004163453
35806,0.062763065
35807,0.19222727
35808,0.014797514
35809,0.12005715
35810,0.1256613
35811,0.10272376
35812,0.17689459
35813,0.022446636
35814,0.118750826
35815,0.11332244
35816,0.03705237
35817,0.12571895
35818,0.006918466
35819,0.16452603
35820,0.019289058
35821,0.009608773
35822,0.17377466
35823,0.0064654187
35824,0.037888475
35825,0.15583631
35826,0.04904763
35827,0.095027536
35828,0.046004746
35829,0.05201807
35830,0.0046928036
35831,0.15312079
35832,0.28343344
35833,0.7766325
35834,0.21113937
35835,0.035489447
35836,0.012551874
35837,0.013412912
35838,0.019750688
35839,0.028621664
35840,0.046401694
35841,0.05914163
35842,0.16897754
35843,0.013833841
35844,0.020907767
35845,0.066412255
35846,0.04481215
35847,0.0013883576
35848,0.082929
35849,0.056120157
35850,0.32882464
35851,0.008094817
35852,0.009102987
35853,0.0646257
35854,0.08946065
35855,0.39129204
35856,0.22513516
35857,0.06259425
35858,0.043478034
35859,0.23180032
35860,0.05715089
35861,0.059440035
35862,0.15195861
35863,0.105170414
35864,0.008063158
35865,0.017248198
35866,0.0073086424
35867,0.34553218
35868,0.007050728
35869,0.008768326
35870,0.030103017
35871,0.09470771
35872,0.009640118
35873,0.008474195
35874,0.012573528
35875,0.026679134
35876,0.040677473
35877,0.18391117
35878,0.008830327
35879,0.05351324
35880,0.10493424
35881,0.016156757
35882,0.10551789
35883,0.16134933
35884,0.047678936
35885,0.21520796
35886,0.066062644
35887,0.01603934
35888,0.009995935
35889,0.056508817
35890,0.11517606
35891,0.031048244
35892,0.25477463
35893,0.31673083
35894,0.0080089625
35895,0.06368426
35896,0.040850654
35897,0.0033660599
35898,0.23975544
35899,0.42839795
35900,0.12183157
35901,0.12990734
35902,0.1366886
35903,0.05745815
35904,0.11008467
35905,0.16581866
35906,0.07938085
35907,0.1189063
35908,0.9897107
35909,0.104731485
35910,0.07398851
35911,0.054970443
35912,0.041262448
35913,0.21709895
35914,0.43436822
35915,0.06046629
35916,0.19310579
35917,0.0153318215
35918,0.18763442
35919,0.005386385
35920,0.0726663
35921,0.010457741
35922,0.013266009
35923,0.07562377
35924,0.07259152
35925,0.02692098
35926,0.13828348
35927,0.0021794254
35928,0.037265882
35929,0.2130014
35930,0.035102345
35931,0.061587907
35932,0.004696681
35933,0.017565327
35934,0.13291696
35935,0.17181183
35936,0.99226844
35937,0.07783287
35938,0.16946976
35939,0.07611938
35940,0.036371082
35941,0.043117713
35942,0.015923528
35943,0.0035938632
35944,0.36098063
35945,0.0017306174
35946,0.0054113534
35947,0.0068570985
35948,0.036299817
35949,0.009782648
35950,0.08805902
35951,0.15629287
35952,0.07465652
35953,0.12755992
35954,0.04447391
35955,0.018517544
35956,0.006183587
35957,0.0551546
35958,0.30179563
35959,0.028684463
35960,0.0056520356
35961,0.006674322
35962,0.032165956
35963,0.009802218
35964,0.013931142
35965,0.20522277
35966,0.06047388
35967,0.00783195
35968,0.0103720445
35969,0.11188803
35970,0.14191826
35971,0.17995684
35972,0.08753612
35973,0.0404888
35974,0.0044716494
35975,0.09854323
35976,0.031782337
35977,0.104740754
35978,0.17263322
35979,0.20444827
35980,0.0044789175
35981,0.0063324436
35982,0.007592549
35983,0.0073500336
35984,0.013630155
35985,0.010082906
35986,0.008805138
35987,0.0053494847
35988,0.016472492
35989,0.007216759
35990,0.06407219
35991,0.02150854
35992,0.07110826
35993,0.13847195
35994,0.254333
35995,0.006446277
35996,0.3319301
35997,0.013382444
35998,0.0072741723
35999,0.010342653
36000,0.020846624
36001,0.008536424
36002,0.0035681606
36003,0.001305591
36004,0.008430101
36005,0.074892744
36006,0.020529283
36007,0.11773817
36008,0.042889364
36009,0.010201959
36010,0.0060803033
36011,0.016915606
36012,0.15599762
36013,0.008124624
36014,0.05888033
36015,0.0056394166
36016,0.024047494
36017,0.04657387
36018,0.103427365
36019,0.008007377
36020,0.38785425
36021,0.113325074
36022,0.11665113
36023,0.10998748
36024,0.0073393784
36025,0.08060229
36026,0.02579834
36027,0.09879968
36028,0.018152999
36029,0.14198564
36030,0.15418404
36031,0.011172541
36032,0.009128315
36033,0.082922675
36034,0.060061432
36035,0.016985562
36036,0.03375223
36037,0.15354362
36038,0.08091369
36039,0.30333942
36040,0.019423857
36041,0.017190212
36042,0.0032582716
36043,0.007406152
36044,0.024233675
36045,0.0042455317
36046,0.030729705
36047,0.0058955913
36048,0.023722421
36049,0.3099404
36050,0.2585209
36051,0.050189983
36052,0.14849757
36053,0.01264358
36054,0.07019991
36055,0.06183654
36056,0.04542483
36057,0.0473431
36058,0.07121931
36059,0.025087764
36060,0.12917913
36061,0.016443241
36062,0.050554387
36063,0.059425496
36064,0.059045196
36065,0.32042688
36066,0.051882498
36067,0.07367803
36068,0.07623322
36069,0.20424303
36070,0.17595954
36071,0.006851784
36072,0.004940793
36073,0.01899182
36074,0.1982874
36075,0.0972774
36076,0.38778955
36077,0.1109159
36078,0.1332635
36079,0.12913176
36080,0.2678517
36081,0.0077597
36082,0.16308197
36083,0.8881915
36084,0.28020832
36085,0.07278193
36086,0.042474948
36087,0.34025636
36088,0.051354628
36089,0.01770788
36090,0.09189659
36091,0.025048766
36092,0.010919772
36093,0.08873296
36094,0.25371978
36095,0.5902148
36096,0.52043915
36097,0.0789873
36098,0.13405684
36099,0.14763768
36100,0.1630014
36101,0.02112079
36102,0.07617754
36103,0.051986743
36104,0.101770476
36105,0.1285927
36106,0.36716425
36107,0.124799944
36108,0.09112149
36109,0.57920057
36110,0.12841804
36111,0.025204971
36112,0.39519864
36113,0.017936414
36114,0.10388954
36115,0.29842857
36116,0.0471294
36117,0.106393196
36118,0.048215136
36119,0.1446587
36120,0.11843605
36121,0.1204641
36122,0.17793807
36123,0.033679243
36124,0.053098477
36125,0.18201439
36126,0.2971483
36127,0.074766956
36128,0.013480179
36129,0.06688954
36130,0.08948673
36131,0.12717022
36132,0.06426492
36133,0.08077261
36134,0.038951673
36135,0.30923858
36136,0.07618881
36137,0.14933847
36138,0.10672202
36139,0.091813594
36140,0.011786154
36141,0.42699638
36142,0.16445537
36143,0.10802277
36144,0.32048175
36145,0.4189226
36146,0.10687846
36147,0.08550275
36148,0.011757707
36149,0.049859963
36150,0.08595134
36151,0.097348444
36152,0.056020398
36153,0.038937245
36154,0.32064867
36155,0.45731306
36156,0.044838745
36157,0.10567417
36158,0.008634127
36159,0.0069444277
36160,0.05375225
36161,0.34121227
36162,0.016954232
36163,0.001972456
36164,0.009032378
36165,0.0821012
36166,0.010287354
36167,0.31395006
36168,0.5126769
36169,0.15159479
36170,0.01706877
36171,0.046621654
36172,0.10028104
36173,0.14918864
36174,0.013096234
36175,0.03989663
36176,0.0026463636
36177,0.1729832
36178,0.21758826
36179,0.15043055
36180,0.1573306
36181,0.06973718
36182,0.076433994
36183,0.021658005
36184,0.037992388
36185,0.020407682
36186,0.15172532
36187,0.06954652
36188,0.11137606
36189,0.011422214
36190,0.01854647
36191,0.031223223
36192,0.007785356
36193,0.009925802
36194,0.021270325
36195,0.042746224
36196,0.020207262
36197,0.07598844
36198,0.48465666
36199,0.3705506
36200,0.03427292
36201,0.053320266
36202,0.0075767725
36203,0.1722265
36204,0.12392515
36205,0.015161393
36206,0.1338011
36207,0.010751197
36208,0.06734127
36209,0.2641726
36210,0.0046845004
36211,0.038660385
36212,0.002939225
36213,0.017582033
36214,0.066048406
36215,0.20044057
36216,0.13848658
36217,0.16732702
36218,0.061257802
36219,0.052444838
36220,0.0041587967
36221,0.021838868
36222,0.04063916
36223,0.24581948
36224,0.10676305
36225,0.37188002
36226,0.098773845
36227,0.09986375
36228,0.022270087
36229,0.0516944
36230,0.063474536
36231,0.05081134
36232,0.014063592
36233,0.08190394
36234,0.025591403
36235,0.079542354
36236,0.08551864
36237,0.08285995
36238,0.1375333
36239,0.29866466
36240,0.041811682
36241,0.005189867
36242,0.061657332
36243,0.0029901285
36244,0.0135591645
36245,0.09491468
36246,0.06105112
36247,0.08490081
36248,0.042622324
36249,0.1285665
36250,0.022122828
36251,0.0087909205
36252,0.0017149013
36253,0.24636579
36254,0.010635953
36255,0.017856354
36256,0.09167261
36257,0.05505244
36258,0.01078545
36259,0.010483963
36260,0.07210289
36261,0.085165635
36262,0.07732722
36263,0.10024993
36264,0.2187345
36265,0.17750755
36266,0.18703385
36267,0.015181917
36268,0.09495784
36269,0.04900461
36270,0.08068723
36271,0.10832237
36272,0.007927682
36273,0.0140692545
36274,0.074743055
36275,0.14045073
36276,0.005066388
36277,0.075831726
36278,0.037036195
36279,0.095345
36280,0.01450506
36281,0.05472272
36282,0.21667933
36283,0.055116374
36284,0.12584779
36285,0.48270097
36286,0.07907725
36287,0.092181265
36288,0.050658517
36289,0.06930327
36290,0.05082212
36291,0.08674971
36292,0.07566055
36293,0.009050441
36294,0.059643526
36295,0.22470799
36296,0.108702734
36297,0.06612006
36298,0.0037686948
36299,0.041742973
36300,0.009411768
36301,0.0029284544
36302,0.0015890605
36303,0.048717607
36304,0.4395604
36305,0.046057966
36306,0.05817752
36307,0.05762132
36308,0.7460616
36309,0.10387629
36310,0.004120083
36311,0.09512453
36312,0.055791516
36313,0.20411336
36314,0.34187788
36315,0.060010742
36316,0.03956329
36317,0.119885445
36318,0.10687445
36319,0.06333033
36320,0.17831457
36321,0.006521954
36322,0.1287233
36323,0.071513064
36324,0.056466788
36325,0.0018404536
36326,0.015873877
36327,0.043387968
36328,0.044395316
36329,0.04331409
36330,0.07563807
36331,0.08538462
36332,0.23985791
36333,0.0701613
36334,0.0069842758
36335,0.0886565
36336,0.14059012
36337,0.1820731
36338,0.058810253
36339,0.062457483
36340,0.06790173
36341,0.0639411
36342,0.47915167
36343,0.0025453465
36344,0.10905111
36345,0.35675138
36346,0.18357268
36347,0.008853703
36348,0.013621023
36349,0.007404886
36350,0.04276506
36351,0.009400854
36352,0.23271108
36353,0.16468948
36354,0.06561849
36355,0.08097218
36356,0.13831823
36357,0.13051423
36358,0.08661299
36359,0.20784879
36360,0.25139552
36361,0.07295586
36362,0.051026125
36363,0.16044101
36364,0.07451429
36365,0.32674757
36366,0.86878663
36367,0.07379722
36368,0.27668375
36369,0.010052638
36370,0.03845319
36371,0.23432879
36372,0.05043084
36373,0.052110843
36374,0.011428148
36375,0.0738828
36376,0.008983413
36377,0.44043618
36378,0.0458496
36379,0.09907699
36380,0.26126453
36381,0.11211735
36382,0.21238168
36383,0.23560262
36384,0.19799995
36385,0.014785996
36386,0.2213188
36387,0.14196253
36388,0.10369651
36389,0.9883146
36390,0.36879712
36391,0.34517294
36392,0.006235391
36393,0.15834118
36394,0.092478134
36395,0.017548937
36396,0.014671043
36397,0.009171754
36398,0.009621755
36399,0.016864374
36400,0.03005541
36401,0.016074905
36402,0.044472285
36403,0.07943762
36404,0.06306874
36405,0.08850664
36406,0.076374665
36407,0.11348377
36408,0.08745346
36409,0.00890706
36410,0.09410522
36411,0.29882604
36412,0.07378063
36413,0.99214375
36414,0.9874705
36415,0.64118105
36416,0.0062797936
36417,0.034244087
36418,0.10768966
36419,0.4317761
36420,0.14154235
36421,0.0036791968
36422,0.05753749
36423,0.0016286563
36424,0.0130217
36425,0.043040734
36426,0.026178423
36427,0.051582336
36428,0.36257067
36429,0.015555541
36430,0.01794218
36431,0.062481094
36432,0.055016883
36433,0.018816728
36434,0.02838577
36435,0.25877255
36436,0.07597779
36437,0.15904143
36438,0.122470066
36439,0.09729587
36440,0.9920901
36441,0.98371154
36442,0.53046167
36443,0.0057738596
36444,0.06604511
36445,0.024183722
36446,0.0031790868
36447,0.3688385
36448,0.025426414
36449,0.21286051
36450,0.09321265
36451,0.17275871
36452,0.0028470487
36453,0.13074836
36454,0.08861385
36455,0.10797558
36456,0.5086998
36457,0.33054298
36458,0.52681756
36459,0.11767532
36460,0.10104354
36461,0.04074698
36462,0.06467767
36463,0.059862576
36464,0.05214835
36465,0.02159674
36466,0.123579666
36467,0.17300938
36468,0.094658494
36469,0.13674214
36470,0.013096297
36471,0.9774392
36472,0.98856485
36473,0.99287415
36474,0.016486276
36475,0.08455874
36476,0.14485627
36477,0.42700538
36478,0.037782505
36479,0.011389081
36480,0.023347184
36481,0.032091822
36482,0.06541909
36483,0.25073805
36484,0.99119246
36485,0.03739434
36486,0.08229412
36487,0.04187399
36488,0.08046628
36489,0.018123861
36490,0.13696668
36491,0.11529805
36492,0.026335359
36493,0.10689765
36494,0.16048741
36495,0.09075998
36496,0.05177895
36497,0.4391911
36498,0.3699743
36499,0.13788359
36500,0.054584533
36501,0.07257557
36502,0.024048597
36503,0.20998788
36504,0.013868573
36505,0.04986108
36506,0.05114069
36507,0.00857822
36508,0.027743265
36509,0.04450607
36510,0.16435607
36511,0.41305
36512,0.1402075
36513,0.16430926
36514,0.11471953
36515,0.13709864
36516,0.14519668
36517,0.55714434
36518,0.056705553
36519,0.039614182
36520,0.022559501
36521,0.10060396
36522,0.16313744
36523,0.29229885
36524,0.34170356
36525,0.24648309
36526,0.09805475
36527,0.99065924
36528,0.15998897
36529,0.01322973
36530,0.05153253
36531,0.19842789
36532,0.0062821405
36533,0.028960627
36534,0.41765484
36535,0.020510457
36536,0.0033050892
36537,0.012685458
36538,0.017268497
36539,0.1078635
36540,0.24973495
36541,0.23820691
36542,0.2185293
36543,0.21694596
36544,0.10542818
36545,0.10432962
36546,0.21596709
36547,0.019411396
36548,0.21500888
36549,0.055833615
36550,0.079732426
36551,0.4700511
36552,0.2867847
36553,0.06572085
36554,0.44099507
36555,0.33928025
36556,0.0067150816
36557,0.1136572
36558,0.12772189
36559,0.07222389
36560,0.037415687
36561,0.005298274
36562,0.015319115
36563,0.045823656
36564,0.068271495
36565,0.055787615
36566,0.12718336
36567,0.28699657
36568,0.66353387
36569,0.2674171
36570,0.18396702
36571,0.33332887
36572,0.11534844
36573,0.018505277
36574,0.05263065
36575,0.09077419
36576,0.14912061
36577,0.27336136
36578,0.07893673
36579,0.061958183
36580,0.06327398
36581,0.11379208
36582,0.035097845
36583,0.06330913
36584,0.08050656
36585,0.011804103
36586,0.00960812
36587,0.010956864
36588,0.018600818
36589,0.018031586
36590,0.057078093
36591,0.051809944
36592,0.19277763
36593,0.1629853
36594,0.12911189
36595,0.5036111
36596,0.46460447
36597,0.23469499
36598,0.20028953
36599,0.05796697
36600,0.018499926
36601,0.013979718
36602,0.12220123
36603,0.017586514
36604,0.030637706
36605,0.99284774
36606,0.07301211
36607,0.0075977915
36608,0.05327289
36609,0.09785949
36610,0.16574669
36611,0.053581424
36612,0.025005165
36613,0.0014325219
36614,0.060486775
36615,0.022246832
36616,0.0080172215
36617,0.013162394
36618,0.08917461
36619,0.040378284
36620,0.51560724
36621,0.25908524
36622,0.19813201
36623,0.9881811
36624,0.2519635
36625,0.337444
36626,0.19107048
36627,0.021192612
36628,0.009068007
36629,0.01243428
36630,0.090000704
36631,0.086254805
36632,0.043920532
36633,0.058647215
36634,0.40238398
36635,0.15332691
36636,0.2575586
36637,0.007388608
36638,0.1281397
36639,0.14771783
36640,0.18723156
36641,0.17700316
36642,0.06784428
36643,0.019077593
36644,0.0040824884
36645,0.0157583
36646,0.11090235
36647,0.9914266
36648,0.19392765
36649,0.7001674
36650,0.26220235
36651,0.2343936
36652,0.1289035
36653,0.22297049
36654,0.034279197
36655,0.048979066
36656,0.0033391775
36657,0.029718135
36658,0.1254733
36659,0.0713795
36660,0.054362435
36661,0.24021748
36662,0.031926624
36663,0.10697553
36664,0.3776586
36665,0.06002252
36666,0.009754509
36667,0.009264107
36668,0.11802169
36669,0.20793745
36670,0.004171339
36671,0.14743832
36672,0.12793735
36673,0.057635553
36674,0.15912125
36675,0.03345839
36676,0.10678084
36677,0.10952693
36678,0.024159322
36679,0.16444805
36680,0.13482955
36681,0.020946423
36682,0.11937715
36683,0.0058823344
36684,0.040577766
36685,0.18909952
36686,0.031631716
36687,0.0900718
36688,0.038759075
36689,0.053880118
36690,0.015724596
36691,0.12547968
36692,0.25420564
36693,0.66579676
36694,0.2110413
36695,0.003775999
36696,0.011618733
36697,0.009447559
36698,0.020490933
36699,0.0024059517
36700,0.06609524
36701,0.024611639
36702,0.17189097
36703,0.008741414
36704,0.0070731947
36705,0.011860807
36706,0.047041945
36707,0.032366537
36708,0.008479038
36709,0.00954711
36710,0.0805012
36711,0.06114378
36712,0.36816692
36713,0.011297392
36714,0.01229742
36715,0.012260999
36716,0.031723276
36717,0.06953712
36718,0.3793185
36719,0.25586963
36720,0.010174686
36721,0.03550589
36722,0.23774299
36723,0.047174294
36724,0.065145
36725,0.21897909
36726,0.014214975
36727,0.27025285
36728,0.033902165
36729,0.008677138
36730,0.032089733
36731,0.10244177
36732,0.011616588
36733,0.04075114
36734,0.012870657
36735,0.008174142
36736,0.047618244
36737,0.13099061
36738,0.027207742
36739,0.0847613
36740,0.029299181
36741,0.035263617
36742,0.067842916
36743,0.22825623
36744,0.0053738756
36745,0.23361173
36746,0.061820716
36747,0.011196924
36748,0.06825644
36749,0.10526691
36750,0.11320529
36751,0.31300563
36752,0.34646684
36753,0.0033897092
36754,0.035500485
36755,0.042928673
36756,0.28243202
36757,0.4791802
36758,0.0906475
36759,0.15520783
36760,0.010848942
36761,0.11478843
36762,0.105767764
36763,0.07902685
36764,0.09932599
36765,0.10265128
36766,0.12711853
36767,0.9897443
36768,0.008274384
36769,0.082234025
36770,0.05376228
36771,0.0698788
36772,0.089322455
36773,0.21703713
36774,0.40379897
36775,0.04814459
36776,0.22874418
36777,0.020438585
36778,0.20970657
36779,0.01961036
36780,0.06505835
36781,0.0064722896
36782,0.019952541
36783,0.026617676
36784,0.07551404
36785,0.02756086
36786,0.015496463
36787,0.1323924
36788,0.035126828
36789,0.19904304
36790,0.0549872
36791,0.011001865
36792,0.018475294
36793,0.11941024
36794,0.11612072
36795,0.051377248
36796,0.046808098
36797,0.056039266
36798,0.99261653
36799,0.111915745
36800,0.18519238
36801,0.052709006
36802,0.06986423
36803,0.03989306
36804,0.007514064
36805,0.013847085
36806,0.34630302
36807,0.0020107892
36808,0.006149749
36809,0.005672199
36810,0.006928773
36811,0.043592997
36812,0.24012312
36813,0.1742769
36814,0.05155887
36815,0.054961912
36816,0.28773144
36817,0.0021322437
36818,0.050754093
36819,0.03182178
36820,0.0043888865
36821,0.0014999032
36822,0.19085619
36823,0.043922313
36824,0.0019197364
36825,0.041846164
36826,0.11435721
36827,0.19477148
36828,0.15832236
36829,0.06310685
36830,0.06765499
36831,0.019095525
36832,0.056288086
36833,0.07996629
36834,0.16416484
36835,0.18980584
36836,0.0041279085
36837,0.007879506
36838,0.0069299266
36839,0.0074524
36840,0.00690678
36841,0.0059415265
36842,0.008066171
36843,0.0702797
36844,0.07130529
36845,0.065657414
36846,0.089761496
36847,0.05171916
36848,0.1679626
36849,0.0052827364
36850,0.3386548
36851,0.005718487
36852,0.0018656024
36853,0.011797994
36854,0.0063118846
36855,0.00095388247
36856,0.012427049
36857,0.0074884174
36858,0.008604652
36859,0.06360134
36860,0.03208887
36861,0.141175
36862,0.01036152
36863,0.08315052
36864,0.023210471
36865,0.18172705
36866,0.01321104
36867,0.029116768
36868,0.005229855
36869,0.068855286
36870,0.0048723617
36871,0.04652437
36872,0.16387703
36873,0.44446126
36874,0.10258663
36875,0.041942585
36876,0.06466479
36877,0.031930692
36878,0.021991095
36879,0.1314137
36880,0.024352016
36881,0.17645417
36882,0.19069299
36883,0.043630205
36884,0.022114702
36885,0.021657337
36886,0.0009642526
36887,0.010531554
36888,0.0044295853
36889,0.011357963
36890,0.0145294415
36891,0.0061290315
36892,0.1949152
36893,0.119089045
36894,0.0057800477
36895,0.34394908
36896,0.016799225
36897,0.010133134
36898,0.0033335492
36899,0.0072756885
36900,0.051348187
36901,0.015216595
36902,0.023171453
36903,0.08389406
36904,0.005844926
36905,0.28274232
36906,0.30217418
36907,0.061670523
36908,0.20783544
36909,0.010379229
36910,0.036216512
36911,0.0146051105
36912,0.041543324
36913,0.05507351
36914,0.079134084
36915,0.04743183
36916,0.031768747
36917,0.009319677
36918,0.111902714
36919,0.004188019
36920,0.015500508
36921,0.3487908
36922,0.09062083
36923,0.01944344
36924,0.047505926
36925,0.25823647
36926,0.21283069
36927,0.018700365
36928,0.05612152
36929,0.009848538
36930,0.25170422
36931,0.024835695
36932,0.33406064
36933,0.030625585
36934,0.11204459
36935,0.15319185
36936,0.12710528
36937,0.0067094318
36938,0.0023709869
36939,0.14967096
36940,0.007172351
36941,0.9234539
36942,0.2087831
36943,0.054521985
36944,0.33737898
36945,0.032704666
36946,0.0055489326
36947,0.062478937
36948,0.0030127505
36949,0.1598605
36950,0.22927937
36951,0.73217356
36952,0.65931845
36953,0.044621773
36954,0.085053205
36955,0.07427924
36956,0.06211885
36957,0.011710519
36958,0.07633521
36959,0.1705884
36960,0.040359057
36961,0.3988567
36962,0.19637251
36963,0.25716195
36964,0.5830997
36965,0.1707171
36966,0.42680684
36967,0.15391599
36968,0.19261311
36969,0.043388672
36970,0.07488718
36971,0.06519931
36972,0.15209724
36973,0.028883701
36974,0.1695886
36975,0.19581454
36976,0.11177789
36977,0.029613828
36978,0.065141164
36979,0.21372545
36980,0.24435076
36981,0.0568515
36982,0.025082722
36983,0.045511268
36984,0.084716514
36985,0.00964157
36986,0.017795071
36987,0.06628298
36988,0.23455481
36989,0.088372976
36990,0.24131393
36991,0.093693435
36992,0.011508254
36993,0.0014138173
36994,0.0097896885
36995,0.43655258
36996,0.1611618
36997,0.008738441
36998,0.13700481
36999,0.37500924
37000,0.40622744
37001,0.0061540934
37002,0.118072964
37003,0.14462468
37004,0.013057763
37005,0.051488537
37006,0.013766986
37007,0.052537404
37008,0.108598635
37009,0.10393085
37010,0.37397566
37011,0.49003428
37012,0.030435527
37013,0.079933554
37014,0.022266105
37015,0.06136986
37016,0.35206813
37017,0.043256354
37018,0.007114169
37019,0.059189178
37020,0.33129323
37021,0.54300225
37022,0.12576707
37023,0.005031281
37024,0.014302127
37025,0.06421588
37026,0.09904138
37027,0.0354665
37028,0.00194036
37029,0.17209163
37030,0.22122455
37031,0.09128411
37032,0.10109445
37033,0.10763244
37034,0.0069149868
37035,0.039229147
37036,0.023598898
37037,0.02290083
37038,0.040834017
37039,0.1919392
37040,0.07103799
37041,0.07633208
37042,0.004159795
37043,0.040272452
37044,0.011755513
37045,0.001204143
37046,0.0069059096
37047,0.047507837
37048,0.04640303
37049,0.035852484
37050,0.5013362
37051,0.42413673
37052,0.024279732
37053,0.062551476
37054,0.028620666
37055,0.15687901
37056,0.085219815
37057,0.044801332
37058,0.122769475
37059,0.0019787294
37060,0.016291998
37061,0.0022431563
37062,0.0074417605
37063,0.2374522
37064,0.007805752
37065,0.04155236
37066,0.0073619783
37067,0.038025275
37068,0.07256048
37069,0.120706394
37070,0.15936503
37071,0.16651022
37072,0.055774726
37073,0.03887132
37074,0.011454241
37075,0.039634753
37076,0.0509261
37077,0.28882486
37078,0.06879197
37079,0.39275762
37080,0.14086477
37081,0.14494346
37082,0.046583597
37083,0.07187901
37084,0.0024069648
37085,0.0063127065
37086,0.04856471
37087,0.008110787
37088,0.01941381
37089,0.038067136
37090,0.10690204
37091,0.04365643
37092,0.050451934
37093,0.03745444
37094,0.06497738
37095,0.15892054
37096,0.32046366
37097,0.053299945
37098,0.007994624
37099,0.059530903
37100,0.035843603
37101,0.15600324
37102,0.05959245
37103,0.108808376
37104,0.0131270485
37105,0.1424284
37106,0.03890126
37107,0.037291672
37108,0.0053459546
37109,0.18097505
37110,0.086535126
37111,0.043058902
37112,0.01394711
37113,0.009363927
37114,0.08327772
37115,0.059285782
37116,0.108839706
37117,0.059313707
37118,0.18148321
37119,0.18352786
37120,0.1684204
37121,0.0022039362
37122,0.07738998
37123,0.005136773
37124,0.039967954
37125,0.040971957
37126,0.08716069
37127,0.005385888
37128,0.059427224
37129,0.10421791
37130,0.081179336
37131,0.023372546
37132,0.0061063035
37133,0.07466622
37134,0.007244958
37135,0.10860392
37136,0.0040483936
37137,0.05191677
37138,0.23766403
37139,0.026084641
37140,0.085964225
37141,0.52133876
37142,0.09517944
37143,0.06478221
37144,0.07271166
37145,0.06912003
37146,0.05861482
37147,0.07329558
37148,0.034296144
37149,0.007200985
37150,0.008818479
37151,0.028745348
37152,0.29905254
37153,0.12951598
37154,0.040278498
37155,0.0427922
37156,0.050215505
37157,0.0022210155
37158,0.019768719
37159,0.0033944077
37160,0.062117476
37161,0.42280418
37162,0.07916604
37163,0.04405424
37164,0.064464204
37165,0.83417064
37166,0.09940807
37167,0.08704596
37168,0.069408596
37169,0.16571125
37170,0.32378763
37171,0.04374
37172,0.01058496
37173,0.062156063
37174,0.088825315
37175,0.097089626
37176,0.19378726
37177,0.0070530623
37178,0.11508463
37179,0.050323337
37180,0.062294554
37181,0.008807318
37182,0.029014036
37183,0.0533214
37184,0.05887971
37185,0.0033020072
37186,0.09840214
37187,0.09942047
37188,0.24496634
37189,0.06635697
37190,0.020257192
37191,0.112313345
37192,0.14364979
37193,0.19698873
37194,0.06658109
37195,0.049952377
37196,0.048334934
37197,0.047768645
37198,0.59688914
37199,0.005344388
37200,0.15120481
37201,0.32528895
37202,0.15761606
37203,0.014314076
37204,0.045202993
37205,0.008605444
37206,0.047679067
37207,0.039668426
37208,0.21221681
37209,0.19545703
37210,0.046662558
37211,0.0819003
37212,0.11584433
37213,0.1002533
37214,0.108753845
37215,0.18719776
37216,0.24184379
37217,0.06958765
37218,0.022381444
37219,0.02975889
37220,0.081936814
37221,0.052379716
37222,0.32382217
37223,0.9450658
37224,0.069181606
37225,0.24109633
37226,0.0042967284
37227,0.0046666358
37228,0.2099144
37229,0.0020511851
37230,0.04743922
37231,0.06002868
37232,0.0037527028
37233,0.056111306
37234,0.50886923
37235,0.04588617
37236,0.06311984
37237,0.2450072
37238,0.119992316
37239,0.18260215
37240,0.22574075
37241,0.20979924
37242,0.015737643
37243,0.16548482
37244,0.11456935
37245,0.07153542
37246,0.98930585
37247,0.38123125
37248,0.33857918
37249,0.016773842
37250,0.14191923
37251,0.11690024
37252,0.01887228
37253,0.012011843
37254,0.024049273
37255,0.008829641
37256,0.014777737
37257,0.060933124
37258,0.06657363
37259,0.059606828
37260,0.039614208
37261,0.076426215
37262,0.06324669
37263,0.09550115
37264,0.06607237
37265,0.0235374
37266,0.096142635
37267,0.29532963
37268,0.028358405
37269,0.99206364
37270,0.98953104
37271,0.60972774
37272,0.00618942
37273,0.017370373
37274,0.011957741
37275,0.10221134
37276,0.39239725
37277,0.13894422
37278,0.05397918
37279,0.013090024
37280,0.0067008985
37281,0.016878385
37282,0.013159621
37283,0.026384573
37284,0.0013217714
37285,0.43507385
37286,0.0034615546
37287,0.0100091575
37288,0.082303435
37289,0.07057981
37290,0.04096135
37291,0.010111036
37292,0.2621034
37293,0.055595327
37294,0.14424577
37295,0.10976193
37296,0.075245626
37297,0.9917185
37298,0.97777736
37299,0.46487865
37300,0.029105201
37301,0.06470508
37302,0.022278355
37303,0.008737559
37304,0.43847093
37305,0.009003466
37306,0.19669056
37307,0.043871857
37308,0.17092636
37309,0.011894885
37310,0.14298426
37311,0.0645081
37312,0.11228838
37313,0.33918047
37314,0.35013315
37315,0.5473365
37316,0.09255127
37317,0.089391746
37318,0.027954381
37319,0.04855217
37320,0.09254541
37321,0.06489674
37322,0.04099737
37323,0.12325778
37324,0.16536254
37325,0.063067324
37326,0.079980865
37327,0.031046804
37328,0.93458796
37329,0.9879786
37330,0.99283564
37331,0.036408108
37332,0.12471566
37333,0.38378462
37334,0.0038375226
37335,0.0074981824
37336,0.011410177
37337,0.011418318
37338,0.02150482
37339,0.013490972
37340,0.063198484
37341,0.2770304
37342,0.99139243
37343,0.016756015
37344,0.09507076
37345,0.033871803
37346,0.0894749
37347,0.05509319
37348,0.14375958
37349,0.09825453
37350,0.06969245
37351,0.035829585
37352,0.11287184
37353,0.08834088
37354,0.017249573
37355,0.40079743
37356,0.29735953
37357,0.13563196
37358,0.017504575
37359,0.033520456
37360,0.050204683
37361,0.1418896
37362,0.010148293
37363,0.062833235
37364,0.006421981
37365,0.011189206
37366,0.013131402
37367,0.04341265
37368,0.03790309
37369,0.18787242
37370,0.38325733
37371,0.079171374
37372,0.13767211
37373,0.13418582
37374,0.14257753
37375,0.12339946
37376,0.65503615
37377,0.06068737
37378,0.037204426
37379,0.18294826
37380,0.1615018
37381,0.22325511
37382,0.38899475
37383,0.22606571
37384,0.06396497
37385,0.99073917
37386,0.16885869
37387,0.12878701
37388,0.12782252
37389,0.0021801547
37390,0.005534934
37391,0.39555404
37392,0.010344426
37393,0.0025620642
37394,0.0155595895
37395,0.038087923
37396,0.09884195
37397,0.2108831
37398,0.24438162
37399,0.22201769
37400,0.18263012
37401,0.07265267
37402,0.10109885
37403,0.22575875
37404,0.03840407
37405,0.01643534
37406,0.20438714
37407,0.0739416
37408,0.08178661
37409,0.39390254
37410,0.2846627
37411,0.03903709
37412,0.3921752
37413,0.28942043
37414,0.0067437747
37415,0.07459939
37416,0.07726587
37417,0.059131972
37418,0.00812416
37419,0.013979977
37420,0.061475657
37421,0.063442506
37422,0.07585512
37423,0.26550087
37424,0.59534264
37425,0.2859102
37426,0.17877808
37427,0.34246284
37428,0.05135991
37429,0.012627962
37430,0.090579726
37431,0.09223621
37432,0.11586957
37433,0.3032582
37434,0.06516418
37435,0.005219386
37436,0.006574616
37437,0.09283422
37438,0.016067322
37439,0.051220577
37440,0.004491028
37441,0.029494125
37442,0.013931969
37443,0.010416547
37444,0.037881356
37445,0.04022164
37446,0.05854843
37447,0.027802367
37448,0.14003019
37449,0.13951848
37450,0.09467197
37451,0.4426012
37452,0.46810517
37453,0.20903483
37454,0.16033614
37455,0.060862683
37456,0.012462594
37457,0.10167344
37458,0.0013291575
37459,0.053011578
37460,0.9927734
37461,0.08174269
37462,0.048540875
37463,0.095442936
37464,0.19299777
37465,0.048344616
37466,0.03488196
37467,0.059357025
37468,0.00554562
37469,0.0014565834
37470,0.03523167
37471,0.083637394
37472,0.049849447
37473,0.4936513
37474,0.25066152
37475,0.19462872
37476,0.9879861
37477,0.26237997
37478,0.32045117
37479,0.15697715
37480,0.018731022
37481,0.03124705
37482,0.0017559994
37483,0.015518884
37484,0.06617519
37485,0.03899555
37486,0.073349774
37487,0.3568521
37488,0.17193827
37489,0.21684858
37490,0.006910822
37491,0.07114246
37492,0.13206065
37493,0.1743654
37494,0.18310902
37495,0.12333162
37496,0.02035329
37497,0.008095974
37498,0.0857034
37499,0.9914457
37500,0.16297293
37501,0.79914534
37502,0.31530443
37503,0.24246173
37504,0.11926266
37505,0.18003447
37506,0.04787643
37507,0.010875957
37508,0.011390556
37509,0.010645473
37510,0.027185813
37511,0.08802956
37512,0.101131834
37513,0.05502056
37514,0.2013193
37515,0.0077638263
37516,0.09129305
37517,0.34712282
37518,0.046469137
37519,0.009912768
37520,0.08360599
37521,0.22233327
37522,0.014315684
37523,0.0985
37524,0.10432086
37525,0.058327593
37526,0.17021419
37527,0.06320033
37528,0.09559071
37529,0.055035938
37530,0.19508746
37531,0.15426695
37532,0.027104199
37533,0.041348945
37534,0.11135237
37535,0.13381784
37536,0.005294637
37537,0.07943018
37538,0.040550657
37539,0.009662677
37540,0.008754604
37541,0.13101313
37542,0.22109275
37543,0.66516936
37544,0.17222986
37545,0.01042488
37546,0.0031451217
37547,0.0017798987
37548,0.004715954
37549,0.070471585
37550,0.0019248296
37551,0.06933274
37552,0.15590782
37553,0.008728436
37554,0.01327003
37555,0.006264908
37556,0.0077215033
37557,0.003074387
37558,0.07460348
37559,0.06488149
37560,0.3569924
37561,0.0115597565
37562,0.01378079
37563,0.00787664
37564,0.06897716
37565,0.072967514
37566,0.39029604
37567,0.23449281
37568,0.011489344
37569,0.007238562
37570,0.21754494
37571,0.010092472
37572,0.10265837
37573,0.23611236
37574,0.045165695
37575,0.00870547
37576,0.0075767846
37577,0.27202287
37578,0.028872842
37579,0.012313584
37580,0.089902
37581,0.006699454
37582,0.055858713
37583,0.02842011
37584,0.03399151
37585,0.107538365
37586,0.004247234
37587,0.09889138
37588,0.033235777
37589,0.049612198
37590,0.07053419
37591,0.23552132
37592,0.049071588
37593,0.23018435
37594,0.072890796
37595,0.049532704
37596,0.0052366396
37597,0.041528694
37598,0.12799689
37599,0.0035236315
37600,0.33366066
37601,0.35293716
37602,0.0022891469
37603,0.048670754
37604,0.04272933
37605,0.004683748
37606,0.30843866
37607,0.5153864
37608,0.12979415
37609,0.16951117
37610,0.09957396
37611,0.13038583
37612,0.06914486
37613,0.042549368
37614,0.11316534
37615,0.091897935
37616,0.9903141
37617,0.07947387
37618,0.010540141
37619,0.09023843
37620,0.09566941
37621,0.0021113376
37622,0.19917442
37623,0.40050992
37624,0.050918918
37625,0.21357906
37626,0.043822214
37627,0.005627456
37628,0.17085668
37629,0.009144315
37630,0.044648807
37631,0.008265072
37632,0.005361368
37633,0.03910576
37634,0.06299041
37635,0.003152965
37636,0.09421768
37637,0.22205365
37638,0.028610364
37639,0.05329855
37640,0.017564151
37641,0.10706981
37642,0.103587985
37643,0.011034326
37644,0.03041465
37645,0.063789204
37646,0.9928578
37647,0.08054481
37648,0.17199232
37649,0.11897929
37650,0.08999359
37651,0.02888617
37652,0.007345592
37653,0.0021649036
37654,0.3953572
37655,0.006966515
37656,0.005625433
37657,0.0070069083
37658,0.042205624
37659,0.16190128
37660,0.009040537
37661,0.12951279
37662,0.01742373
37663,0.006206474
37664,0.038251184
37665,0.26263708
37666,0.008704078
37667,0.02008481
37668,0.013778786
37669,0.0028125981
37670,0.01672215
37671,0.16933504
37672,0.02435651
37673,0.004515484
37674,0.10376189
37675,0.20766783
37676,0.088451914
37677,0.106586054
37678,0.05996543
37679,0.0017950775
37680,0.057817183
37681,0.10169747
37682,0.21083574
37683,0.1427488
37684,0.004663891
37685,0.0045537064
37686,0.00623232
37687,0.0072089783
37688,0.0010619188
37689,0.008205192
37690,0.08353494
37691,0.12539425
37692,0.08171185
37693,0.09390419
37694,0.15520523
37695,0.006016905
37696,0.31582332
37697,0.007939877
37698,0.012194613
37699,0.013743552
37700,0.0015242418
37701,0.0012422788
37702,0.009513015
37703,0.005746671
37704,0.008349208
37705,0.07741349
37706,0.016542545
37707,0.0074574305
37708,0.008299384
37709,0.02866351
37710,0.038921975
37711,0.104764566
37712,0.066201456
37713,0.006490074
37714,0.007686059
37715,0.1881178
37716,0.023866218
37717,0.02136404
37718,0.09302445
37719,0.0057686763
37720,0.03604713
37721,0.1315684
37722,0.39008716
37723,0.09487738
37724,0.03638207
37725,0.06918927
37726,0.02476979
37727,0.016741326
37728,0.13441557
37729,0.048770837
37730,0.15768501
37731,0.23480909
37732,0.044255815
37733,0.007369552
37734,0.023446867
37735,0.04638055
37736,0.009891119
37737,0.0007348587
37738,0.021339271
37739,0.17389418
37740,0.06722744
37741,0.0058300374
37742,0.29799294
37743,0.0023888848
37744,0.050924443
37745,0.009907581
37746,0.0025401253
37747,0.036013477
37748,0.016158774
37749,0.058837056
37750,0.0057334127
37751,0.0057905572
37752,0.31110096
37753,0.22158904
37754,0.012001164
37755,0.1739127
37756,0.00120186
37757,0.007332529
37758,0.003582456
37759,0.014037822
37760,0.020761307
37761,0.024913268
37762,0.05190914
37763,0.04631154
37764,0.009313913
37765,0.008798724
37766,0.05193724
37767,0.057895146
37768,0.037740804
37769,0.062423408
37770,0.24435505
37771,0.052406598
37772,0.017018996
37773,0.31025165
37774,0.17746581
37775,0.020546265
37776,0.06060303
37777,0.20112641
37778,0.04614116
37779,0.26218405
37780,0.11293244
37781,0.055014394
37782,0.11122467
37783,0.15625162
37784,0.24405488
37785,0.014475539
37786,0.9279372
37787,0.10795983
37788,0.017382901
37789,0.26253632
37790,0.038043775
37791,0.017102202
37792,0.036423337
37793,0.049122494
37794,0.16683921
37795,0.18134835
37796,0.6919116
37797,0.5003782
37798,0.058200024
37799,0.20542459
37800,0.20914713
37801,0.0028885037
37802,0.022012938
37803,0.07244043
37804,0.06146015
37805,0.007671647
37806,0.1557283
37807,0.07366637
37808,0.31343812
37809,0.14551105
37810,0.22340317
37811,0.55440634
37812,0.18522869
37813,0.023701673
37814,0.57137597
37815,0.0034823685
37816,0.103039145
37817,0.15373945
37818,0.02837493
37819,0.11034231
37820,0.04354555
37821,0.09235218
37822,0.02629618
37823,0.17800932
37824,0.15443307
37825,0.1476135
37826,0.1645536
37827,0.19719358
37828,0.03565274
37829,0.031693082
37830,0.017131966
37831,0.050893
37832,0.073319174
37833,0.0076715797
37834,0.01997807
37835,0.058201306
37836,0.26078242
37837,0.05924598
37838,0.30357903
37839,0.1595125
37840,0.0267589
37841,0.001419658
37842,0.34286654
37843,0.11832831
37844,0.14376576
37845,0.3911295
37846,0.47404647
37847,0.0060083303
37848,0.078729406
37849,0.1508955
37850,0.042274583
37851,0.072573304
37852,0.098178536
37853,0.1674331
37854,0.3488652
37855,0.41265136
37856,0.062487524
37857,0.044774633
37858,0.032758486
37859,0.064188935
37860,0.3129921
37861,0.024385521
37862,0.034493167
37863,0.001628903
37864,0.20104074
37865,0.05386914
37866,0.26192728
37867,0.7242006
37868,0.122627094
37869,0.010299988
37870,0.040448137
37871,0.08122764
37872,0.0035078526
37873,0.13965103
37874,0.21242456
37875,0.11140859
37876,0.1492768
37877,0.033181068
37878,0.0042288788
37879,0.055694334
37880,0.008394824
37881,0.011443226
37882,0.22106504
37883,0.05229629
37884,0.083920285
37885,0.010057902
37886,0.0534765
37887,0.0023637153
37888,0.012101737
37889,0.015077995
37890,0.035732098
37891,0.07430419
37892,0.020211136
37893,0.09952021
37894,0.5131556
37895,0.3431976
37896,0.012497059
37897,0.006128624
37898,0.1555142
37899,0.047530062
37900,0.0034443538
37901,0.055647545
37902,0.009741345
37903,0.19632639
37904,0.014369378
37905,0.048979156
37906,0.04050591
37907,0.07265542
37908,0.07296695
37909,0.14140607
37910,0.17999955
37911,0.14008924
37912,0.05679509
37913,0.01825895
37914,0.011476455
37915,0.06632308
37916,0.030106345
37917,0.007581143
37918,0.28611577
37919,0.06461088
37920,0.42471513
37921,0.086153924
37922,0.017702756
37923,0.086732954
37924,0.037265606
37925,0.08708058
37926,0.005158629
37927,0.006845215
37928,0.008964069
37929,0.09693792
37930,0.024896726
37931,0.0038923644
37932,0.005174611
37933,0.11576365
37934,0.040712163
37935,0.09776191
37936,0.025079027
37937,0.07946752
37938,0.14102381
37939,0.324373
37940,0.06580268
37941,0.0096296985
37942,0.10036693
37943,0.021232713
37944,0.0415277
37945,0.006762249
37946,0.15145695
37947,0.06829983
37948,0.11767404
37949,0.03918554
37950,0.12922722
37951,0.036229722
37952,0.028123086
37953,0.04012067
37954,0.14504129
37955,0.007167892
37956,0.07271172
37957,0.0057437764
37958,0.029218486
37959,0.06145627
37960,0.0815268
37961,0.054926433
37962,0.113189936
37963,0.060830366
37964,0.19685487
37965,0.1737936
37966,0.23431107
37967,0.013316105
37968,0.08648075
37969,0.007492711
37970,0.06350322
37971,0.045258425
37972,0.08051759
37973,0.042049635
37974,0.0594014
37975,0.055988915
37976,0.046503045
37977,0.039527856
37978,0.03835028
37979,0.018638123
37980,0.07550871
37981,0.005540578
37982,0.11753714
37983,0.008043118
37984,0.08154946
37985,0.26476127
37986,0.031395696
37987,0.09415241
37988,0.52779067
37989,0.068435796
37990,0.07841623
37991,0.057605386
37992,0.08073036
37993,0.044015206
37994,0.082414985
37995,0.0534602
37996,0.006988482
37997,0.007367519
37998,0.27366439
37999,0.11120144
38000,0.007736359
38001,0.05503748
38002,0.039122634
38003,0.015262617
38004,0.011922957
38005,0.021106515
38006,0.02070563
38007,0.060807545
38008,0.48302016
38009,0.07527386
38010,0.052989442
38011,0.052299164
38012,0.75245744
38013,0.099487536
38014,0.011947827
38015,0.054588042
38016,0.058762066
38017,0.19188586
38018,0.31464317
38019,0.057689197
38020,0.017270664
38021,0.05680406
38022,0.07179618
38023,0.08885487
38024,0.15693255
38025,0.011431618
38026,0.13081747
38027,0.06251276
38028,0.077130064
38029,0.011495041
38030,0.034915812
38031,0.07896659
38032,0.071383245
38033,0.026179299
38034,0.08282025
38035,0.056985904
38036,0.2660747
38037,0.07308472
38038,0.029788285
38039,0.0944016
38040,0.16657616
38041,0.19186756
38042,0.046447895
38043,0.06513704
38044,0.01402874
38045,0.01596478
38046,0.5650536
38047,0.033636563
38048,0.14839768
38049,0.34706253
38050,0.14368334
38051,0.0015058618
38052,0.06473227
38053,0.008652416
38054,0.050190907
38055,0.0070420294
38056,0.21863583
38057,0.21676517
38058,0.048061024
38059,0.06277488
38060,0.08401594
38061,0.08913921
38062,0.08662585
38063,0.16445902
38064,0.23191817
38065,0.08990494
38066,0.060065012
38067,0.16649748
38068,0.084653094
38069,0.21790466
38070,0.9339582
38071,0.003425852
38072,0.31303382
38073,0.047000267
38074,0.20990749
38075,0.0015848434
38076,0.029194295
38077,0.04896515
38078,0.021376213
38079,0.07197665
38080,0.60891855
38081,0.04215976
38082,0.04701643
38083,0.24346724
38084,0.11192168
38085,0.163811
38086,0.23785155
38087,0.24418013
38088,0.015749043
38089,0.10068774
38090,0.15974458
38091,0.110681735
38092,0.98903644
38093,0.30460548
38094,0.4350182
38095,0.00397175
38096,0.12032251
38097,0.10908572
38098,0.0073051364
38099,0.036654897
38100,0.009540835
38101,0.022551602
38102,0.06732713
38103,0.08854443
38104,0.0384065
38105,0.08294843
38106,0.08137326
38107,0.05835969
38108,0.10516224
38109,0.12379613
38110,0.024181355
38111,0.07223034
38112,0.19607386
38113,0.030106202
38114,0.03699108
38115,0.99200076
38116,0.9876944
38117,0.56426656
38118,0.0061361934
38119,0.0150407525
38120,0.011637298
38121,0.13189033
38122,0.44217557
38123,0.06441622
38124,0.08115022
38125,0.009028444
38126,0.0077654943
38127,0.045876548
38128,0.06987111
38129,0.0067889304
38130,0.006162533
38131,0.5165944
38132,0.019898238
38133,0.04112496
38134,0.07329972
38135,0.071717575
38136,0.051566638
38137,0.056369822
38138,0.27708936
38139,0.110675335
38140,0.123565555
38141,0.09602308
38142,0.049219273
38143,0.99231386
38144,0.95262986
38145,0.4356485
38146,0.08061305
38147,0.016204264
38148,0.45107126
38149,0.046191644
38150,0.19896683
38151,0.088360235
38152,0.13427237
38153,0.007185935
38154,0.13354363
38155,0.05440699
38156,0.09345369
38157,0.34143013
38158,0.33750704
38159,0.656137
38160,0.12572674
38161,0.11026613
38162,0.042884886
38163,0.04827089
38164,0.102505386
38165,0.06733399
38166,0.016436612
38167,0.0030604962
38168,0.12031217
38169,0.15761551
38170,0.04985578
38171,0.11064868
38172,0.02461638
38173,0.96108043
38174,0.98825634
38175,0.99257976
38176,0.07567441
38177,0.14990053
38178,0.40860838
38179,0.016988728
38180,0.007726413
38181,0.0058642155
38182,0.03974517
38183,0.011990119
38184,0.26458517
38185,0.9917798
38186,0.036140412
38187,0.09721553
38188,0.047783803
38189,0.093166634
38190,0.058220297
38191,0.13313186
38192,0.06777931
38193,0.073655285
38194,0.04187643
38195,0.08524667
38196,0.10484247
38197,0.014021443
38198,0.058476795
38199,0.41092864
38200,0.2537983
38201,0.17473818
38202,0.03741165
38203,0.01703972
38204,0.084171966
38205,0.06483622
38206,0.16683912
38207,0.035847552
38208,0.01111271
38209,0.0058046603
38210,0.011128925
38211,0.0018690487
38212,0.021024724
38213,0.02518333
38214,0.14257875
38215,0.33207306
38216,0.1255627
38217,0.1166361
38218,0.12598622
38219,0.1372794
38220,0.108628295
38221,0.7276324
38222,0.037451167
38223,0.006660512
38224,0.16486427
38225,0.16057447
38226,0.25043613
38227,0.3326185
38228,0.25513464
38229,0.06503845
38230,0.99078435
38231,0.17835201
38232,0.13376835
38233,0.178805
38234,0.030194204
38235,0.007914484
38236,0.38648456
38237,0.034005694
38238,0.010395796
38239,0.0496144
38240,0.043942373
38241,0.09281345
38242,0.23812649
38243,0.2452902
38244,0.23908147
38245,0.15383236
38246,0.08554533
38247,0.11308032
38248,0.25873396
38249,0.03927162
38250,0.15033627
38251,0.11261208
38252,0.075051785
38253,0.40850264
38254,0.2290018
38255,0.02864192
38256,0.4247094
38257,0.28967848
38258,0.071654506
38259,0.07844029
38260,0.04081229
38261,0.051363956
38262,0.02173854
38263,0.038514405
38264,0.073499694
38265,0.0596736
38266,0.06465231
38267,0.25844097
38268,0.6115769
38269,0.24097118
38270,0.19748603
38271,0.33998376
38272,0.07661466
38273,0.011840624
38274,0.070560135
38275,0.064627014
38276,0.15444402
38277,0.25193724
38278,0.047363523
38279,0.031748243
38280,0.0042075505
38281,0.120552994
38282,0.035052426
38283,0.005330804
38284,0.08781453
38285,0.0066795223
38286,0.014735918
38287,0.027624989
38288,0.0016794618
38289,0.016300434
38290,0.021277439
38291,0.028401103
38292,0.03289386
38293,0.23413566
38294,0.14430064
38295,0.049342107
38296,0.458337
38297,0.45843115
38298,0.21945265
38299,0.10145201
38300,0.00641613
38301,0.0040991018
38302,0.037824035
38303,0.12446769
38304,0.057012223
38305,0.9926729
38306,0.04430037
38307,0.002867246
38308,0.04438284
38309,0.12011983
38310,0.14077145
38311,0.0387262
38312,0.026351327
38313,0.002369802
38314,0.024084816
38315,0.012081784
38316,0.024405254
38317,0.0770811
38318,0.049645558
38319,0.6079038
38320,0.20041735
38321,0.21152571
38322,0.98960555
38323,0.24586026
38324,0.333014
38325,0.18654639
38326,0.021273663
38327,0.03293879
38328,0.026537556
38329,0.05155787
38330,0.008900744
38331,0.0027309763
38332,0.07998614
38333,0.2999335
38334,0.12894592
38335,0.27088863
38336,0.03957725
38337,0.16294545
38338,0.14813355
38339,0.1734586
38340,0.09919131
38341,0.07861955
38342,0.01774221
38343,0.0036388827
38344,0.07435168
38345,0.99151814
38346,0.13786651
38347,0.9033171
38348,0.36467004
38349,0.20391455
38350,0.12352322
38351,0.11871137
38352,0.010822242
38353,0.009551031
38354,0.011014907
38355,0.010405787
38356,0.104854286
38357,0.090429135
38358,0.025917482
38359,0.21644625
38360,0.014627737
38361,0.06137405
38362,0.32640347
38363,0.05536412
38364,0.009737333
38365,0.009160569
38366,0.053696226
38367,0.20428543
38368,0.0031656898
38369,0.11658003
38370,0.15092722
38371,0.059933804
38372,0.19030944
38373,0.053193666
38374,0.15524979
38375,0.044959564
38376,0.018581888
38377,0.13694932
38378,0.08950412
38379,0.07564126
38380,0.004693198
38381,0.06685103
38382,0.0038357521
38383,0.16454725
38384,0.02800194
38385,0.026622277
38386,0.068820685
38387,0.016189685
38388,0.008130885
38389,0.015447033
38390,0.14983429
38391,0.18429218
38392,0.77131397
38393,0.17648137
38394,0.011250081
38395,0.03956851
38396,0.020843256
38397,0.035401516
38398,0.003803774
38399,0.11543043
38400,0.097704016
38401,0.008412944
38402,0.0027282494
38403,0.006019635
38404,0.04123143
38405,0.068114705
38406,0.063683435
38407,0.3702468
38408,0.010856379
38409,0.011676547
38410,0.012534922
38411,0.06700753
38412,0.06766272
38413,0.42970037
38414,0.2344605
38415,0.0068613356
38416,0.23365724
38417,0.0833457
38418,0.27142635
38419,0.0054479255
38420,0.008280263
38421,0.27297163
38422,0.006522323
38423,0.091231436
38424,0.03950699
38425,0.03436914
38426,0.003160815
38427,0.008354569
38428,0.05725214
38429,0.19976033
38430,0.0038869916
38431,0.025975835
38432,0.019300235
38433,0.011139227
38434,0.08327596
38435,0.1904768
38436,0.052742623
38437,0.21062687
38438,0.072760984
38439,0.0047320956
38440,0.0066429963
38441,0.046722595
38442,0.33049583
38443,0.31004348
38444,0.017524134
38445,0.025368031
38446,0.03347055
38447,0.011008248
38448,0.32186687
38449,0.6450281
38450,0.13079913
38451,0.12136166
38452,0.004027605
38453,0.07116723
38454,0.060426943
38455,0.11123973
38456,0.10657211
38457,0.12635818
38458,0.08899019
38459,0.99066126
38460,0.045582827
38461,0.011116253
38462,0.12910946
38463,0.07481813
38464,0.03878652
38465,0.011749616
38466,0.2161253
38467,0.4754284
38468,0.0199431
38469,0.20095329
38470,0.020854017
38471,0.18892696
38472,0.008924124
38473,0.0029487186
38474,0.024288183
38475,0.015828466
38476,0.006486766
38477,0.051379524
38478,0.07178566
38479,0.012221331
38480,0.08788282
38481,0.0024152477
38482,0.0025813263
38483,0.21646938
38484,0.045905367
38485,0.061676413
38486,0.10303961
38487,0.056126457
38488,0.008200126
38489,0.03577745
38490,0.99244756
38491,0.02560274
38492,0.16839974
38493,0.105715215
38494,0.016586743
38495,0.011456938
38496,0.015110299
38497,0.012336636
38498,0.43525273
38499,0.003693282
38500,0.0067152
38501,0.010759203
38502,0.019604344
38503,0.15438482
38504,0.009206078
38505,0.11658524
38506,0.046397377
38507,0.06385953
38508,0.34553862
38509,0.020782089
38510,0.029277418
38511,0.017395075
38512,0.0049099075
38513,0.035105787
38514,0.14819881
38515,0.05444146
38516,0.0015983533
38517,0.03422721
38518,0.18305916
38519,0.05682855
38520,0.08998777
38521,0.080732405
38522,0.0043625175
38523,0.07280227
38524,0.011326144
38525,0.11795101
38526,0.2061615
38527,0.16053164
38528,0.004595277
38529,0.015432507
38530,0.0063298224
38531,0.0072143017
38532,0.012239605
38533,0.0023167054
38534,0.0022579557
38535,0.043929882
38536,0.14489463
38537,0.12911291
38538,0.051140387
38539,0.16491093
38540,0.30391458
38541,0.012640434
38542,0.011534517
38543,0.009314744
38544,0.008398686
38545,0.010373577
38546,0.0018137529
38547,0.030150618
38548,0.015849516
38549,0.08869525
38550,0.05523969
38551,0.005531213
38552,0.16128838
38553,0.024424369
38554,0.030667508
38555,0.0017429173
38556,0.059119843
38557,0.009819166
38558,0.13093431
38559,0.3469177
38560,0.042561628
38561,0.07843138
38562,0.103179455
38563,0.04482179
38564,0.070222154
38565,0.11556742
38566,0.019882478
38567,0.11125666
38568,0.17257492
38569,0.008240465
38570,0.0015540125
38571,0.030831873
38572,0.011509938
38573,0.008568043
38574,0.014127651
38575,0.0017135004
38576,0.16899553
38577,0.13385431
38578,0.014219542
38579,0.2706323
38580,0.016432367
38581,0.026834315
38582,0.02218097
38583,0.07074503
38584,0.030562008
38585,0.3338073
38586,0.24687819
38587,0.013720336
38588,0.11583499
38589,0.007574142
38590,0.0020875244
38591,0.004542199
38592,0.007807876
38593,0.0444475
38594,0.013290917
38595,0.031387027
38596,0.055302482
38597,0.057280153
38598,0.036642935
38599,0.05014684
38600,0.08323686
38601,0.012519391
38602,0.019229967
38603,0.3402703
38604,0.0538504
38605,0.021071978
38606,0.23438379
38607,0.20964293
38608,0.01469287
38609,0.042659484
38610,0.21056326
38611,0.09641742
38612,0.3206324
38613,0.09240931
38614,0.20257092
38615,0.1052148
38616,0.007229851
38617,0.008764054
38618,0.008886395
38619,0.20458801
38620,0.9533507
38621,0.15895475
38622,0.011552088
38623,0.23049155
38624,0.08444617
38625,0.008832377
38626,0.0116179455
38627,0.13626629
38628,0.19540921
38629,0.74165374
38630,0.500173
38631,0.041620146
38632,0.019412039
38633,0.19867067
38634,0.20892227
38635,0.01962686
38636,0.028715584
38637,0.09053304
38638,0.008237113
38639,0.16247584
38640,0.31745356
38641,0.17776866
38642,0.1709259
38643,0.5448731
38644,0.23191717
38645,0.014384094
38646,0.45400047
38647,0.11487086
38648,0.13791583
38649,0.07055975
38650,0.043746553
38651,0.051737387
38652,0.09192483
38653,0.0714998
38654,0.14978118
38655,0.1561168
38656,0.018800873
38657,0.1982568
38658,0.26113668
38659,0.049777217
38660,0.047913432
38661,0.06806989
38662,0.07341747
38663,0.0065110726
38664,0.10500155
38665,0.24172044
38666,0.23643073
38667,0.11425332
38668,0.114542566
38669,0.06519226
38670,0.013684429
38671,0.3440427
38672,0.1330661
38673,0.020438105
38674,0.44331068
38675,0.38631275
38676,0.051056992
38677,0.1498535
38678,0.041524775
38679,0.022814438
38680,0.009247581
38681,0.1192207
38682,0.13048361
38683,0.4023679
38684,0.47001344
38685,0.030779243
38686,0.09128736
38687,0.006987968
38688,0.05637657
38689,0.31939062
38690,0.015165331
38691,0.08426628
38692,0.18096665
38693,0.05194977
38694,0.0050612614
38695,0.23316249
38696,0.43963808
38697,0.13182367
38698,0.050315898
38699,0.08290334
38700,0.08320907
38701,0.0021249794
38702,0.011858691
38703,0.015146971
38704,0.1293166
38705,0.20727685
38706,0.09470602
38707,0.101536945
38708,0.014223782
38709,0.06666415
38710,0.057820797
38711,0.23507686
38712,0.07032757
38713,0.08351127
38714,0.0014313955
38715,0.054560207
38716,0.011075245
38717,0.04986491
38718,0.013464807
38719,0.028116528
38720,0.07440349
38721,0.06446162
38722,0.107754014
38723,0.4657506
38724,0.3786884
38725,0.008087382
38726,0.011702503
38727,0.029371768
38728,0.13475129
38729,0.04365003
38730,0.027016986
38731,0.0033284451
38732,0.043237142
38733,0.15736994
38734,0.040157255
38735,0.04089678
38736,0.052075647
38737,0.0448988
38738,0.07868181
38739,0.13801189
38740,0.19210914
38741,0.1353676
38742,0.05356931
38743,0.040792607
38744,0.041627664
38745,0.0739952
38746,0.05223974
38747,0.008785909
38748,0.30521208
38749,0.04197257
38750,0.3997547
38751,0.0525858
38752,0.1075838
38753,0.074428804
38754,0.038342703
38755,0.07387598
38756,0.0018894518
38757,0.013880168
38758,0.040300097
38759,0.019677274
38760,0.11196585
38761,0.005261523
38762,0.071777456
38763,0.051746458
38764,0.06140756
38765,0.15083043
38766,0.31725174
38767,0.062418945
38768,0.009589602
38769,0.11622687
38770,0.026982198
38771,0.029580016
38772,0.14600214
38773,0.076796174
38774,0.09388602
38775,0.0044835117
38776,0.1001039
38777,0.010837689
38778,0.02864554
38779,0.011697026
38780,0.12672307
38781,0.008459811
38782,0.018350257
38783,0.041515168
38784,0.0047423374
38785,0.02442858
38786,0.055118453
38787,0.057235636
38788,0.07040246
38789,0.09415706
38790,0.075625256
38791,0.16281037
38792,0.17924471
38793,0.26706773
38794,0.0035421788
38795,0.08721347
38796,0.054586638
38797,0.04361456
38798,0.07111815
38799,0.06565003
38800,0.0140240695
38801,0.051343482
38802,0.012618417
38803,0.018602576
38804,0.012437554
38805,0.14160903
38806,0.021330517
38807,0.055683427
38808,0.2899569
38809,0.054908462
38810,0.08978195
38811,0.55412275
38812,0.07422401
38813,0.073140755
38814,0.03231048
38815,0.0594391
38816,0.04126857
38817,0.081891894
38818,0.040846545
38819,0.007036697
38820,0.021181922
38821,0.2399703
38822,0.105497435
38823,0.022939608
38824,0.009707975
38825,0.013026538
38826,0.01867641
38827,0.022137089
38828,0.070657305
38829,0.56561905
38830,0.050821334
38831,0.04524468
38832,0.06601332
38833,0.82486546
38834,0.11566117
38835,0.0049291085
38836,0.07324948
38837,0.048954476
38838,0.17016368
38839,0.32697612
38840,0.071986854
38841,0.001764436
38842,0.03335474
38843,0.06127472
38844,0.082096055
38845,0.17027426
38846,0.014670873
38847,0.12590595
38848,0.03575159
38849,0.07643763
38850,0.0026122213
38851,0.0118862465
38852,0.075897135
38853,0.054587476
38854,0.021772806
38855,0.06800429
38856,0.07182831
38857,0.25831026
38858,0.065230295
38859,0.019886632
38860,0.05978029
38861,0.12155072
38862,0.14903621
38863,0.046063457
38864,0.06770275
38865,0.017808814
38866,0.00941798
38867,0.0527323
38868,0.55528915
38869,0.0032690938
38870,0.15985167
38871,0.26928145
38872,0.12784146
38873,0.013981056
38874,0.007824118
38875,0.02375023
38876,0.0059268945
38877,0.24000795
38878,0.2282259
38879,0.06754296
38880,0.053365875
38881,0.096155256
38882,0.11959271
38883,0.08743742
38884,0.19371799
38885,0.20081893
38886,0.08388771
38887,0.0104116695
38888,0.12543339
38889,0.05800125
38890,0.27014798
38891,0.841045
38892,0.26042742
38893,0.001035199
38894,0.03353057
38895,0.20760103
38896,0.04422996
38897,0.004073014
38898,0.017371673
38899,0.059185494
38900,0.011874208
38901,0.05205952
38902,0.6100839
38903,0.046856992
38904,0.05707212
38905,0.26588374
38906,0.11352505
38907,0.16715726
38908,0.2664802
38909,0.2374868
38910,0.008413175
38911,0.12608406
38912,0.1643099
38913,0.08832683
38914,0.9874097
38915,0.32169962
38916,0.30859715
38917,0.020769786
38918,0.10084381
38919,0.11369882
38920,0.015015895
38921,0.010244692
38922,0.06652103
38923,0.008498052
38924,0.00917815
38925,0.08720532
38926,0.083518706
38927,0.07051836
38928,0.05976369
38929,0.10611935
38930,0.053406544
38931,0.11307268
38932,0.11756066
38933,0.058803033
38934,0.26056784
38935,0.010035888
38936,0.041352294
38937,0.9925305
38938,0.9823963
38939,0.5160285
38940,0.01125852
38941,0.1245574
38942,0.53708655
38943,0.08017169
38944,0.014546469
38945,0.05720269
38946,0.05758925
38947,0.027182192
38948,0.022526417
38949,0.49918166
38950,0.041747127
38951,0.008097322
38952,0.054789625
38953,0.076212816
38954,0.031469148
38955,0.059360523
38956,0.25775737
38957,0.13076662
38958,0.1576046
38959,0.098078944
38960,0.034785338
38961,0.9918734
38962,0.8791896
38963,0.4194765
38964,0.09127464
38965,0.013076087
38966,0.47476417
38967,0.077876106
38968,0.1821334
38969,0.09368993
38970,0.15203401
38971,0.011019908
38972,0.14050683
38973,0.057868224
38974,0.053580213
38975,0.2975405
38976,0.3670257
38977,0.6805976
38978,0.10281533
38979,0.10188069
38980,0.024155762
38981,0.030177483
38982,0.10090871
38983,0.055583745
38984,0.010094669
38985,0.11481788
38986,0.15900688
38987,0.05978357
38988,0.12831692
38989,0.005138729
38990,0.97515917
38991,0.9880559
38992,0.99342835
38993,0.0063754646
38994,0.104709566
38995,0.15070589
38996,0.0011405941
38997,0.45035163
38998,0.02093258
38999,0.0029515761
39000,0.011225905
39001,0.050305624
39002,0.032603335
39003,0.34668943
39004,0.9915894
39005,0.038670976
39006,0.07820146
39007,0.055871785
39008,0.08095131
39009,0.032608576
39010,0.16890244
39011,0.06979318
39012,0.06486934
39013,0.06803447
39014,0.14978704
39015,0.12834145
39016,0.03449228
39017,0.053245794
39018,0.31884295
39019,0.2900966
39020,0.14338356
39021,0.08363144
39022,0.06365216
39023,0.15336709
39024,0.045240365
39025,0.0018890991
39026,0.012465732
39027,0.019038798
39028,0.046390474
39029,0.1640919
39030,0.3413837
39031,0.16562013
39032,0.09055388
39033,0.16719013
39034,0.14907269
39035,0.09481117
39036,0.7172517
39037,0.04161901
39038,0.014505302
39039,0.0071390695
39040,0.16611952
39041,0.18528238
39042,0.27204958
39043,0.31349704
39044,0.22228232
39045,0.06433214
39046,0.9909304
39047,0.16057965
39048,0.13465682
39049,0.22019236
39050,0.013793813
39051,0.0039268415
39052,0.3519395
39053,0.03689448
39054,0.005588581
39055,0.014843315
39056,0.03960694
39057,0.05324744
39058,0.2120059
39059,0.23315886
39060,0.21083696
39061,0.20198664
39062,0.112287655
39063,0.121699974
39064,0.24923015
39065,0.031410675
39066,0.18008131
39067,0.108248964
39068,0.04580776
39069,0.46833667
39070,0.21144632
39071,0.015072776
39072,0.42972088
39073,0.21944046
39074,0.09045987
39075,0.09763624
39076,0.02929376
39077,0.036102302
39078,0.008942056
39079,0.03922535
39080,0.046768032
39081,0.056387614
39082,0.08866867
39083,0.27115864
39084,0.6816143
39085,0.25099522
39086,0.19830683
39087,0.31464785
39088,0.0812106
39089,0.0022698108
39090,0.058193326
39091,0.04059211
39092,0.10252122
39093,0.2603553
39094,0.052428044
39095,0.080189906
39096,0.056788605
39097,0.16128103
39098,0.0042142123
39099,0.0077826916
39100,0.016614012
39101,0.020022234
39102,0.012050221
39103,0.0071925446
39104,0.006017967
39105,0.012637382
39106,0.048172094
39107,0.00824348
39108,0.25213078
39109,0.154239
39110,0.104642786
39111,0.46108565
39112,0.4772597
39113,0.18998607
39114,0.090427145
39115,0.04508064
39116,0.0016980993
39117,0.05435907
39118,0.11141543
39119,0.044805396
39120,0.9929482
39121,0.067600444
39122,0.015420891
39123,0.058651555
39124,0.097413376
39125,0.1864078
39126,0.010760454
39127,0.011331137
39128,0.0024554257
39129,0.019100403
39130,0.009888697
39131,0.0068288743
39132,0.019756738
39133,0.05946005
39134,0.04830317
39135,0.57869405
39136,0.21922302
39137,0.23441806
39138,0.9890154
39139,0.2573462
39140,0.3513236
39141,0.12710766
39142,0.035503395
39143,0.021129087
39144,0.016110722
39145,0.0077362894
39146,0.015407902
39147,0.06766377
39148,0.35577592
39149,0.17335746
39150,0.27280563
39151,0.009494262
39152,0.1607674
39153,0.13978533
39154,0.11126661
39155,0.084329635
39156,0.068485916
39157,0.016717112
39158,0.009333582
39159,0.0054427786
39160,0.10513554
39161,0.9916046
39162,0.17018047
39163,0.9631718
39164,0.3662337
39165,0.19276883
39166,0.13247825
39167,0.11829088
39168,0.004010255
39169,0.03642229
39170,0.0106421765
39171,0.009861139
39172,0.1187938
39173,0.10654505
39174,0.02102124
39175,0.19124226
39176,0.021382187
39177,0.09203737
39178,0.29801202
39179,0.06063701
39180,0.063252226
39181,0.22505312
39182,0.09806905
39183,0.13106348
39184,0.055280287
39185,0.20284688
39186,0.1564494
39187,0.017344633
39188,0.024339339
39189,0.07533441
39190,0.07563018
39191,0.0036988487
39192,0.07710883
39193,0.0061226957
39194,0.18075447
39195,0.042543523
39196,0.0053773858
39197,0.07080191
39198,0.04473201
39199,0.012885976
39200,0.010246391
39201,0.16957358
39202,0.1884516
39203,0.6906044
39204,0.17845464
39205,0.012204595
39206,0.0161789
39207,0.021260453
39208,0.023035869
39209,0.07077798
39210,0.13316098
39211,0.1476494
39212,0.0049039535
39213,0.062551826
39214,0.0131595405
39215,0.041662283
39216,0.06374265
39217,0.05583893
39218,0.051558025
39219,0.37051445
39220,0.010449223
39221,0.012257588
39222,0.040249772
39223,0.050217886
39224,0.064271726
39225,0.46831316
39226,0.2430915
39227,0.0020624227
39228,0.24816456
39229,0.066586815
39230,0.030204657
39231,0.09971583
39232,0.19990472
39233,0.0049770563
39234,0.27376193
39235,0.0072911503
39236,0.104553804
39237,0.036140256
39238,0.04480177
39239,0.0042365813
39240,0.025825884
39241,0.06420921
39242,0.2657532
39243,0.01907627
39244,0.0030687582
39245,0.008145433
39246,0.04900257
39247,0.06843745
39248,0.20081925
39249,0.047612227
39250,0.20843485
39251,0.054347932
39252,0.04175491
39253,0.0041405344
39254,0.06878415
39255,0.012855423
39256,0.26835388
39257,0.28550416
39258,0.034344826
39259,0.059031792
39260,0.33549157
39261,0.6562737
39262,0.16220725
39263,0.14432691
39264,0.0025081504
39265,0.07116692
39266,0.09526437
39267,0.12788548
39268,0.104164794
39269,0.0989214
39270,0.092343256
39271,0.9904993
39272,0.095261045
39273,0.13383225
39274,0.067993715
39275,0.0019707284
39276,0.12059299
39277,0.4321641
39278,0.054348566
39279,0.18483406
39280,0.017116446
39281,0.18240249
39282,0.0051238784
39283,0.03233131
39284,0.008325416
39285,0.007129269
39286,0.0028725709
39287,0.06379841
39288,0.08640016
39289,0.011883763
39290,0.062748924
39291,0.008846065
39292,0.0014173274
39293,0.24522349
39294,0.042328846
39295,0.064311646
39296,0.0027175108
39297,0.10319626
39298,0.07673545
39299,0.050690223
39300,0.99257815
39301,0.050870467
39302,0.17111126
39303,0.061615176
39304,0.029481018
39305,0.022149583
39306,0.011125962
39307,0.0040068803
39308,0.00507032
39309,0.44384956
39310,0.0026283818
39311,0.0019206728
39312,0.01096953
39313,0.14709696
39314,0.023955207
39315,0.14395013
39316,0.007375599
39317,0.05837226
39318,0.34244698
39319,0.022377238
39320,0.013468722
39321,0.0026251054
39322,0.005371956
39323,0.02400942
39324,0.15717426
39325,0.050565682
39326,0.006060455
39327,0.0055813203
39328,0.05818907
39329,0.19656
39330,0.07235688
39331,0.026205743
39332,0.06559329
39333,0.014168886
39334,0.050564326
39335,0.08021066
39336,0.21877012
39337,0.11025163
39338,0.006726357
39339,0.002631554
39340,0.0072683357
39341,0.009361981
39342,0.0063901595
39343,0.0016891349
39344,0.008223628
39345,0.06427665
39346,0.119083986
39347,0.08964084
39348,0.088396065
39349,0.19430426
39350,0.26605886
39351,0.003682501
39352,0.008149492
39353,0.031641018
39354,0.018531226
39355,0.0059538973
39356,0.0068157003
39357,0.010312414
39358,0.009053743
39359,0.003287442
39360,0.007322111
39361,0.009541219
39362,0.10767813
39363,0.02419219
39364,0.08110313
39365,0.16662523
39366,0.023320982
39367,0.012074745
39368,0.012792173
39369,0.12448664
39370,0.0026237317
39371,0.34050274
39372,0.02553618
39373,0.054772038
39374,0.081953205
39375,0.0077764667
39376,0.08299167
39377,0.034430154
39378,0.0017146583
39379,0.12497606
39380,0.015291931
39381,0.16059525
39382,0.21927035
39383,0.03025201
39384,0.01127688
39385,0.0036858413
39386,0.008349511
39387,0.007145667
39388,0.016505681
39389,0.004814394
39390,0.18566565
39391,0.1537434
39392,0.33876595
39393,0.005320519
39394,0.004621757
39395,0.028608894
39396,0.021882812
39397,0.010209521
39398,0.06476659
39399,0.02614895
39400,0.3292684
39401,0.2531982
39402,0.026859084
39403,0.13198872
39404,0.0075988844
39405,0.009392602
39406,0.049927503
39407,0.019146005
39408,0.052549787
39409,0.0050738673
39410,0.022518987
39411,0.030370599
39412,0.006693463
39413,0.06953046
39414,0.01300324
39415,0.06990509
39416,0.0073970333
39417,0.043455474
39418,0.061447106
39419,0.22901087
39420,0.0127158
39421,0.16572787
39422,0.051531296
39423,0.20825306
39424,0.2693872
39425,0.021543544
39426,0.04322531
39427,0.1948407
39428,0.11200215
39429,0.25160176
39430,0.12182899
39431,0.13992923
39432,0.047142524
39433,0.0052168868
39434,0.010955282
39435,0.008889359
39436,0.20574586
39437,0.033368163
39438,0.9360962
39439,0.10169456
39440,0.045184933
39441,0.21030717
39442,0.1125329
39443,0.0084931515
39444,0.0073474087
39445,0.13063756
39446,0.14666986
39447,0.5825161
39448,0.49571997
39449,0.054748602
39450,0.07706605
39451,0.20208833
39452,0.22487053
39453,0.0071287365
39454,0.06375171
39455,0.019172614
39456,0.06369424
39457,0.1674793
39458,0.28201956
39459,0.12236621
39460,0.21963947
39461,0.6332679
39462,0.17149302
39463,0.013608773
39464,0.42170534
39465,0.1252527
39466,0.14923576
39467,0.02299286
39468,0.0070971744
39469,0.04250098
39470,0.13376608
39471,0.09190355
39472,0.10508484
39473,0.16794002
39474,0.18772821
39475,0.24169004
39476,0.05292355
39477,0.041841324
39478,0.08734797
39479,0.06129275
39480,0.068249
39481,0.032150853
39482,0.04946219
39483,0.020844894
39484,0.13569729
39485,0.24514727
39486,0.36971542
39487,0.015965758
39488,0.011040562
39489,0.43805066
39490,0.11188668
39491,0.14524761
39492,0.3645051
39493,0.38039926
39494,0.0061427415
39495,0.066257946
39496,0.1122576
39497,0.005421768
39498,0.017086197
39499,0.058547847
39500,0.02022366
39501,0.10804398
39502,0.4117723
39503,0.36503163
39504,0.011643528
39505,0.030692112
39506,0.116811894
39507,0.13050303
39508,0.35115203
39509,0.0040748306
39510,0.22006269
39511,0.049594514
39512,0.27554923
39513,0.49105674
39514,0.14645837
39515,0.0062463395
39516,0.05026853
39517,0.006060605
39518,0.08637458
39519,0.011777325
39520,0.012890379
39521,0.1330055
39522,0.13602486
39523,0.09056121
39524,0.15000515
39525,0.04897648
39526,0.026671682
39527,0.032311283
39528,0.02492902
39529,0.016461387
39530,0.18135898
39531,0.07440653
39532,0.07768558
39533,0.004193195
39534,0.07206763
39535,0.04655406
39536,0.011675628
39537,0.022139598
39538,0.06679525
39539,0.066351384
39540,0.06291081
39541,0.45232517
39542,0.41266432
39543,0.035420116
39544,0.0038732223
39545,0.084741235
39546,0.017080475
39547,0.01448449
39548,0.08944521
39549,0.0038440428
39550,0.26812258
39551,0.0593274
39552,0.053041957
39553,0.045306016
39554,0.007992598
39555,0.03149485
39556,0.060996234
39557,0.1479446
39558,0.15658261
39559,0.14580682
39560,0.045171358
39561,0.04350686
39562,0.043236136
39563,0.05375151
39564,0.07229092
39565,0.00945434
39566,0.32021803
39567,0.03645158
39568,0.42458248
39569,0.06556919
39570,0.002552648
39571,0.08269072
39572,0.048795287
39573,0.051989235
39574,0.008400284
39575,0.031975754
39576,0.004630236
39577,0.01058803
39578,0.03979288
39579,0.03840358
39580,0.10970682
39581,0.027508479
39582,0.069782205
39583,0.046939902
39584,0.09662973
39585,0.1780524
39586,0.3174221
39587,0.061986744
39588,0.12100686
39589,0.018152824
39590,0.008742239
39591,0.15346941
39592,0.1102937
39593,0.041117076
39594,0.04077087
39595,0.10504508
39596,0.016646372
39597,0.010136644
39598,0.004827506
39599,0.15724094
39600,0.008621648
39601,0.032702316
39602,0.009319631
39603,0.047660496
39604,0.014552544
39605,0.058481585
39606,0.062216133
39607,0.0820022
39608,0.054736216
39609,0.1744659
39610,0.14891477
39611,0.21060038
39612,0.014411916
39613,0.08541848
39614,0.0035301563
39615,0.049462356
39616,0.06124314
39617,0.053917993
39618,0.0023445184
39619,0.002583603
39620,0.049616545
39621,0.012480017
39622,0.009472136
39623,0.042264774
39624,0.05906113
39625,0.08518113
39626,0.055625744
39627,0.32163286
39628,0.08996026
39629,0.0978119
39630,0.5500042
39631,0.0954072
39632,0.07076589
39633,0.083103344
39634,0.07247267
39635,0.06892486
39636,0.09366498
39637,0.029778758
39638,0.022133902
39639,0.24513836
39640,0.04813868
39641,0.0364844
39642,0.05590858
39643,0.07327151
39644,0.010439968
39645,0.010385921
39646,0.0953892
39647,0.58974046
39648,0.113760054
39649,0.011814665
39650,0.04408269
39651,0.9479518
39652,0.0887334
39653,0.012047102
39654,0.071577825
39655,0.054779004
39656,0.21384232
39657,0.37533116
39658,0.06564946
39659,0.02408904
39660,0.034689892
39661,0.064674154
39662,0.06732237
39663,0.19811313
39664,0.06567224
39665,0.0834258
39666,0.010820797
39667,0.020611126
39668,0.023214543
39669,0.06464688
39670,0.05730914
39671,0.011178843
39672,0.08021906
39673,0.09348911
39674,0.27998224
39675,0.064649895
39676,0.024050713
39677,0.068457834
39678,0.13389096
39679,0.21218479
39680,0.071330115
39681,0.032170422
39682,0.014297431
39683,0.06228463
39684,0.56297857
39685,0.0031379317
39686,0.18263431
39687,0.3314245
39688,0.08672531
39689,0.029320542
39690,0.008077496
39691,0.022811696
39692,0.015956132
39693,0.2723794
39694,0.22081824
39695,0.04846493
39696,0.068244345
39697,0.10816356
39698,0.08307786
39699,0.098872766
39700,0.17541781
39701,0.2518751
39702,0.11130357
39703,0.02993539
39704,0.13585173
39705,0.048368353
39706,0.23778367
39707,0.7422436
39708,0.031592704
39709,0.28071213
39710,0.009593714
39711,0.21181731
39712,0.0020698092
39713,0.020361822
39714,0.07027891
39715,0.012616093
39716,0.04300027
39717,0.5314689
39718,0.049736287
39719,0.07564409
39720,0.23573816
39721,0.12008359
39722,0.16459224
39723,0.2443758
39724,0.24310331
39725,0.0017106716
39726,0.1302043
39727,0.08949798
39728,0.055181205
39729,0.9854908
39730,0.40249223
39731,0.3494025
39732,0.02660441
39733,0.15500833
39734,0.06578721
39735,0.01274805
39736,0.001556292
39737,0.012367834
39738,0.048710518
39739,0.008760971
39740,0.03721152
39741,0.11423981
39742,0.099194825
39743,0.02804951
39744,0.06501219
39745,0.09296875
39746,0.059940375
39747,0.09304134
39748,0.092276916
39749,0.06857643
39750,0.21164826
39751,0.009524903
39752,0.05629783
39753,0.9919194
39754,0.9870366
39755,0.582067
39756,0.005564655
39757,0.0039145243
39758,0.12518176
39759,0.5242253
39760,0.1054465
39761,0.007497405
39762,0.07342997
39763,0.05493793
39764,0.014916572
39765,0.46243316
39766,0.05658716
39767,0.043528624
39768,0.085181974
39769,0.048939403
39770,0.05798441
39771,0.038787477
39772,0.30562562
39773,0.10928621
39774,0.11323023
39775,0.08063186
39776,0.05771333
39777,0.991686
39778,0.9218038
39779,0.4286465
39780,0.048754543
39781,0.024258945
39782,0.008300899
39783,0.4775969
39784,0.043129526
39785,0.20939401
39786,0.08308144
39787,0.15643312
39788,0.009826952
39789,0.1274303
39790,0.06393782
39791,0.090394124
39792,0.27446762
39793,0.42823905
39794,0.62842786
39795,0.13856171
39796,0.09682645
39797,0.05073329
39798,0.029698517
39799,0.049236212
39800,0.06786257
39801,0.03638262
39802,0.04584896
39803,0.10160756
39804,0.15233424
39805,0.1496993
39806,0.027480144
39807,0.9557244
39808,0.98795444
39809,0.9929816
39810,0.060280453
39811,0.17402163
39812,0.013157487
39813,0.4354052
39814,0.020942654
39815,0.0119432695
39816,0.029054156
39817,0.011984907
39818,0.03819149
39819,0.06323542
39820,0.33674097
39821,0.99216956
39822,0.023903728
39823,0.06305015
39824,0.05178664
39825,0.087358534
39826,0.05291272
39827,0.09975362
39828,0.07794898
39829,0.03500041
39830,0.105033144
39831,0.06766541
39832,0.1184683
39833,0.2997678
39834,0.23356755
39835,0.13495071
39836,0.028020263
39837,0.059477646
39838,0.029667009
39839,0.16577114
39840,0.034885008
39841,0.0067093773
39842,0.024539825
39843,0.0014035328
39844,0.0033986554
39845,0.029708749
39846,0.026651507
39847,0.20250115
39848,0.37337536
39849,0.12098895
39850,0.1219825
39851,0.14030656
39852,0.13496445
39853,0.10920982
39854,0.8598172
39855,0.05323304
39856,0.010947404
39857,0.19033258
39858,0.11536113
39859,0.22812779
39860,0.3656904
39861,0.19360244
39862,0.0529338
39863,0.9912081
39864,0.09676536
39865,0.010885214
39866,0.12808232
39867,0.164776
39868,0.009165111
39869,0.4991216
39870,0.009038713
39871,0.0058002337
39872,0.013884005
39873,0.034766562
39874,0.05129198
39875,0.21154122
39876,0.25434762
39877,0.211592
39878,0.18800457
39879,0.09197724
39880,0.13385734
39881,0.2571656
39882,0.0039764005
39883,0.12671001
39884,0.13420704
39885,0.07875674
39886,0.42098698
39887,0.26741785
39888,0.42296296
39889,0.27075514
39890,0.06832561
39891,0.07550063
39892,0.10073884
39893,0.008706575
39894,0.009969622
39895,0.008728085
39896,0.04824584
39897,0.039799318
39898,0.055926718
39899,0.13078728
39900,0.3252266
39901,0.6996977
39902,0.23826373
39903,0.17503445
39904,0.36238813
39905,0.073578246
39906,0.08717447
39907,0.046882957
39908,0.12072104
39909,0.3266356
39910,0.055164307
39911,0.02790605
39912,0.05729595
39913,0.13685575
39914,0.04141327
39915,0.021402657
39916,0.017816436
39917,0.009153682
39918,0.009659232
39919,0.013606099
39920,0.020136153
39921,0.05460435
39922,0.21101546
39923,0.11891192
39924,0.07961212
39925,0.43458134
39926,0.44307098
39927,0.22177947
39928,0.12717786
39929,0.061775524
39930,0.023196325
39931,0.0632568
39932,0.12379204
39933,0.06204326
39934,0.99281216
39935,0.040412344
39936,0.0026992871
39937,0.07627629
39938,0.09887247
39939,0.18059322
39940,0.07819193
39941,0.0539742
39942,0.011169472
39943,0.015495235
39944,0.0050004567
39945,0.006296683
39946,0.00726862
39947,0.068044424
39948,0.07060782
39949,0.62814724
39950,0.23188612
39951,0.24331193
39952,0.9887743
39953,0.27280957
39954,0.40156212
39955,0.14884026
39956,0.0031270697
39957,0.02172013
39958,0.003354982
39959,0.052607227
39960,0.0015341971
39961,0.069105916
39962,0.32698748
39963,0.12852792
39964,0.25621295
39965,0.031354584
39966,0.13544104
39967,0.102520004
39968,0.12976246
39969,0.14226791
39970,0.06500398
39971,0.018172234
39972,0.012777629
39973,0.08915843
39974,0.99136436
39975,0.19807662
39976,0.98231107
39977,0.38755733
39978,0.17957315
39979,0.11410055
39980,0.111666426
39981,0.041627843
39982,0.031993896
39983,0.018062044
39984,0.065278746
39985,0.03306744
39986,0.20718066
39987,0.0381048
39988,0.083470054
39989,0.27347976
39990,0.044106245
39991,0.06553195
39992,0.17778596
39993,0.013611321
39994,0.08748974
39995,0.110202774
39996,0.03809258
39997,0.1906431
39998,0.016463209
39999,0.16005477
40000,0.08987831
40001,0.018492999
40002,0.08689021
40003,0.08126316
40004,0.067427
40005,0.0063522654
40006,0.1587362
40007,0.013002271
40008,0.03351366
40009,0.078016795
40010,0.036328554
40011,0.046732932
40012,0.013729933
40013,0.18668556
40014,0.21065506
40015,0.7189807
40016,0.19794995
40017,0.021407146
40018,0.016480144
40019,0.032779045
40020,0.08228837
40021,0.07617096
40022,0.16872999
40023,0.011427505
40024,0.06828453
40025,0.014001807
40026,0.06791857
40027,0.057692714
40028,0.3704378
40029,0.010794619
40030,0.013378027
40031,0.017082797
40032,0.0477261
40033,0.03531715
40034,0.4449944
40035,0.29346266
40036,0.1958544
40037,0.02904583
40038,0.010297729
40039,0.085734606
40040,0.21909733
40041,0.0067831054
40042,0.23098019
40043,0.0035410603
40044,0.0071881986
40045,0.10581112
40046,0.041311853
40047,0.04038686
40048,0.004007857
40049,0.045059778
40050,0.3528959
40051,0.02623893
40052,0.0036095001
40053,0.004881519
40054,0.0368181
40055,0.058669735
40056,0.29160747
40057,0.017073367
40058,0.18473198
40059,0.07065226
40060,0.044365205
40061,0.011883693
40062,0.011126234
40063,0.039570414
40064,0.0039789374
40065,0.30995992
40066,0.22106943
40067,0.013772339
40068,0.05085841
40069,0.03335423
40070,0.008398918
40071,0.35729563
40072,0.77289253
40073,0.1392834
40074,0.16080537
40075,0.0019768935
40076,0.084576644
40077,0.12771985
40078,0.08388772
40079,0.110059105
40080,0.07956414
40081,0.10740224
40082,0.99056166
40083,0.15969113
40084,0.10128744
40085,0.04321453
40086,0.015455249
40087,0.06186868
40088,0.14766063
40089,0.3269367
40090,0.08328138
40091,0.21389075
40092,0.033742517
40093,0.15728965
40094,0.00839184
40095,0.055527918
40096,0.010229478
40097,0.006506115
40098,0.0109554455
40099,0.059245188
40100,0.063182905
40101,0.0030125002
40102,0.0038412989
40103,0.11260478
40104,0.0038223832
40105,0.21367991
40106,0.06625719
40107,0.03944751
40108,0.027629727
40109,0.05238048
40110,0.115715005
40111,0.077493116
40112,0.0155458525
40113,0.007178965
40114,0.99221027
40115,0.11584097
40116,0.06083104
40117,0.026042804
40118,0.056051023
40119,0.012256833
40120,0.35991043
40121,0.0016355829
40122,0.0059657246
40123,0.00601865
40124,0.007254623
40125,0.1815201
40126,0.1109849
40127,0.27535057
40128,0.006713805
40129,0.00285086
40130,0.007062449
40131,0.0075188465
40132,0.034371775
40133,0.115155086
40134,0.02241392
40135,0.005163213
40136,0.011768685
40137,0.016660612
40138,0.16630445
40139,0.06089917
40140,0.08237697
40141,0.0069603957
40142,0.00902351
40143,0.074049294
40144,0.112751186
40145,0.086327404
40146,0.1939769
40147,0.0013994453
40148,0.00586317
40149,0.0075647705
40150,0.0029391428
40151,0.010731047
40152,0.024625193
40153,0.0083108805
40154,0.008392368
40155,0.004911556
40156,0.09570654
40157,0.09634434
40158,0.048277356
40159,0.0027636285
40160,0.10822936
40161,0.30675533
40162,0.0070705465
40163,0.003955393
40164,0.014322964
40165,0.0064553483
40166,0.012226926
40167,0.004647305
40168,0.007988301
40169,0.05615493
40170,0.011780426
40171,0.021433769
40172,0.1376866
40173,0.0061303573
40174,0.005747225
40175,0.0017158849
40176,0.0060187024
40177,0.011407051
40178,0.13354488
40179,0.3539415
40180,0.026584258
40181,0.028578844
40182,0.040346883
40183,0.042397708
40184,0.020979166
40185,0.0059501445
40186,0.110055126
40187,0.013706544
40188,0.115810834
40189,0.17336546
40190,0.011259557
40191,0.010443689
40192,0.0109367175
40193,0.046943232
40194,0.009943458
40195,0.008373198
40196,0.04792148
40197,0.004839069
40198,0.17367141
40199,0.104357384
40200,0.27543136
40201,0.005546906
40202,0.010612167
40203,0.01740448
40204,0.0018062867
40205,0.021230966
40206,0.008441004
40207,0.0939747
40208,0.33649597
40209,0.22013159
40210,0.104622796
40211,0.01491338
40212,0.054020844
40213,0.021300085
40214,0.044409584
40215,0.017439546
40216,0.017643526
40217,0.051350128
40218,0.00396473
40219,0.0053732665
40220,0.041547205
40221,0.0057376376
40222,0.088959895
40223,0.0038352706
40224,0.028584208
40225,0.051554244
40226,0.048430245
40227,0.03250213
40228,0.17584853
40229,0.054502416
40230,0.052408367
40231,0.18547936
40232,0.19484757
40233,0.04621099
40234,0.19815235
40235,0.23737764
40236,0.09763082
40237,0.07680984
40238,0.04886938
40239,0.013926755
40240,0.012099229
40241,0.009312545
40242,0.117152736
40243,0.8009222
40244,0.119344905
40245,0.05359887
40246,0.14419825
40247,0.13296495
40248,0.027857354
40249,0.012754937
40250,0.009023528
40251,0.17488989
40252,0.11762117
40253,0.5283737
40254,0.4057537
40255,0.04044787
40256,0.042296883
40257,0.106488325
40258,0.24842954
40259,0.061993428
40260,0.041246586
40261,0.22160605
40262,0.039683625
40263,0.18605411
40264,0.11044979
40265,0.3509308
40266,0.60281247
40267,0.20152445
40268,0.01418606
40269,0.48774147
40270,0.05125494
40271,0.10392139
40272,0.05202522
40273,0.034288116
40274,0.1494877
40275,0.073482975
40276,0.12378826
40277,0.16714025
40278,0.019090632
40279,0.123229966
40280,0.25956386
40281,0.058865983
40282,0.03720334
40283,0.10170444
40284,0.006929693
40285,0.03097305
40286,0.109039806
40287,0.24992208
40288,0.35439137
40289,0.03446392
40290,0.26576972
40291,0.22366998
40292,0.21640894
40293,0.32480338
40294,0.3796199
40295,0.0065276725
40296,0.126181
40297,0.103633046
40298,0.017919842
40299,0.04840157
40300,0.0076789656
40301,0.027649183
40302,0.062071383
40303,0.10365015
40304,0.114831924
40305,0.37992874
40306,0.3648991
40307,0.035144977
40308,0.09362068
40309,0.037700616
40310,0.33134633
40311,0.056117337
40312,0.096515104
40313,0.012370719
40314,0.052042317
40315,0.2034863
40316,0.53494155
40317,0.16351923
40318,0.0015367892
40319,0.0026122474
40320,0.07743917
40321,0.050680965
40322,0.011922221
40323,0.14160998
40324,0.19537488
40325,0.102478124
40326,0.12936743
40327,0.068624094
40328,0.043538876
40329,0.045657933
40330,0.00911291
40331,0.20434284
40332,0.08691724
40333,0.076179996
40334,0.0073791654
40335,0.07169633
40336,0.02885603
40337,0.003988822
40338,0.05063548
40339,0.003359691
40340,0.053489465
40341,0.09340323
40342,0.525383
40343,0.38198334
40344,0.040498625
40345,0.05290692
40346,0.031582013
40347,0.035677306
40348,0.06798601
40349,0.012826281
40350,0.08370364
40351,0.013376313
40352,0.240871
40353,0.035503935
40354,0.050189264
40355,0.02641986
40356,0.054412257
40357,0.042346988
40358,0.15349348
40359,0.17569514
40360,0.12894814
40361,0.062051356
40362,0.044187658
40363,0.038897894
40364,0.038049486
40365,0.03815952
40366,0.2979207
40367,0.06418048
40368,0.43862018
40369,0.07101902
40370,0.08356482
40371,0.01849196
40372,0.032990783
40373,0.03503589
40374,0.09164028
40375,0.0895605
40376,0.07106229
40377,0.06345296
40378,0.15970466
40379,0.32188314
40380,0.09149309
40381,0.03300704
40382,0.08748021
40383,0.0037685535
40384,0.1672848
40385,0.018203406
40386,0.08084438
40387,0.013586353
40388,0.081803285
40389,0.008674599
40390,0.0031925724
40391,0.032355376
40392,0.0022036291
40393,0.19669458
40394,0.0010474641
40395,0.04210531
40396,0.022395456
40397,0.03784291
40398,0.022242105
40399,0.06859495
40400,0.07866152
40401,0.079692505
40402,0.056874074
40403,0.22099331
40404,0.12891552
40405,0.2579877
40406,0.012786994
40407,0.095298946
40408,0.059633028
40409,0.031295493
40410,0.045642994
40411,0.009355808
40412,0.040745996
40413,0.02892512
40414,0.021955967
40415,0.05475176
40416,0.015017698
40417,0.04103834
40418,0.06566466
40419,0.05159213
40420,0.3006526
40421,0.07534725
40422,0.1151851
40423,0.5320233
40424,0.08254509
40425,0.08796642
40426,0.06808515
40427,0.090389974
40428,0.064967826
40429,0.10674602
40430,0.038827136
40431,0.003935761
40432,0.25369966
40433,0.10486595
40434,0.031996895
40435,0.066013835
40436,0.042080894
40437,0.0060262643
40438,0.07182593
40439,0.44361562
40440,0.09194305
40441,0.04121568
40442,0.06388483
40443,0.97957087
40444,0.06403421
40445,0.0032606553
40446,0.08293547
40447,0.07895525
40448,0.16844912
40449,0.33955088
40450,0.058238126
40451,0.034858804
40452,0.040965676
40453,0.020292874
40454,0.062143672
40455,0.15797198
40456,0.048203178
40457,0.06708531
40458,0.06609983
40459,0.041080836
40460,0.015433112
40461,0.0050913887
40462,0.011308322
40463,0.06756171
40464,0.061796796
40465,0.027968546
40466,0.12878923
40467,0.1010375
40468,0.2886607
40469,0.07418511
40470,0.013064663
40471,0.06287927
40472,0.1612106
40473,0.19665083
40474,0.07844545
40475,0.05876983
40476,0.013470727
40477,0.05322062
40478,0.48879537
40479,0.01272815
40480,0.19967313
40481,0.40493995
40482,0.100832105
40483,0.02592012
40484,0.04371925
40485,0.23083241
40486,0.19724591
40487,0.05993057
40488,0.06750905
40489,0.12109943
40490,0.094152436
40491,0.10001598
40492,0.13882539
40493,0.27071866
40494,0.037382383
40495,0.023689065
40496,0.12777847
40497,0.029467344
40498,0.16438894
40499,0.8535622
40500,0.046339296
40501,0.22183923
40502,0.012036143
40503,0.018936886
40504,0.1827011
40505,0.051245116
40506,0.0352807
40507,0.0038311444
40508,0.028137768
40509,0.5647304
40510,0.048373736
40511,0.08661918
40512,0.21964383
40513,0.09012829
40514,0.2006515
40515,0.2750297
40516,0.2351129
40517,0.023329543
40518,0.14868544
40519,0.08465259
40520,0.0653183
40521,0.9764384
40522,0.31609815
40523,0.38151306
40524,0.008249481
40525,0.20776048
40526,0.0074613737
40527,0.06643087
40528,0.011601749
40529,0.01444197
40530,0.03585603
40531,0.013989272
40532,0.09582381
40533,0.08111114
40534,0.06829499
40535,0.057955634
40536,0.082978226
40537,0.047425263
40538,0.09243685
40539,0.09633889
40540,0.025100416
40541,0.1087818
40542,0.21579275
40543,0.012737723
40544,0.9921316
40545,0.98768365
40546,0.669051
40547,0.03037568
40548,0.17889492
40549,0.43027204
40550,0.1411469
40551,0.054127663
40552,0.007878603
40553,0.046365846
40554,0.04567254
40555,0.042986006
40556,0.007388017
40557,0.4517804
40558,0.045096725
40559,0.024149422
40560,0.08336186
40561,0.057181366
40562,0.051108725
40563,0.008452233
40564,0.22273155
40565,0.061840016
40566,0.19295803
40567,0.07482546
40568,0.1117604
40569,0.9916887
40570,0.95209265
40571,0.42376128
40572,0.041823365
40573,0.023783293
40574,0.008514301
40575,0.53815806
40576,0.051600803
40577,0.28068095
40578,0.05302596
40579,0.14197075
40580,0.1221519
40581,0.08614274
40582,0.08763866
40583,0.25698882
40584,0.39349788
40585,0.7073375
40586,0.11899157
40587,0.119959496
40588,0.028120855
40589,0.051074125
40590,0.05911799
40591,0.075067475
40592,0.03493731
40593,0.029227698
40594,0.116649225
40595,0.12554064
40596,0.042481877
40597,0.055938743
40598,0.026602333
40599,0.9751997
40600,0.9872139
40601,0.9909175
40602,0.06211059
40603,0.11505159
40604,0.012473282
40605,0.40575033
40606,0.017291885
40607,0.0074917213
40608,0.0042074546
40609,0.042076662
40610,0.056689136
40611,0.3165651
40612,0.9921042
40613,0.025169501
40614,0.05814939
40615,0.03298525
40616,0.101363994
40617,0.0374405
40618,0.1024317
40619,0.058964353
40620,0.047477975
40621,0.10550575
40622,0.05174815
40623,0.08886891
40624,0.0109606385
40625,0.27493522
40626,0.18890388
40627,0.12456243
40628,0.021688208
40629,0.019265186
40630,0.01493644
40631,0.024101576
40632,0.1118256
40633,0.010401745
40634,0.010893809
40635,0.047570884
40636,0.002150125
40637,0.011152621
40638,0.045223694
40639,0.056476634
40640,0.1660132
40641,0.39069015
40642,0.1057186
40643,0.114908434
40644,0.13120782
40645,0.11653183
40646,0.112873055
40647,0.80629253
40648,0.063484095
40649,0.021719651
40650,0.041957773
40651,0.19905455
40652,0.1234069
40653,0.23377159
40654,0.36612076
40655,0.16227598
40656,0.10590706
40657,0.99063003
40658,0.16359547
40659,0.010057353
40660,0.09017121
40661,0.18380687
40662,0.0024584427
40663,0.0036230397
40664,0.6103901
40665,0.009941424
40666,0.006438756
40667,0.0070957085
40668,0.045414407
40669,0.100392304
40670,0.23484261
40671,0.22054756
40672,0.19256142
40673,0.1824642
40674,0.10048063
40675,0.10977554
40676,0.22635803
40677,0.10441573
40678,0.12170333
40679,0.05440431
40680,0.50481474
40681,0.2472002
40682,0.016094761
40683,0.31404012
40684,0.29046917
40685,0.06832555
40686,0.083039306
40687,0.069660515
40688,0.045661494
40689,0.01060248
40690,0.014715192
40691,0.050552618
40692,0.06472833
40693,0.08520541
40694,0.09037489
40695,0.32888642
40696,0.71102524
40697,0.1748141
40698,0.21785095
40699,0.36668092
40700,0.10006239
40701,0.01813354
40702,0.05207947
40703,0.07920957
40704,0.14983459
40705,0.25093397
40706,0.06589343
40707,0.004982212
40708,0.014068173
40709,0.14558464
40710,0.0031580385
40711,0.013706975
40712,0.0166993
40713,0.00320408
40714,0.011824054
40715,0.009188363
40716,0.009079961
40717,0.0072487085
40718,0.015875893
40719,0.008855116
40720,0.06052633
40721,0.20776406
40722,0.11012737
40723,0.17516068
40724,0.45076424
40725,0.43202704
40726,0.2295278
40727,0.13853697
40728,0.06201151
40729,0.012581678
40730,0.052204303
40731,0.07428073
40732,0.992476
40733,0.043965966
40734,0.034632497
40735,0.052450217
40736,0.030540656
40737,0.15982956
40738,0.067701705
40739,0.027276069
40740,0.014010424
40741,0.032110322
40742,0.008953187
40743,0.05518975
40744,0.06314485
40745,0.49538437
40746,0.26246116
40747,0.24142607
40748,0.9882938
40749,0.21482816
40750,0.32106817
40751,0.17507413
40752,0.036407325
40753,0.004594405
40754,0.017193252
40755,0.03293842
40756,0.07667915
40757,0.3379931
40758,0.14256635
40759,0.21902947
40760,0.015368352
40761,0.11173071
40762,0.0825217
40763,0.11179735
40764,0.14884716
40765,0.079928
40766,0.016558358
40767,0.0073663043
40768,0.08698411
40769,0.9912527
40770,0.19211347
40771,0.97797096
40772,0.43176922
40773,0.12887785
40774,0.099366605
40775,0.07325251
40776,0.024316598
40777,0.012468307
40778,0.082204595
40779,0.009451704
40780,0.02282148
40781,0.08243392
40782,0.06821392
40783,0.039199643
40784,0.1329119
40785,0.014717686
40786,0.034517296
40787,0.23983037
40788,0.018771663
40789,0.05919408
40790,0.20925932
40791,0.0022812462
40792,0.006925001
40793,0.07963429
40794,0.12213238
40795,0.07245864
40796,0.1936259
40797,0.13093767
40798,0.050177634
40799,0.050347924
40800,0.0786834
40801,0.0871094
40802,0.079108335
40803,0.0082585495
40804,0.0730532
40805,0.0063329986
40806,0.104078375
40807,0.014246583
40808,0.064201966
40809,0.038894124
40810,0.0159621
40811,0.013757169
40812,0.14580068
40813,0.23660088
40814,0.84482825
40815,0.26410112
40816,0.0015837975
40817,0.08611002
40818,0.030504208
40819,0.06865717
40820,0.10687135
40821,0.0026175354
40822,0.028769065
40823,0.01209655
40824,0.009368387
40825,0.015312785
40826,0.078375794
40827,0.049710132
40828,0.2884239
40829,0.011677302
40830,0.013180221
40831,0.0087472405
40832,0.055830605
40833,0.076073244
40834,0.39640206
40835,0.32732314
40836,0.0011569354
40837,0.22359169
40838,0.0070162653
40839,0.009101771
40840,0.064619906
40841,0.20049182
40842,0.032640558
40843,0.18430182
40844,0.0021357404
40845,0.102568015
40846,0.053945463
40847,0.0322756
40848,0.018426973
40849,0.006683854
40850,0.06103457
40851,0.33381885
40852,0.015252268
40853,0.0077717146
40854,0.010655904
40855,0.034372654
40856,0.043768417
40857,0.23849022
40858,0.057060145
40859,0.17235632
40860,0.06314354
40861,0.01659559
40862,0.04288163
40863,0.018350493
40864,0.2971902
40865,0.12246605
40866,0.17654546
40867,0.006695494
40868,0.022523822
40869,0.03845629
40870,0.008212847
40871,0.43120694
40872,0.9123613
40873,0.10626012
40874,0.15160385
40875,0.003787158
40876,0.10061792
40877,0.08670575
40878,0.082814015
40879,0.10427487
40880,0.07865953
40881,0.11715484
40882,0.98981875
40883,0.1147344
40884,0.010762714
40885,0.0724238
40886,0.053411912
40887,0.0032117437
40888,0.040876843
40889,0.11901965
40890,0.3382817
40891,0.005872544
40892,0.253545
40893,0.19442163
40894,0.028378263
40895,0.061176628
40896,0.0056470265
40897,0.058040064
40898,0.059110902
40899,0.10094732
40900,0.014164358
40901,0.06565756
40902,0.00097465114
40903,0.22189602
40904,0.055510063
40905,0.063808225
40906,0.022844713
40907,0.034125365
40908,0.041279577
40909,0.081341304
40910,0.015308517
40911,0.005233742
40912,0.9919777
40913,0.09014826
40914,0.06336465
40915,0.05944529
40916,0.031451926
40917,0.04223863
40918,0.005906499
40919,0.015339379
40920,0.01290119
40921,0.2900049
40922,0.0019714925
40923,0.0059786155
40924,0.0076668905
40925,0.20593493
40926,0.005548506
40927,0.108746804
40928,0.053800046
40929,0.044915803
40930,0.24049039
40931,0.0033479582
40932,0.023840412
40933,0.012335348
40934,0.0046014613
40935,0.01851564
40936,0.15078188
40937,0.04458793
40938,0.0067779883
40939,0.008399222
40940,0.038458437
40941,0.109329045
40942,0.069266915
40943,0.037556536
40944,0.014131373
40945,0.0088369185
40946,0.06591848
40947,0.008403553
40948,0.078603
40949,0.13794479
40950,0.16810751
40951,0.002538188
40952,0.013307525
40953,0.06076442
40954,0.040182855
40955,0.08337983
40956,0.018244006
40957,0.14757605
40958,0.30689925
40959,0.012399882
40960,0.0015882688
40961,0.007486199
40962,0.023913402
40963,0.052135658
40964,0.02927227
40965,0.042419035
40966,0.01134477
40967,0.03577619
40968,0.109286584
40969,0.026581515
40970,0.016773786
40971,0.004027648
40972,0.009104808
40973,0.050812345
40974,0.36174825
40975,0.053199362
40976,0.0052326163
40977,0.055091012
40978,0.028080294
40979,0.0074370196
40980,0.005365492
40981,0.115887366
40982,0.003119684
40983,0.12629214
40984,0.0055235224
40985,0.15894985
40986,0.010675089
40987,0.06388901
40988,0.0036309094
40989,0.0065461705
40990,0.017130893
40991,0.16024314
40992,0.11017223
40993,0.20246688
40994,0.0065487074
40995,0.032667704
40996,0.02589612
40997,0.049252313
40998,0.33828378
40999,0.23521933
41000,0.08746342
41001,0.053788077
41002,0.022671133
41003,0.049523227
41004,0.052867927
41005,0.029427748
41006,0.05239267
41007,0.053586304
41008,0.16765107
41009,0.056583475
41010,0.018235657
41011,0.26470774
41012,0.14316458
41013,0.015095623
41014,0.044576187
41015,0.12287346
41016,0.23084192
41017,0.09997765
41018,0.071049646
41019,0.033406008
41020,0.007927052
41021,0.12825981
41022,0.032177158
41023,0.71046484
41024,0.13495249
41025,0.13877004
41026,0.123873815
41027,0.0076004574
41028,0.044626184
41029,0.011137603
41030,0.021914147
41031,0.32539767
41032,0.40115228
41033,0.043150354
41034,0.08449744
41035,0.008970536
41036,0.14294964
41037,0.23679192
41038,0.0048788576
41039,0.006780956
41040,0.017277125
41041,0.09625552
41042,0.16968295
41043,0.11063273
41044,0.17256927
41045,0.32355747
41046,0.1857676
41047,0.35749185
41048,0.07245984
41049,0.079231344
41050,0.009125186
41051,0.04663649
41052,0.12386534
41053,0.07668592
41054,0.086431414
41055,0.038396142
41056,0.018341366
41057,0.012145713
41058,0.044717904
41059,0.17730397
41060,0.067645766
41061,0.041404836
41062,0.11632011
41063,0.03897675
41064,0.01979329
41065,0.026528096
41066,0.2557047
41067,0.2931362
41068,0.052012913
41069,0.012186406
41070,0.1916677
41071,0.16483465
41072,0.13393274
41073,0.11227389
41074,0.3282264
41075,0.08886321
41076,0.055192012
41077,0.08275666
41078,0.0075843087
41079,0.025668645
41080,0.092478655
41081,0.17392191
41082,0.37029582
41083,0.008063619
41084,0.053836454
41085,0.06568291
41086,0.020682115
41087,0.042975895
41088,0.28239366
41089,0.044099685
41090,0.063634895
41091,0.04617333
41092,0.123032466
41093,0.41762143
41094,0.17641422
41095,0.0160047
41096,0.01555142
41097,0.049764253
41098,0.1121246
41099,0.1211383
41100,0.17346346
41101,0.15434325
41102,0.1353498
41103,0.024144938
41104,0.071215376
41105,0.05325501
41106,0.049568027
41107,0.029167404
41108,0.1829312
41109,0.09214888
41110,0.08714166
41111,0.0023902182
41112,0.050662618
41113,0.036878068
41114,0.042014726
41115,0.051669948
41116,0.002759615
41117,0.024713237
41118,0.022362208
41119,0.06672116
41120,0.6536109
41121,0.40584618
41122,0.020584602
41123,0.008100147
41124,0.09509091
41125,0.049491186
41126,0.0023437669
41127,0.07882823
41128,0.01002471
41129,0.035027884
41130,0.25723854
41131,0.0033111013
41132,0.048611883
41133,0.054138802
41134,0.036874313
41135,0.054671146
41136,0.09850985
41137,0.19309738
41138,0.12407796
41139,0.044095688
41140,0.01622558
41141,0.009950871
41142,0.05591604
41143,0.01838906
41144,0.3790556
41145,0.03272562
41146,0.39785913
41147,0.114166
41148,0.039969556
41149,0.014402424
41150,0.041721508
41151,0.061289616
41152,0.012306089
41153,0.016999971
41154,0.07434865
41155,0.047143556
41156,0.0772319
41157,0.07105948
41158,0.08751316
41159,0.1058623
41160,0.29849598
41161,0.11022931
41162,0.023869885
41163,0.091716155
41164,0.03271852
41165,0.006328079
41166,0.19382915
41167,0.018381432
41168,0.07518969
41169,0.04166381
41170,0.051296823
41171,0.0037383265
41172,0.043006618
41173,0.01132373
41174,0.17557624
41175,0.05726881
41176,0.006777526
41177,0.005609368
41178,0.027051294
41179,0.060113274
41180,0.06951113
41181,0.08895091
41182,0.07223102
41183,0.20770633
41184,0.0914119
41185,0.20505735
41186,0.014092237
41187,0.108016685
41188,0.030721586
41189,0.024807628
41190,0.056805722
41191,0.0035204217
41192,0.036733687
41193,0.0053191753
41194,0.06925175
41195,0.006493227
41196,0.07732821
41197,0.0074388906
41198,0.058487963
41199,0.057944886
41200,0.1710664
41201,0.043638974
41202,0.102453575
41203,0.6942032
41204,0.06857215
41205,0.07450865
41206,0.06656889
41207,0.06585507
41208,0.054255266
41209,0.093151264
41210,0.05782014
41211,0.008591095
41212,0.2386243
41213,0.04734873
41214,0.033754855
41215,0.079656735
41216,0.052078765
41217,0.0018795698
41218,0.051648546
41219,0.47213975
41220,0.082187906
41221,0.032702234
41222,0.08125071
41223,0.9857372
41224,0.08004618
41225,0.012448661
41226,0.05669251
41227,0.041950263
41228,0.17086925
41229,0.3278647
41230,0.072407626
41231,0.037981562
41232,0.059230305
41233,0.07009546
41234,0.11979862
41235,0.100701585
41236,0.0671139
41237,0.13949238
41238,0.017852249
41239,0.007405651
41240,0.028089631
41241,0.04192489
41242,0.08762507
41243,0.052764975
41244,0.044517733
41245,0.09484353
41246,0.14781779
41247,0.3285514
41248,0.08069908
41249,0.013010832
41250,0.0663143
41251,0.12941484
41252,0.23327656
41253,0.058346737
41254,0.060708236
41255,0.012441425
41256,0.025140608
41257,0.5198601
41258,0.14616434
41259,0.43007487
41260,0.06849487
41261,0.0013593581
41262,0.0072904914
41263,0.051916562
41264,0.03209219
41265,0.21051216
41266,0.18658772
41267,0.040631436
41268,0.08667779
41269,0.14377803
41270,0.09925942
41271,0.08933
41272,0.1821132
41273,0.22325861
41274,0.06995859
41275,0.032006852
41276,0.1272834
41277,0.02350111
41278,0.13563688
41279,0.7896974
41280,0.030580293
41281,0.27143878
41282,0.014825036
41283,0.15672858
41284,0.009623775
41285,0.06549187
41286,0.05126676
41287,0.0019690045
41288,0.023431342
41289,0.5198791
41290,0.04600575
41291,0.066010594
41292,0.24435012
41293,0.11713648
41294,0.15013297
41295,0.27830428
41296,0.23064199
41297,0.02231549
41298,0.15501007
41299,0.12625
41300,0.05932774
41301,0.9834105
41302,0.34311503
41303,0.37927967
41304,0.048952572
41305,0.22420049
41306,0.060257275
41307,0.0026968203
41308,0.010584066
41309,0.07855712
41310,0.06937798
41311,0.024874393
41312,0.03701483
41313,0.06312433
41314,0.05532533
41315,0.101499125
41316,0.10466858
41317,0.024956537
41318,0.038049392
41319,0.18006779
41320,0.0092836935
41321,0.089802116
41322,0.9921956
41323,0.984542
41324,0.62359357
41325,0.12032954
41326,0.469954
41327,0.1498212
41328,0.050156355
41329,0.04276073
41330,0.050759356
41331,0.046490688
41332,0.007204601
41333,0.38233584
41334,0.02081607
41335,0.043998875
41336,0.09169288
41337,0.038764056
41338,0.0048244186
41339,0.012988597
41340,0.20007877
41341,0.058778405
41342,0.01943419
41343,0.118169524
41344,0.104165174
41345,0.05538552
41346,0.99193746
41347,0.9467538
41348,0.5492548
41349,0.046579104
41350,0.022397885
41351,0.008068936
41352,0.5687354
41353,0.039480723
41354,0.342583
41355,0.063063875
41356,0.12245355
41357,0.007269939
41358,0.06669752
41359,0.076084
41360,0.08946361
41361,0.19674692
41362,0.39155263
41363,0.68703115
41364,0.12798783
41365,0.12012233
41366,0.035921134
41367,0.012925161
41368,0.06006983
41369,0.07008628
41370,0.053095955
41371,0.019170484
41372,0.1332039
41373,0.13577215
41374,0.0056439578
41375,0.11068513
41376,0.025606802
41377,0.9840021
41378,0.9883997
41379,0.98240393
41380,0.070192374
41381,0.088088214
41382,0.51459455
41383,0.018983703
41384,0.013363725
41385,0.014828359
41386,0.05147495
41387,0.036494415
41388,0.32101312
41389,0.992046
41390,0.03210924
41391,0.051254235
41392,0.03630478
41393,0.08868253
41394,0.05804543
41395,0.11085445
41396,0.05944348
41397,0.05138328
41398,0.061219446
41399,0.124071404
41400,0.16088548
41401,0.035007153
41402,0.2520842
41403,0.2757751
41404,0.088112876
41405,0.049183298
41406,0.010315481
41407,0.043664448
41408,0.12888359
41409,0.015842404
41410,0.010034289
41411,0.014780846
41412,0.011967942
41413,0.008731143
41414,0.028396104
41415,0.063272975
41416,0.1722503
41417,0.48407856
41418,0.102993414
41419,0.12317816
41420,0.11238422
41421,0.101900354
41422,0.113261595
41423,0.60057503
41424,0.06178596
41425,0.03045629
41426,0.09051104
41427,0.1391516
41428,0.25886935
41429,0.4874336
41430,0.16154273
41431,0.0894691
41432,0.9907867
41433,0.18103467
41434,0.010787094
41435,0.12420442
41436,0.21012163
41437,0.0044639166
41438,0.040857535
41439,0.75259364
41440,0.045121484
41441,0.007925387
41442,0.009421663
41443,0.010175023
41444,0.10990937
41445,0.20871639
41446,0.1915797
41447,0.19827305
41448,0.1560333
41449,0.076582514
41450,0.12381699
41451,0.26112026
41452,0.029723197
41453,0.16576806
41454,0.059797086
41455,0.004872769
41456,0.6388493
41457,0.24794798
41458,0.0057503106
41459,0.3195464
41460,0.3486217
41461,0.057492185
41462,0.08610989
41463,0.14597054
41464,0.010748532
41465,0.008020282
41466,0.03242507
41467,0.064934865
41468,0.08206056
41469,0.075496346
41470,0.2549493
41471,0.6447388
41472,0.26643848
41473,0.18411389
41474,0.36676264
41475,0.089279786
41476,0.0034517362
41477,0.083191946
41478,0.11226852
41479,0.13134803
41480,0.22614884
41481,0.059779674
41482,0.040238194
41483,0.011900343
41484,0.09621075
41485,0.038215466
41486,0.009411052
41487,0.0032740855
41488,0.0048862784
41489,0.0041012447
41490,0.011535844
41491,0.0029204362
41492,0.009490795
41493,0.006696251
41494,0.016417736
41495,0.008815331
41496,0.051416703
41497,0.1960644
41498,0.13588972
41499,0.15169762
41500,0.45561647
41501,0.39573708
41502,0.21675889
41503,0.1437168
41504,0.06492976
41505,0.06046324
41506,0.006167864
41507,0.048637487
41508,0.99290955
41509,0.045730244
41510,0.049782526
41511,0.02743051
41512,0.16631569
41513,0.03902294
41514,0.014040912
41515,0.006211024
41516,0.007783687
41517,0.014608331
41518,0.031906284
41519,0.0636977
41520,0.5383309
41521,0.26258242
41522,0.23411122
41523,0.98717004
41524,0.2294296
41525,0.38617188
41526,0.16889647
41527,0.038663357
41528,0.039380066
41529,0.002575716
41530,0.0075415806
41531,0.044685192
41532,0.041377835
41533,0.3566578
41534,0.03904543
41535,0.30858317
41536,0.020583149
41537,0.16203178
41538,0.1435202
41539,0.09621127
41540,0.14325082
41541,0.07462491
41542,0.007618822
41543,0.08486857
41544,0.99063176
41545,0.20001736
41546,0.93458426
41547,0.37278694
41548,0.17451651
41549,0.0802777
41550,0.059965502
41551,0.028390061
41552,0.004937692
41553,0.009210525
41554,0.022011444
41555,0.059223436
41556,0.09846987
41557,0.047532015
41558,0.171312
41559,0.047307134
41560,0.3303153
41561,0.048179515
41562,0.009510241
41563,0.06359116
41564,0.25010118
41565,0.008952816
41566,0.00691635
41567,0.15676679
41568,0.1221195
41569,0.067955434
41570,0.2163939
41571,0.10685329
41572,0.09439747
41573,0.017702255
41574,0.051914178
41575,0.10948732
41576,0.045490026
41577,0.008227794
41578,0.082810745
41579,0.0065230085
41580,0.03962337
41581,0.04348262
41582,0.056750603
41583,0.027748981
41584,0.016954914
41585,0.009024443
41586,0.05016174
41587,0.16564205
41588,0.22712278
41589,0.9222309
41590,0.2944958
41591,0.014192829
41592,0.003524953
41593,0.0022090336
41594,0.01133623
41595,0.046571337
41596,0.11980405
41597,0.0104373675
41598,0.028392691
41599,0.0019177964
41600,0.009116823
41601,0.009009068
41602,0.07354985
41603,0.05108214
41604,0.2666002
41605,0.010634256
41606,0.012028264
41607,0.0067208232
41608,0.054328017
41609,0.05804097
41610,0.4380738
41611,0.34340772
41612,0.00184942
41613,0.24033265
41614,0.022076974
41615,0.007845107
41616,0.059217803
41617,0.1661801
41618,0.053162586
41619,0.22247508
41620,0.008181903
41621,0.033102542
41622,0.006025176
41623,0.079570465
41624,0.047083765
41625,0.0115397815
41626,0.017758109
41627,0.016860325
41628,0.03319455
41629,0.35402632
41630,0.05256491
41631,0.0110986745
41632,0.0017586149
41633,0.021065567
41634,0.07938434
41635,0.28476095
41636,0.05794438
41637,0.15515402
41638,0.049605973
41639,0.0019142295
41640,0.061414488
41641,0.049930863
41642,0.018064186
41643,0.3436046
41644,0.1945713
41645,0.012513073
41646,0.026052445
41647,0.027834034
41648,0.0019447027
41649,0.46504688
41650,0.88559216
41651,0.11578418
41652,0.20745496
41653,0.014834781
41654,0.10022242
41655,0.029898267
41656,0.094639264
41657,0.0584713
41658,0.0878156
41659,0.1771725
41660,0.99011976
41661,0.041041005
41662,0.005885368
41663,0.042762555
41664,0.07698302
41665,0.33910063
41666,0.012010669
41667,0.263192
41668,0.23979378
41669,0.011483322
41670,0.058907963
41671,0.005799725
41672,0.027881214
41673,0.05363686
41674,0.12980202
41675,0.023671184
41676,0.06604764
41677,0.017962437
41678,0.26265925
41679,0.07975137
41680,0.0770355
41681,0.008455262
41682,0.003165632
41683,0.061383557
41684,0.0683669
41685,0.012917727
41686,0.99211866
41687,0.016812615
41688,0.14034095
41689,0.0357705
41690,0.042783238
41691,0.0286879
41692,0.011573793
41693,0.0054854183
41694,0.012054263
41695,0.22403786
41696,0.01637279
41697,0.0038180153
41698,0.21171312
41699,0.07544518
41700,0.034096725
41701,0.058729135
41702,0.27137464
41703,0.002466031
41704,0.03078236
41705,0.28399524
41706,0.048270315
41707,0.0089709405
41708,0.0022198956
41709,0.07169683
41710,0.16220966
41711,0.0064641736
41712,0.077038206
41713,0.020652369
41714,0.025706043
41715,0.12108503
41716,0.16977471
41717,0.0062683625
41718,0.008745983
41719,0.003112324
41720,0.006437099
41721,0.011366825
41722,0.0017541094
41723,0.0052075386
41724,0.020595154
41725,0.042566948
41726,0.013608234
41727,0.0879396
41728,0.1717256
41729,0.2680543
41730,0.012103898
41731,0.013291471
41732,0.0019664848
41733,0.0023894485
41734,0.011317219
41735,0.012507642
41736,0.0063658333
41737,0.007708737
41738,0.007232018
41739,0.029643992
41740,0.0070661977
41741,0.017162638
41742,0.006555885
41743,0.10371415
41744,0.031567205
41745,0.019536206
41746,0.076455794
41747,0.0019255651
41748,0.47559103
41749,0.066129066
41750,0.030195272
41751,0.07483561
41752,0.0189388
41753,0.012046056
41754,0.050239492
41755,0.0036705069
41756,0.15254144
41757,0.15674122
41758,0.009348219
41759,0.008030701
41760,0.0017952488
41761,0.031337604
41762,0.0053187385
41763,0.014821254
41764,0.011988165
41765,0.13513173
41766,0.07677826
41767,0.022456035
41768,0.26423576
41769,0.010168549
41770,0.015931662
41771,0.020106005
41772,0.03668451
41773,0.31298503
41774,0.15833983
41775,0.002926231
41776,0.09022333
41777,0.010138014
